pair,n_decisive,n_in_next,n_persist,persist_rate,high_rbo_persist_rate,low_rbo_persist_rate,fisher_p
111->112,1897,996,354,0.3554,0.3411,0.3619,0.71964
112->113,1882,853,244,0.286,0.3603,0.2,0.00021
113->114,1592,790,255,0.3228,0.3596,0.2872,0.07161
114->115,2090,794,255,0.3212,0.3654,0.2562,0.0129
115->116,1494,467,150,0.3212,0.3667,0.172,0.00078
116->117,966,399,144,0.3609,0.422,0.3226,0.09518
