source,target,weight,affil_norm
3M,ABBVIE,2,0.0008952551477170994
3M,AECOM,6,0.0026857654431512983
3M,AIR PRODUCTS & CHEMICALS,4,0.0017905102954341987
3M,ALASKA AIR GROUP,1,0.0004476275738585497
3M,AMAZON,2,0.0008952551477170994
3M,AMEREN,3,0.0013428827215756492
3M,AMERICAN AIRLINES GROUP,1,0.0004476275738585497
3M,AMERICAN ELECTRIC POWER,1,0.0004476275738585497
3M,AMGEN,1,0.0004476275738585497
3M,APPLIED MATERIALS,2,0.0008952551477170994
3M,ARAMARK,1,0.0004476275738585497
3M,BALL,6,0.0026857654431512983
3M,BECTON DICKINSON,3,0.0013428827215756492
3M,BERKSHIRE HATHAWAY,6,0.0026857654431512983
3M,BIOGEN,1,0.0004476275738585497
3M,BLACKSTONE GROUP,3,0.0013428827215756492
3M,BOEING,6,0.0026857654431512983
3M,BOSTON SCIENTIFIC,2,0.0008952551477170994
3M,BRISTOL-MYERS SQUIBB,2,0.0008952551477170994
3M,CARDINAL HEALTH,2,0.0008952551477170994
3M,CATERPILLAR,5,0.0022381378692927483
3M,CENTENE,5,0.0022381378692927483
3M,CHEMOURS,3,0.0013428827215756492
3M,CHEVRON,3,0.0013428827215756492
3M,CHS,1,0.0004476275738585497
3M,CIGNA,1,0.0004476275738585497
3M,CISCO SYSTEMS,1,0.0004476275738585497
3M,CMS ENERGY,5,0.0022381378692927483
3M,COCA-COLA,1,0.0004476275738585497
3M,COGNIZANT TECHNOLOGY SOLUTIONS,2,0.0008952551477170994
3M,CONOCOPHILLIPS,1,0.0004476275738585497
3M,CONSOLIDATED EDISON,1,0.0004476275738585497
3M,CORNING,9,0.0040286481647269475
3M,CSX,1,0.0004476275738585497
3M,CUMMINS,11,0.004923903312444047
3M,CVS HEALTH,3,0.0013428827215756492
3M,DAVITA,1,0.0004476275738585497
3M,DELL TECHNOLOGIES,4,0.0017905102954341987
3M,DELTA AIR LINES,10,0.004476275738585497
3M,DTE ENERGY,5,0.0022381378692927483
3M,DUKE ENERGY,8,0.0035810205908683975
3M,DUPONT DE NEMOURS,7,0.003133393017009848
3M,ECOLAB,5,0.0022381378692927483
3M,EDISON INTERNATIONAL,1,0.0004476275738585497
3M,ELI LILLY,1,0.0004476275738585497
3M,ENERGY TRANSFER,2,0.0008952551477170994
3M,ENTERGY,5,0.0022381378692927483
3M,EVERSOURCE ENERGY,2,0.0008952551477170994
3M,EXELON,6,0.0026857654431512983
3M,EXXONMOBIL,7,0.003133393017009848
3M,FACEBOOK,2,0.0008952551477170994
3M,FEDEX,1,0.0004476275738585497
3M,FIRSTENERGY,3,0.0013428827215756492
3M,FLUOR,4,0.0017905102954341987
3M,FORD,1,0.0004476275738585497
3M,GENERAL DYNAMICS,5,0.0022381378692927483
3M,GENERAL ELECTRIC,10,0.004476275738585497
3M,GENERAL MOTORS,2,0.0008952551477170994
3M,GILEAD SCIENCES,2,0.0008952551477170994
3M,GOODYEAR TIRE & RUBBER,1,0.0004476275738585497
3M,GRAPHIC PACKAGING HOLDING,2,0.0008952551477170994
3M,GUARDIAN LIFE INS. CO. OF AMERICA,1,0.0004476275738585497
3M,HCA HEALTHCARE,1,0.0004476275738585497
3M,HEWLETT PACKARD ENTERPRISE,2,0.0008952551477170994
3M,HOLLYFRONTIER,4,0.0017905102954341987
3M,HOME DEPOT,1,0.0004476275738585497
3M,HONEYWELL INTERNATIONAL,4,0.0017905102954341987
3M,HUMANA,1,0.0004476275738585497
3M,HUNTSMAN,3,0.0013428827215756492
3M,IBM,7,0.003133393017009848
3M,ILLINOIS TOOL WORKS,1,0.0004476275738585497
3M,INTERNATIONAL PAPER,1,0.0004476275738585497
3M,JACOBS ENGINEERING GROUP,2,0.0008952551477170994
3M,JETBLUE AIRWAYS,1,0.0004476275738585497
3M,JOHNSON & JOHNSON,1,0.0004476275738585497
3M,LABORATORY CORP. OF AMERICA,2,0.0008952551477170994
3M,LEIDOS HOLDINGS,7,0.003133393017009848
3M,LIBERTY MUTUAL INSURANCE GROUP,2,0.0008952551477170994
3M,LOCKHEED MARTIN,6,0.0026857654431512983
3M,MAGELLAN HEALTH,2,0.0008952551477170994
3M,MCKESSON,1,0.0004476275738585497
3M,MERCK,1,0.0004476275738585497
3M,MICRON TECHNOLOGY,5,0.0022381378692927483
3M,MICROSOFT,1,0.0004476275738585497
3M,MOLINA HEALTHCARE,1,0.0004476275738585497
3M,MOTOROLA SOLUTIONS,3,0.0013428827215756492
3M,MUTUAL OF OMAHA INSURANCE,1,0.0004476275738585497
3M,NATIONWIDE,1,0.0004476275738585497
3M,NAVISTAR INTERNATIONAL,1,0.0004476275738585497
3M,NORTHROP GRUMMAN,7,0.003133393017009848
3M,ORACLE,4,0.0017905102954341987
3M,OSHKOSH,2,0.0008952551477170994
3M,OWENS CORNING,1,0.0004476275738585497
3M,PG&E,3,0.0013428827215756492
3M,PHILLIPS 66,7,0.003133393017009848
3M,POLARIS INC,2,0.0008952551477170994
3M,PPG INDUSTRIES,9,0.0040286481647269475
3M,PPL,3,0.0013428827215756492
3M,PUBLIC SERVICE ENTERPRISE GROUP,4,0.0017905102954341987
3M,RAYTHEON,5,0.0022381378692927483
3M,SOUTHERN,3,0.0013428827215756492
3M,SOUTHWEST AIRLINES,1,0.0004476275738585497
3M,STANLEY BLACK & DECKER,1,0.0004476275738585497
3M,TESLA,1,0.0004476275738585497
3M,TEXAS INSTRUMENTS,1,0.0004476275738585497
3M,TEXTRON,2,0.0008952551477170994
3M,THERMO FISHER SCIENTIFIC,1,0.0004476275738585497
3M,UNION PACIFIC,5,0.0022381378692927483
3M,UNITED AIRLINES HOLDINGS,1,0.0004476275738585497
3M,UNITED TECHNOLOGIES,6,0.0026857654431512983
3M,USAA,1,0.0004476275738585497
3M,VALERO ENERGY,1,0.0004476275738585497
3M,WALMART,2,0.0008952551477170994
3M,WESTROCK,2,0.0008952551477170994
3M,WEYERHAEUSER,2,0.0008952551477170994
3M,XCEL ENERGY,4,0.0017905102954341987
3M,ZIMMER BIOMET HOLDINGS,1,0.0004476275738585497
ABBOTT LABORATORIES,AIG,1,0.0004476275738585497
ABBOTT LABORATORIES,ALLSTATE,1,0.0004476275738585497
ABBOTT LABORATORIES,BECTON DICKINSON,1,0.0004476275738585497
ABBOTT LABORATORIES,CHS,1,0.0004476275738585497
ABBOTT LABORATORIES,DANAHER,1,0.0004476275738585497
ABBOTT LABORATORIES,GENERAL ELECTRIC,1,0.0004476275738585497
ABBOTT LABORATORIES,JOHNSON & JOHNSON,5,0.0022381378692927483
ABBOTT LABORATORIES,LABORATORY CORP. OF AMERICA,1,0.0004476275738585497
ABBOTT LABORATORIES,NATIONWIDE,1,0.0004476275738585497
ABBOTT LABORATORIES,QUEST DIAGNOSTICS,1,0.0004476275738585497
ABBOTT LABORATORIES,RAYTHEON,1,0.0004476275738585497
ABBVIE,AIR PRODUCTS & CHEMICALS,1,0.0004476275738585497
ABBVIE,AMAZON,1,0.0004476275738585497
ABBVIE,AMEREN,1,0.0004476275738585497
ABBVIE,AMERISOURCEBERGEN,1,0.0004476275738585497
ABBVIE,AMGEN,19,0.008504923903312443
ABBVIE,APPLIED MATERIALS,1,0.0004476275738585497
ABBVIE,BALL,1,0.0004476275738585497
ABBVIE,BECTON DICKINSON,1,0.0004476275738585497
ABBVIE,BERKSHIRE HATHAWAY,1,0.0004476275738585497
ABBVIE,BEST BUY,1,0.0004476275738585497
ABBVIE,BIOGEN,10,0.004476275738585497
ABBVIE,BLACKSTONE GROUP,1,0.0004476275738585497
ABBVIE,BOEING,3,0.0013428827215756492
ABBVIE,BORGWARNER,1,0.0004476275738585497
ABBVIE,BRISTOL-MYERS SQUIBB,26,0.011638316920322292
ABBVIE,CATERPILLAR,3,0.0013428827215756492
ABBVIE,CBS,1,0.0004476275738585497
ABBVIE,CENTENE,5,0.0022381378692927483
ABBVIE,CHEVRON,1,0.0004476275738585497
ABBVIE,CHS,1,0.0004476275738585497
ABBVIE,CIGNA,8,0.0035810205908683975
ABBVIE,CITIGROUP,1,0.0004476275738585497
ABBVIE,CMS ENERGY,1,0.0004476275738585497
ABBVIE,CONSOLIDATED EDISON,1,0.0004476275738585497
ABBVIE,CORNING,1,0.0004476275738585497
ABBVIE,COSTCO,1,0.0004476275738585497
ABBVIE,CVS HEALTH,11,0.004923903312444047
ABBVIE,DAVITA,1,0.0004476275738585497
ABBVIE,DEERE,1,0.0004476275738585497
ABBVIE,DELL TECHNOLOGIES,1,0.0004476275738585497
ABBVIE,DELTA AIR LINES,1,0.0004476275738585497
ABBVIE,DTE ENERGY,1,0.0004476275738585497
ABBVIE,DUKE ENERGY,1,0.0004476275738585497
ABBVIE,ELI LILLY,3,0.0013428827215756492
ABBVIE,ENTERGY,2,0.0008952551477170994
ABBVIE,EVERSOURCE ENERGY,1,0.0004476275738585497
ABBVIE,EXELON,1,0.0004476275738585497
ABBVIE,EXXONMOBIL,1,0.0004476275738585497
ABBVIE,FACEBOOK,1,0.0004476275738585497
ABBVIE,FIFTH THIRD BANCORP,1,0.0004476275738585497
ABBVIE,FLUOR,1,0.0004476275738585497
ABBVIE,GENERAL DYNAMICS,1,0.0004476275738585497
ABBVIE,GENERAL ELECTRIC,4,0.0017905102954341987
ABBVIE,GENERAL MOTORS,1,0.0004476275738585497
ABBVIE,GENWORTH FINANCIAL,1,0.0004476275738585497
ABBVIE,GILEAD SCIENCES,9,0.0040286481647269475
ABBVIE,GOLDMAN SACHS GROUP,1,0.0004476275738585497
ABBVIE,GRAPHIC PACKAGING HOLDING,1,0.0004476275738585497
ABBVIE,GUARDIAN LIFE INS. CO. OF AMERICA,3,0.0013428827215756492
ABBVIE,HARTFORD FINANCIAL SERVICES,1,0.0004476275738585497
ABBVIE,HCA HEALTHCARE,1,0.0004476275738585497
ABBVIE,HOLLYFRONTIER,1,0.0004476275738585497
ABBVIE,HONEYWELL INTERNATIONAL,1,0.0004476275738585497
ABBVIE,HUMANA,7,0.003133393017009848
ABBVIE,HUNTSMAN,2,0.0008952551477170994
ABBVIE,IBM,3,0.0013428827215756492
ABBVIE,INTERNATIONAL PAPER,1,0.0004476275738585497
ABBVIE,JOHNSON & JOHNSON,8,0.0035810205908683975
ABBVIE,LABORATORY CORP. OF AMERICA,1,0.0004476275738585497
ABBVIE,LEIDOS HOLDINGS,1,0.0004476275738585497
ABBVIE,LOCKHEED MARTIN,1,0.0004476275738585497
ABBVIE,MAGELLAN HEALTH,5,0.0022381378692927483
ABBVIE,MASSACHUSETTS MUTUAL LIFE INSURANCE,1,0.0004476275738585497
ABBVIE,MCKESSON,1,0.0004476275738585497
ABBVIE,MERCK,9,0.0040286481647269475
ABBVIE,METLIFE,1,0.0004476275738585497
ABBVIE,MICRON TECHNOLOGY,1,0.0004476275738585497
ABBVIE,MICROSOFT,1,0.0004476275738585497
ABBVIE,MOLINA HEALTHCARE,1,0.0004476275738585497
ABBVIE,MUTUAL OF OMAHA INSURANCE,4,0.0017905102954341987
ABBVIE,NATIONWIDE,1,0.0004476275738585497
ABBVIE,NAVISTAR INTERNATIONAL,1,0.0004476275738585497
ABBVIE,NEXTERA ENERGY,1,0.0004476275738585497
ABBVIE,NORTHROP GRUMMAN,1,0.0004476275738585497
ABBVIE,ORACLE,2,0.0008952551477170994
ABBVIE,OWENS-ILLINOIS,1,0.0004476275738585497
ABBVIE,PEPSICO,1,0.0004476275738585497
ABBVIE,PG&E,1,0.0004476275738585497
ABBVIE,PPG INDUSTRIES,3,0.0013428827215756492
ABBVIE,PPL,1,0.0004476275738585497
ABBVIE,PRUDENTIAL FINANCIAL,1,0.0004476275738585497
ABBVIE,RAYTHEON,1,0.0004476275738585497
ABBVIE,REGENERON PHARMACEUTICALS,2,0.0008952551477170994
ABBVIE,RITE AID,3,0.0013428827215756492
ABBVIE,S&P GLOBAL,1,0.0004476275738585497
ABBVIE,THERMO FISHER SCIENTIFIC,2,0.0008952551477170994
ABBVIE,UNION PACIFIC,2,0.0008952551477170994
ABBVIE,W.R. BERKLEY,1,0.0004476275738585497
ABBVIE,WALGREENS BOOTS ALLIANCE,2,0.0008952551477170994
ABBVIE,WALMART,3,0.0013428827215756492
ABBVIE,WESCO INTERNATIONAL,1,0.0004476275738585497
ABBVIE,WESTERN UNION,1,0.0004476275738585497
ABBVIE,WESTROCK,1,0.0004476275738585497
ABBVIE,XCEL ENERGY,1,0.0004476275738585497
ABM INDUSTRIES,AECOM,3,0.0013428827215756492
ABM INDUSTRIES,AMEREN,2,0.0008952551477170994
ABM INDUSTRIES,AMERICAN ELECTRIC POWER,2,0.0008952551477170994
ABM INDUSTRIES,AT&T,1,0.0004476275738585497
ABM INDUSTRIES,BERKSHIRE HATHAWAY,3,0.0013428827215756492
ABM INDUSTRIES,CALPINE,3,0.0013428827215756492
ABM INDUSTRIES,CENTERPOINT ENERGY,3,0.0013428827215756492
ABM INDUSTRIES,CHARTER COMMUNICATIONS,1,0.0004476275738585497
ABM INDUSTRIES,CHEMOURS,1,0.0004476275738585497
ABM INDUSTRIES,CHEVRON,2,0.0008952551477170994
ABM INDUSTRIES,CMS ENERGY,4,0.0017905102954341987
ABM INDUSTRIES,CONOCOPHILLIPS,1,0.0004476275738585497
ABM INDUSTRIES,CORNING,1,0.0004476275738585497
ABM INDUSTRIES,CUMMINS,1,0.0004476275738585497
ABM INDUSTRIES,DELL TECHNOLOGIES,1,0.0004476275738585497
ABM INDUSTRIES,DTE ENERGY,3,0.0013428827215756492
ABM INDUSTRIES,DUKE ENERGY,2,0.0008952551477170994
ABM INDUSTRIES,DUPONT DE NEMOURS,2,0.0008952551477170994
ABM INDUSTRIES,ECOLAB,1,0.0004476275738585497
ABM INDUSTRIES,ENTERGY,3,0.0013428827215756492
ABM INDUSTRIES,EXELON,2,0.0008952551477170994
ABM INDUSTRIES,EXXONMOBIL,2,0.0008952551477170994
ABM INDUSTRIES,FIRSTENERGY,3,0.0013428827215756492
ABM INDUSTRIES,FLUOR,1,0.0004476275738585497
ABM INDUSTRIES,GENERAL ELECTRIC,1,0.0004476275738585497
ABM INDUSTRIES,GENERAL MOTORS,2,0.0008952551477170994
ABM INDUSTRIES,HOLLYFRONTIER,1,0.0004476275738585497
ABM INDUSTRIES,HONEYWELL INTERNATIONAL,5,0.0022381378692927483
ABM INDUSTRIES,INTEL,2,0.0008952551477170994
ABM INDUSTRIES,LOCKHEED MARTIN,1,0.0004476275738585497
ABM INDUSTRIES,MICROSOFT,2,0.0008952551477170994
ABM INDUSTRIES,MOTOROLA SOLUTIONS,1,0.0004476275738585497
ABM INDUSTRIES,PEABODY ENERGY,1,0.0004476275738585497
ABM INDUSTRIES,PG&E,3,0.0013428827215756492
ABM INDUSTRIES,PPL,2,0.0008952551477170994
ABM INDUSTRIES,PUBLIC SERVICE ENTERPRISE GROUP,2,0.0008952551477170994
ABM INDUSTRIES,RAYTHEON,2,0.0008952551477170994
ABM INDUSTRIES,UNITED TECHNOLOGIES,2,0.0008952551477170994
ABM INDUSTRIES,VERIZON,1,0.0004476275738585497
ABM INDUSTRIES,WEC ENERGY GROUP,2,0.0008952551477170994
ABM INDUSTRIES,WHIRLPOOL,1,0.0004476275738585497
ABM INDUSTRIES,XCEL ENERGY,3,0.0013428827215756492
ADOBE,FACEBOOK,1,0.0004476275738585497
ADOBE,IBM,1,0.0004476275738585497
ADP,BEST BUY,2,0.0008952551477170994
ADP,CVS HEALTH,2,0.0008952551477170994
ADP,HOME DEPOT,2,0.0008952551477170994
ADP,MCDONALD'S,2,0.0008952551477170994
ADVANCED MICRO DEVICES,AMAZON,2,0.0008952551477170994
ADVANCED MICRO DEVICES,APPLIED MATERIALS,2,0.0008952551477170994
ADVANCED MICRO DEVICES,CHEMOURS,1,0.0004476275738585497
ADVANCED MICRO DEVICES,CISCO SYSTEMS,1,0.0004476275738585497
ADVANCED MICRO DEVICES,CORNING,2,0.0008952551477170994
ADVANCED MICRO DEVICES,DUPONT DE NEMOURS,1,0.0004476275738585497
ADVANCED MICRO DEVICES,HEWLETT PACKARD ENTERPRISE,1,0.0004476275738585497
ADVANCED MICRO DEVICES,HONEYWELL INTERNATIONAL,1,0.0004476275738585497
ADVANCED MICRO DEVICES,HP,1,0.0004476275738585497
ADVANCED MICRO DEVICES,IBM,2,0.0008952551477170994
ADVANCED MICRO DEVICES,INTEL,2,0.0008952551477170994
ADVANCED MICRO DEVICES,MICRON TECHNOLOGY,2,0.0008952551477170994
ADVANCED MICRO DEVICES,QUALCOMM,1,0.0004476275738585497
ADVANCED MICRO DEVICES,TEXAS INSTRUMENTS,2,0.0008952551477170994
ADVANCED MICRO DEVICES,WESTERN DIGITAL,2,0.0008952551477170994
AECOM,AES,2,0.0008952551477170994
AECOM,AIR PRODUCTS & CHEMICALS,3,0.0013428827215756492
AECOM,ALASKA AIR GROUP,6,0.0026857654431512983
AECOM,AMAZON,4,0.0017905102954341987
AECOM,AMEREN,2,0.0008952551477170994
AECOM,AMERICAN AIRLINES GROUP,6,0.0026857654431512983
AECOM,AMERICAN FAMILY INSURANCE GROUP,2,0.0008952551477170994
AECOM,AMERIPRISE FINANCIAL,1,0.0004476275738585497
AECOM,AMGEN,1,0.0004476275738585497
AECOM,APPLIED MATERIALS,1,0.0004476275738585497
AECOM,ARAMARK,1,0.0004476275738585497
AECOM,AT&T,1,0.0004476275738585497
AECOM,BALL,4,0.0017905102954341987
AECOM,BERKSHIRE HATHAWAY,8,0.0035810205908683975
AECOM,BOEING,2,0.0008952551477170994
AECOM,BRISTOL-MYERS SQUIBB,1,0.0004476275738585497
AECOM,CATERPILLAR,1,0.0004476275738585497
AECOM,CENTENE,3,0.0013428827215756492
AECOM,CHEMOURS,2,0.0008952551477170994
AECOM,CHEVRON,2,0.0008952551477170994
AECOM,CHS,1,0.0004476275738585497
AECOM,CISCO SYSTEMS,1,0.0004476275738585497
AECOM,CMS ENERGY,3,0.0013428827215756492
AECOM,COGNIZANT TECHNOLOGY SOLUTIONS,3,0.0013428827215756492
AECOM,CONOCOPHILLIPS,2,0.0008952551477170994
AECOM,CORNING,3,0.0013428827215756492
AECOM,CSX,3,0.0013428827215756492
AECOM,CUMMINS,9,0.0040286481647269475
AECOM,DELL TECHNOLOGIES,1,0.0004476275738585497
AECOM,DELTA AIR LINES,13,0.005819158460161146
AECOM,DTE ENERGY,3,0.0013428827215756492
AECOM,DUKE ENERGY,6,0.0026857654431512983
AECOM,ECOLAB,1,0.0004476275738585497
AECOM,EDISON INTERNATIONAL,2,0.0008952551477170994
AECOM,ENERGY TRANSFER,2,0.0008952551477170994
AECOM,ENTERGY,2,0.0008952551477170994
AECOM,EVERSOURCE ENERGY,1,0.0004476275738585497
AECOM,EXELON,5,0.0022381378692927483
AECOM,EXXONMOBIL,4,0.0017905102954341987
AECOM,FACEBOOK,1,0.0004476275738585497
AECOM,FEDEX,4,0.0017905102954341987
AECOM,FIRSTENERGY,2,0.0008952551477170994
AECOM,FLUOR,3,0.0013428827215756492
AECOM,FORD,1,0.0004476275738585497
AECOM,GENERAL DYNAMICS,8,0.0035810205908683975
AECOM,GENERAL ELECTRIC,11,0.004923903312444047
AECOM,GENERAL MOTORS,1,0.0004476275738585497
AECOM,GILEAD SCIENCES,1,0.0004476275738585497
AECOM,GRAPHIC PACKAGING HOLDING,1,0.0004476275738585497
AECOM,HARTFORD FINANCIAL SERVICES,1,0.0004476275738585497
AECOM,HEWLETT PACKARD ENTERPRISE,2,0.0008952551477170994
AECOM,HOLLYFRONTIER,2,0.0008952551477170994
AECOM,HOME DEPOT,1,0.0004476275738585497
AECOM,HONEYWELL INTERNATIONAL,4,0.0017905102954341987
AECOM,HUNTSMAN,1,0.0004476275738585497
AECOM,IBM,6,0.0026857654431512983
AECOM,IHEARTMEDIA,1,0.0004476275738585497
AECOM,JACOBS ENGINEERING GROUP,4,0.0017905102954341987
AECOM,JETBLUE AIRWAYS,1,0.0004476275738585497
AECOM,KROGER,1,0.0004476275738585497
AECOM,L3HARRIS TECHNOLOGIES,1,0.0004476275738585497
AECOM,LABORATORY CORP. OF AMERICA,2,0.0008952551477170994
AECOM,LEIDOS HOLDINGS,10,0.004476275738585497
AECOM,LIBERTY MUTUAL INSURANCE GROUP,1,0.0004476275738585497
AECOM,LOCKHEED MARTIN,8,0.0035810205908683975
AECOM,MAGELLAN HEALTH,2,0.0008952551477170994
AECOM,MICRON TECHNOLOGY,2,0.0008952551477170994
AECOM,MICROSOFT,1,0.0004476275738585497
AECOM,NAVIENT,1,0.0004476275738585497
AECOM,NORTHROP GRUMMAN,7,0.003133393017009848
AECOM,ORACLE,2,0.0008952551477170994
AECOM,OSHKOSH,1,0.0004476275738585497
AECOM,OWENS CORNING,1,0.0004476275738585497
AECOM,PG&E,5,0.0022381378692927483
AECOM,POLARIS INC,2,0.0008952551477170994
AECOM,PPG INDUSTRIES,7,0.003133393017009848
AECOM,PPL,2,0.0008952551477170994
AECOM,PUBLIC SERVICE ENTERPRISE GROUP,3,0.0013428827215756492
AECOM,QUEST DIAGNOSTICS,1,0.0004476275738585497
AECOM,RAYTHEON,10,0.004476275738585497
AECOM,SHERWIN-WILLIAMS,2,0.0008952551477170994
AECOM,SOUTHERN,2,0.0008952551477170994
AECOM,SOUTHWEST AIRLINES,5,0.0022381378692927483
AECOM,STANLEY BLACK & DECKER,1,0.0004476275738585497
AECOM,TESLA,1,0.0004476275738585497
AECOM,TEXTRON,3,0.0013428827215756492
AECOM,UNION PACIFIC,8,0.0035810205908683975
AECOM,UNITED AIRLINES HOLDINGS,7,0.003133393017009848
AECOM,UNITED TECHNOLOGIES,9,0.0040286481647269475
AECOM,USAA,2,0.0008952551477170994
AECOM,VALERO ENERGY,1,0.0004476275738585497
AECOM,VERIZON,1,0.0004476275738585497
AECOM,WESTROCK,1,0.0004476275738585497
AECOM,WEYERHAEUSER,1,0.0004476275738585497
AECOM,XCEL ENERGY,4,0.0017905102954341987
AES,ALASKA AIR GROUP,2,0.0008952551477170994
AES,AMAZON,2,0.0008952551477170994
AES,AMEREN,2,0.0008952551477170994
AES,AMERICAN AIRLINES GROUP,3,0.0013428827215756492
AES,AMERICAN ELECTRIC POWER,6,0.0026857654431512983
AES,AMERIPRISE FINANCIAL,1,0.0004476275738585497
AES,ARAMARK,1,0.0004476275738585497
AES,AT&T,1,0.0004476275738585497
AES,BALL,1,0.0004476275738585497
AES,BERKSHIRE HATHAWAY,9,0.0040286481647269475
AES,CALPINE,5,0.0022381378692927483
AES,CENTENE,1,0.0004476275738585497
AES,CENTERPOINT ENERGY,1,0.0004476275738585497
AES,CHS,1,0.0004476275738585497
AES,CIGNA,1,0.0004476275738585497
AES,CMS ENERGY,7,0.003133393017009848
AES,CONSTELLATION BRANDS,1,0.0004476275738585497
AES,CSX,1,0.0004476275738585497
AES,CUMMINS,4,0.0017905102954341987
AES,DELTA AIR LINES,2,0.0008952551477170994
AES,DTE ENERGY,7,0.003133393017009848
AES,DUKE ENERGY,4,0.0017905102954341987
AES,ECOLAB,1,0.0004476275738585497
AES,EDISON INTERNATIONAL,1,0.0004476275738585497
AES,ELI LILLY,1,0.0004476275738585497
AES,ENTERGY,5,0.0022381378692927483
AES,EVERSOURCE ENERGY,5,0.0022381378692927483
AES,EXELON,6,0.0026857654431512983
AES,EXXONMOBIL,1,0.0004476275738585497
AES,FEDEX,2,0.0008952551477170994
AES,FIRSTENERGY,5,0.0022381378692927483
AES,GENERAL DYNAMICS,2,0.0008952551477170994
AES,GENERAL ELECTRIC,2,0.0008952551477170994
AES,GENERAL MOTORS,1,0.0004476275738585497
AES,GUARDIAN LIFE INS. CO. OF AMERICA,1,0.0004476275738585497
AES,INTERNATIONAL PAPER,1,0.0004476275738585497
AES,JONES FINANCIAL (EDWARD JONES),1,0.0004476275738585497
AES,L3HARRIS TECHNOLOGIES,1,0.0004476275738585497
AES,LEIDOS HOLDINGS,2,0.0008952551477170994
AES,LIVE NATION ENTERTAINMENT,1,0.0004476275738585497
AES,LOCKHEED MARTIN,1,0.0004476275738585497
AES,LUMEN TECHNOLOGIES,1,0.0004476275738585497
AES,MARATHON PETROLEUM,1,0.0004476275738585497
AES,NATIONWIDE,1,0.0004476275738585497
AES,PG&E,4,0.0017905102954341987
AES,PHILLIPS 66,1,0.0004476275738585497
AES,PPL,7,0.003133393017009848
AES,PRINCIPAL FINANCIAL,1,0.0004476275738585497
AES,QUEST DIAGNOSTICS,1,0.0004476275738585497
AES,RAYTHEON,2,0.0008952551477170994
AES,SOUTHERN,2,0.0008952551477170994
AES,SOUTHWEST AIRLINES,1,0.0004476275738585497
AES,TESLA,2,0.0008952551477170994
AES,UNION PACIFIC,2,0.0008952551477170994
AES,UNITED AIRLINES HOLDINGS,2,0.0008952551477170994
AES,UNITED TECHNOLOGIES,2,0.0008952551477170994
AES,VERIZON,1,0.0004476275738585497
AES,WALGREENS BOOTS ALLIANCE,1,0.0004476275738585497
AES,XCEL ENERGY,7,0.003133393017009848
AFLAC,AMAZON,1,0.0004476275738585497
AFLAC,AT&T,2,0.0008952551477170994
AFLAC,CISCO SYSTEMS,2,0.0008952551477170994
AFLAC,COCA-COLA,2,0.0008952551477170994
AFLAC,GENERAL MOTORS,1,0.0004476275738585497
AFLAC,HP,1,0.0004476275738585497
AFLAC,IBM,2,0.0008952551477170994
AIG,ALLSTATE,8,0.0035810205908683975
AIG,ALLY FINANCIAL,2,0.0008952551477170994
AIG,ALTRIA GROUP,1,0.0004476275738585497
AIG,AMERICAN EXPRESS,1,0.0004476275738585497
AIG,AMERICAN FAMILY INSURANCE GROUP,4,0.0017905102954341987
AIG,AMERIPRISE FINANCIAL,10,0.004476275738585497
AIG,BANK OF AMERICA,3,0.0013428827215756492
AIG,BANK OF NEW YORK MELLON,1,0.0004476275738585497
AIG,BLACKROCK,4,0.0017905102954341987
AIG,BOEING,2,0.0008952551477170994
AIG,BRIGHTHOUSE FINANCIAL,1,0.0004476275738585497
AIG,CAPITAL ONE FINANCIAL,1,0.0004476275738585497
AIG,CBS,2,0.0008952551477170994
AIG,CHARLES SCHWAB,1,0.0004476275738585497
AIG,CITIGROUP,1,0.0004476275738585497
AIG,CITIZENS FINANCIAL GROUP,1,0.0004476275738585497
AIG,COCA-COLA,1,0.0004476275738585497
AIG,DISCOVER FINANCIAL SERVICES,1,0.0004476275738585497
AIG,ENTERGY,1,0.0004476275738585497
AIG,EXXONMOBIL,1,0.0004476275738585497
AIG,FIFTH THIRD BANCORP,1,0.0004476275738585497
AIG,FORD,3,0.0013428827215756492
AIG,FOX CORP,1,0.0004476275738585497
AIG,GOLDMAN SACHS GROUP,1,0.0004476275738585497
AIG,GUARDIAN LIFE INS. CO. OF AMERICA,5,0.0022381378692927483
AIG,HARTFORD FINANCIAL SERVICES,8,0.0035810205908683975
AIG,HILTON WORLDWIDE HOLDINGS,1,0.0004476275738585497
AIG,INTERNATIONAL PAPER,1,0.0004476275738585497
AIG,JONES FINANCIAL (EDWARD JONES),4,0.0017905102954341987
AIG,JPMORGAN CHASE & CO.,3,0.0013428827215756492
AIG,KEYCORP,1,0.0004476275738585497
AIG,LIBERTY MUTUAL INSURANCE GROUP,3,0.0013428827215756492
AIG,LINCOLN NATIONAL,4,0.0017905102954341987
AIG,LOEWS,1,0.0004476275738585497
AIG,MARRIOTT INTERNATIONAL,1,0.0004476275738585497
AIG,MARSH & MCLENNAN,1,0.0004476275738585497
AIG,MASSACHUSETTS MUTUAL LIFE INSURANCE,1,0.0004476275738585497
AIG,MUTUAL OF OMAHA INSURANCE,6,0.0026857654431512983
AIG,NATIONWIDE,11,0.004923903312444047
AIG,NEW YORK LIFE INSURANCE,3,0.0013428827215756492
AIG,NEXTERA ENERGY,1,0.0004476275738585497
AIG,NORTHERN TRUST,3,0.0013428827215756492
AIG,NORTHWESTERN MUTUAL,10,0.004476275738585497
AIG,PNC FINANCIAL SERVICES,2,0.0008952551477170994
AIG,PRINCIPAL FINANCIAL,4,0.0017905102954341987
AIG,PRUDENTIAL FINANCIAL,3,0.0013428827215756492
AIG,RAYTHEON,1,0.0004476275738585497
AIG,REGIONS FINANCIAL,1,0.0004476275738585497
AIG,STATE FARM INSURANCE,6,0.0026857654431512983
AIG,STATE STREET CORP.,1,0.0004476275738585497
AIG,SYNCHRONY FINANCIAL,1,0.0004476275738585497
AIG,TIAA,5,0.0022381378692927483
AIG,U.S. BANCORP,1,0.0004476275738585497
AIG,UNITED TECHNOLOGIES,1,0.0004476275738585497
AIG,USAA,2,0.0008952551477170994
AIG,VISA,1,0.0004476275738585497
AIG,W.R. BERKLEY,1,0.0004476275738585497
AIG,XEROX,1,0.0004476275738585497
AIR PRODUCTS & CHEMICALS,ALASKA AIR GROUP,1,0.0004476275738585497
AIR PRODUCTS & CHEMICALS,AMAZON,1,0.0004476275738585497
AIR PRODUCTS & CHEMICALS,AMEREN,2,0.0008952551477170994
AIR PRODUCTS & CHEMICALS,AMERICAN AIRLINES GROUP,1,0.0004476275738585497
AIR PRODUCTS & CHEMICALS,BALL,2,0.0008952551477170994
AIR PRODUCTS & CHEMICALS,BERKSHIRE HATHAWAY,3,0.0013428827215756492
AIR PRODUCTS & CHEMICALS,BOEING,1,0.0004476275738585497
AIR PRODUCTS & CHEMICALS,BRISTOL-MYERS SQUIBB,1,0.0004476275738585497
AIR PRODUCTS & CHEMICALS,CENTENE,2,0.0008952551477170994
AIR PRODUCTS & CHEMICALS,CHEVRON,1,0.0004476275738585497
AIR PRODUCTS & CHEMICALS,CMS ENERGY,2,0.0008952551477170994
AIR PRODUCTS & CHEMICALS,COGNIZANT TECHNOLOGY SOLUTIONS,1,0.0004476275738585497
AIR PRODUCTS & CHEMICALS,CONSOLIDATED EDISON,1,0.0004476275738585497
AIR PRODUCTS & CHEMICALS,CORNING,2,0.0008952551477170994
AIR PRODUCTS & CHEMICALS,CUMMINS,3,0.0013428827215756492
AIR PRODUCTS & CHEMICALS,DAVITA,1,0.0004476275738585497
AIR PRODUCTS & CHEMICALS,DELTA AIR LINES,4,0.0017905102954341987
AIR PRODUCTS & CHEMICALS,DTE ENERGY,2,0.0008952551477170994
AIR PRODUCTS & CHEMICALS,DUKE ENERGY,3,0.0013428827215756492
AIR PRODUCTS & CHEMICALS,ENERGY TRANSFER,2,0.0008952551477170994
AIR PRODUCTS & CHEMICALS,ENTERGY,2,0.0008952551477170994
AIR PRODUCTS & CHEMICALS,EVERSOURCE ENERGY,1,0.0004476275738585497
AIR PRODUCTS & CHEMICALS,EXELON,4,0.0017905102954341987
AIR PRODUCTS & CHEMICALS,EXXONMOBIL,2,0.0008952551477170994
AIR PRODUCTS & CHEMICALS,FACEBOOK,1,0.0004476275738585497
AIR PRODUCTS & CHEMICALS,FIRSTENERGY,1,0.0004476275738585497
AIR PRODUCTS & CHEMICALS,FLUOR,3,0.0013428827215756492
AIR PRODUCTS & CHEMICALS,GENERAL DYNAMICS,2,0.0008952551477170994
AIR PRODUCTS & CHEMICALS,GENERAL ELECTRIC,3,0.0013428827215756492
AIR PRODUCTS & CHEMICALS,GENERAL MOTORS,1,0.0004476275738585497
AIR PRODUCTS & CHEMICALS,GILEAD SCIENCES,1,0.0004476275738585497
AIR PRODUCTS & CHEMICALS,GRAPHIC PACKAGING HOLDING,2,0.0008952551477170994
AIR PRODUCTS & CHEMICALS,HEWLETT PACKARD ENTERPRISE,1,0.0004476275738585497
AIR PRODUCTS & CHEMICALS,HOLLYFRONTIER,2,0.0008952551477170994
AIR PRODUCTS & CHEMICALS,HUNTSMAN,2,0.0008952551477170994
AIR PRODUCTS & CHEMICALS,IBM,2,0.0008952551477170994
AIR PRODUCTS & CHEMICALS,JACOBS ENGINEERING GROUP,1,0.0004476275738585497
AIR PRODUCTS & CHEMICALS,JETBLUE AIRWAYS,1,0.0004476275738585497
AIR PRODUCTS & CHEMICALS,LEIDOS HOLDINGS,4,0.0017905102954341987
AIR PRODUCTS & CHEMICALS,LOCKHEED MARTIN,3,0.0013428827215756492
AIR PRODUCTS & CHEMICALS,MAGELLAN HEALTH,1,0.0004476275738585497
AIR PRODUCTS & CHEMICALS,MICRON TECHNOLOGY,3,0.0013428827215756492
AIR PRODUCTS & CHEMICALS,MICROSOFT,1,0.0004476275738585497
AIR PRODUCTS & CHEMICALS,NORTHROP GRUMMAN,4,0.0017905102954341987
AIR PRODUCTS & CHEMICALS,ORACLE,2,0.0008952551477170994
AIR PRODUCTS & CHEMICALS,OSHKOSH,1,0.0004476275738585497
AIR PRODUCTS & CHEMICALS,PG&E,2,0.0008952551477170994
AIR PRODUCTS & CHEMICALS,PPG INDUSTRIES,3,0.0013428827215756492
AIR PRODUCTS & CHEMICALS,PPL,2,0.0008952551477170994
AIR PRODUCTS & CHEMICALS,PUBLIC SERVICE ENTERPRISE GROUP,2,0.0008952551477170994
AIR PRODUCTS & CHEMICALS,RAYTHEON,1,0.0004476275738585497
AIR PRODUCTS & CHEMICALS,SOUTHWEST AIRLINES,1,0.0004476275738585497
AIR PRODUCTS & CHEMICALS,TEXTRON,1,0.0004476275738585497
AIR PRODUCTS & CHEMICALS,THERMO FISHER SCIENTIFIC,1,0.0004476275738585497
AIR PRODUCTS & CHEMICALS,UNION PACIFIC,1,0.0004476275738585497
AIR PRODUCTS & CHEMICALS,UNITED AIRLINES HOLDINGS,1,0.0004476275738585497
AIR PRODUCTS & CHEMICALS,UNITED TECHNOLOGIES,3,0.0013428827215756492
AIR PRODUCTS & CHEMICALS,USAA,1,0.0004476275738585497
AIR PRODUCTS & CHEMICALS,WESTROCK,2,0.0008952551477170994
AIR PRODUCTS & CHEMICALS,XCEL ENERGY,4,0.0017905102954341987
AK STEEL HOLDING,BANK OF NEW YORK MELLON,2,0.0008952551477170994
AK STEEL HOLDING,BLACKROCK,1,0.0004476275738585497
AK STEEL HOLDING,CENTERPOINT ENERGY,1,0.0004476275738585497
AK STEEL HOLDING,CMS ENERGY,1,0.0004476275738585497
AK STEEL HOLDING,COCA-COLA,3,0.0013428827215756492
AK STEEL HOLDING,DEAN FOODS,2,0.0008952551477170994
AK STEEL HOLDING,DTE ENERGY,1,0.0004476275738585497
AK STEEL HOLDING,DUKE ENERGY,1,0.0004476275738585497
AK STEEL HOLDING,EXELON,4,0.0017905102954341987
AK STEEL HOLDING,EXXONMOBIL,2,0.0008952551477170994
AK STEEL HOLDING,ILLINOIS TOOL WORKS,4,0.0017905102954341987
AK STEEL HOLDING,KELLOGG,2,0.0008952551477170994
AK STEEL HOLDING,MARATHON PETROLEUM,1,0.0004476275738585497
AK STEEL HOLDING,MUTUAL OF OMAHA INSURANCE,2,0.0008952551477170994
AK STEEL HOLDING,NUCOR,6,0.0026857654431512983
AK STEEL HOLDING,PHILLIPS 66,4,0.0017905102954341987
AK STEEL HOLDING,PPG INDUSTRIES,2,0.0008952551477170994
AK STEEL HOLDING,RAYTHEON,1,0.0004476275738585497
ALASKA AIR GROUP,AMAZON,3,0.0013428827215756492
ALASKA AIR GROUP,AMEREN,1,0.0004476275738585497
ALASKA AIR GROUP,AMERICAN AIRLINES GROUP,27,0.012085944494180842
ALASKA AIR GROUP,AMERICAN ELECTRIC POWER,1,0.0004476275738585497
ALASKA AIR GROUP,BALL,1,0.0004476275738585497
ALASKA AIR GROUP,BANK OF AMERICA,1,0.0004476275738585497
ALASKA AIR GROUP,BECTON DICKINSON,1,0.0004476275738585497
ALASKA AIR GROUP,BERKSHIRE HATHAWAY,5,0.0022381378692927483
ALASKA AIR GROUP,BIOGEN,1,0.0004476275738585497
ALASKA AIR GROUP,BLACKSTONE GROUP,1,0.0004476275738585497
ALASKA AIR GROUP,BOEING,1,0.0004476275738585497
ALASKA AIR GROUP,BOSTON SCIENTIFIC,1,0.0004476275738585497
ALASKA AIR GROUP,BRISTOL-MYERS SQUIBB,1,0.0004476275738585497
ALASKA AIR GROUP,CAPITAL ONE FINANCIAL,2,0.0008952551477170994
ALASKA AIR GROUP,CARDINAL HEALTH,1,0.0004476275738585497
ALASKA AIR GROUP,CENTENE,2,0.0008952551477170994
ALASKA AIR GROUP,CENTERPOINT ENERGY,1,0.0004476275738585497
ALASKA AIR GROUP,CMS ENERGY,3,0.0013428827215756492
ALASKA AIR GROUP,COGNIZANT TECHNOLOGY SOLUTIONS,3,0.0013428827215756492
ALASKA AIR GROUP,CONOCOPHILLIPS,1,0.0004476275738585497
ALASKA AIR GROUP,CORNING,1,0.0004476275738585497
ALASKA AIR GROUP,CSX,2,0.0008952551477170994
ALASKA AIR GROUP,CUMMINS,4,0.0017905102954341987
ALASKA AIR GROUP,DANAHER,1,0.0004476275738585497
ALASKA AIR GROUP,DELL TECHNOLOGIES,2,0.0008952551477170994
ALASKA AIR GROUP,DELTA AIR LINES,9,0.0040286481647269475
ALASKA AIR GROUP,DTE ENERGY,3,0.0013428827215756492
ALASKA AIR GROUP,DUKE ENERGY,3,0.0013428827215756492
ALASKA AIR GROUP,EDISON INTERNATIONAL,1,0.0004476275738585497
ALASKA AIR GROUP,ENTERGY,3,0.0013428827215756492
ALASKA AIR GROUP,EVERSOURCE ENERGY,1,0.0004476275738585497
ALASKA AIR GROUP,EXELON,2,0.0008952551477170994
ALASKA AIR GROUP,EXXONMOBIL,1,0.0004476275738585497
ALASKA AIR GROUP,FACEBOOK,2,0.0008952551477170994
ALASKA AIR GROUP,FEDEX,8,0.0035810205908683975
ALASKA AIR GROUP,FIRSTENERGY,1,0.0004476275738585497
ALASKA AIR GROUP,GENERAL DYNAMICS,6,0.0026857654431512983
ALASKA AIR GROUP,GENERAL ELECTRIC,6,0.0026857654431512983
ALASKA AIR GROUP,GENERAL MILLS,1,0.0004476275738585497
ALASKA AIR GROUP,GENERAL MOTORS,2,0.0008952551477170994
ALASKA AIR GROUP,GILEAD SCIENCES,1,0.0004476275738585497
ALASKA AIR GROUP,GUARDIAN LIFE INS. CO. OF AMERICA,1,0.0004476275738585497
ALASKA AIR GROUP,HARTFORD FINANCIAL SERVICES,1,0.0004476275738585497
ALASKA AIR GROUP,HCA HEALTHCARE,1,0.0004476275738585497
ALASKA AIR GROUP,HERSHEY,1,0.0004476275738585497
ALASKA AIR GROUP,HEWLETT PACKARD ENTERPRISE,1,0.0004476275738585497
ALASKA AIR GROUP,HILTON WORLDWIDE HOLDINGS,1,0.0004476275738585497
ALASKA AIR GROUP,HOLLYFRONTIER,1,0.0004476275738585497
ALASKA AIR GROUP,HUMANA,1,0.0004476275738585497
ALASKA AIR GROUP,HUNTSMAN,1,0.0004476275738585497
ALASKA AIR GROUP,IBM,3,0.0013428827215756492
ALASKA AIR GROUP,JACOBS ENGINEERING GROUP,2,0.0008952551477170994
ALASKA AIR GROUP,JETBLUE AIRWAYS,1,0.0004476275738585497
ALASKA AIR GROUP,JOHNSON & JOHNSON,2,0.0008952551477170994
ALASKA AIR GROUP,JONES FINANCIAL (EDWARD JONES),1,0.0004476275738585497
ALASKA AIR GROUP,L3HARRIS TECHNOLOGIES,1,0.0004476275738585497
ALASKA AIR GROUP,LEIDOS HOLDINGS,8,0.0035810205908683975
ALASKA AIR GROUP,LOCKHEED MARTIN,5,0.0022381378692927483
ALASKA AIR GROUP,MAGELLAN HEALTH,1,0.0004476275738585497
ALASKA AIR GROUP,MICRON TECHNOLOGY,1,0.0004476275738585497
ALASKA AIR GROUP,MICROSOFT,1,0.0004476275738585497
ALASKA AIR GROUP,MOLINA HEALTHCARE,1,0.0004476275738585497
ALASKA AIR GROUP,NAVISTAR INTERNATIONAL,1,0.0004476275738585497
ALASKA AIR GROUP,NORTHROP GRUMMAN,3,0.0013428827215756492
ALASKA AIR GROUP,ORACLE,1,0.0004476275738585497
ALASKA AIR GROUP,PEPSICO,1,0.0004476275738585497
ALASKA AIR GROUP,PG&E,2,0.0008952551477170994
ALASKA AIR GROUP,PNC FINANCIAL SERVICES,1,0.0004476275738585497
ALASKA AIR GROUP,PPG INDUSTRIES,2,0.0008952551477170994
ALASKA AIR GROUP,PPL,2,0.0008952551477170994
ALASKA AIR GROUP,PRINCIPAL FINANCIAL,1,0.0004476275738585497
ALASKA AIR GROUP,PROCTER & GAMBLE,1,0.0004476275738585497
ALASKA AIR GROUP,RAYTHEON,5,0.0022381378692927483
ALASKA AIR GROUP,SALESFORCE,1,0.0004476275738585497
ALASKA AIR GROUP,SOUTHWEST AIRLINES,6,0.0026857654431512983
ALASKA AIR GROUP,STANLEY BLACK & DECKER,1,0.0004476275738585497
ALASKA AIR GROUP,TEXTRON,1,0.0004476275738585497
ALASKA AIR GROUP,U.S. BANCORP,1,0.0004476275738585497
ALASKA AIR GROUP,UNION PACIFIC,4,0.0017905102954341987
ALASKA AIR GROUP,UNITED AIRLINES HOLDINGS,30,0.01342882721575649
ALASKA AIR GROUP,UNITED TECHNOLOGIES,3,0.0013428827215756492
ALASKA AIR GROUP,USAA,1,0.0004476275738585497
ALASKA AIR GROUP,VERIZON,1,0.0004476275738585497
ALASKA AIR GROUP,WEYERHAEUSER,1,0.0004476275738585497
ALASKA AIR GROUP,XCEL ENERGY,2,0.0008952551477170994
ALLSTATE,ALTRIA GROUP,1,0.0004476275738585497
ALLSTATE,AMAZON,4,0.0017905102954341987
ALLSTATE,AMERICAN EXPRESS,1,0.0004476275738585497
ALLSTATE,AMERICAN FAMILY INSURANCE GROUP,28,0.012533572068039392
ALLSTATE,AMERIPRISE FINANCIAL,16,0.007162041181736795
ALLSTATE,ASSURANT,4,0.0017905102954341987
ALLSTATE,AT&T,4,0.0017905102954341987
ALLSTATE,BANK OF AMERICA,4,0.0017905102954341987
ALLSTATE,BANK OF NEW YORK MELLON,1,0.0004476275738585497
ALLSTATE,BLACKROCK,3,0.0013428827215756492
ALLSTATE,BOEING,3,0.0013428827215756492
ALLSTATE,CAPITAL ONE FINANCIAL,1,0.0004476275738585497
ALLSTATE,CBS,7,0.003133393017009848
ALLSTATE,CHARLES SCHWAB,2,0.0008952551477170994
ALLSTATE,CHARTER COMMUNICATIONS,1,0.0004476275738585497
ALLSTATE,CITIGROUP,1,0.0004476275738585497
ALLSTATE,CITIZENS FINANCIAL GROUP,1,0.0004476275738585497
ALLSTATE,COCA-COLA,1,0.0004476275738585497
ALLSTATE,CONSTELLATION BRANDS,1,0.0004476275738585497
ALLSTATE,CUMMINS,1,0.0004476275738585497
ALLSTATE,DELL TECHNOLOGIES,1,0.0004476275738585497
ALLSTATE,ENTERGY,1,0.0004476275738585497
ALLSTATE,FORD,3,0.0013428827215756492
ALLSTATE,FOX CORP,7,0.003133393017009848
ALLSTATE,GUARDIAN LIFE INS. CO. OF AMERICA,4,0.0017905102954341987
ALLSTATE,HARTFORD FINANCIAL SERVICES,16,0.007162041181736795
ALLSTATE,HEWLETT PACKARD ENTERPRISE,1,0.0004476275738585497
ALLSTATE,HOME DEPOT,3,0.0013428827215756492
ALLSTATE,HONEYWELL INTERNATIONAL,1,0.0004476275738585497
ALLSTATE,IBM,4,0.0017905102954341987
ALLSTATE,IHEARTMEDIA,1,0.0004476275738585497
ALLSTATE,JOHNSON & JOHNSON,1,0.0004476275738585497
ALLSTATE,JONES FINANCIAL (EDWARD JONES),5,0.0022381378692927483
ALLSTATE,JPMORGAN CHASE & CO.,3,0.0013428827215756492
ALLSTATE,KEYCORP,1,0.0004476275738585497
ALLSTATE,KROGER,4,0.0017905102954341987
ALLSTATE,LIBERTY MEDIA,1,0.0004476275738585497
ALLSTATE,LIBERTY MUTUAL INSURANCE GROUP,7,0.003133393017009848
ALLSTATE,LINCOLN NATIONAL,6,0.0026857654431512983
ALLSTATE,LOCKHEED MARTIN,1,0.0004476275738585497
ALLSTATE,LOEWS,1,0.0004476275738585497
ALLSTATE,LOWE'S,1,0.0004476275738585497
ALLSTATE,MARSH & MCLENNAN,1,0.0004476275738585497
ALLSTATE,MASSACHUSETTS MUTUAL LIFE INSURANCE,1,0.0004476275738585497
ALLSTATE,MICROSOFT,2,0.0008952551477170994
ALLSTATE,MUTUAL OF OMAHA INSURANCE,6,0.0026857654431512983
ALLSTATE,NATIONWIDE,21,0.009400179051029543
ALLSTATE,NEW YORK LIFE INSURANCE,5,0.0022381378692927483
ALLSTATE,NORTHERN TRUST,1,0.0004476275738585497
ALLSTATE,NORTHWESTERN MUTUAL,14,0.006266786034019696
ALLSTATE,PEPSICO,1,0.0004476275738585497
ALLSTATE,PG&E,1,0.0004476275738585497
ALLSTATE,PNC FINANCIAL SERVICES,3,0.0013428827215756492
ALLSTATE,PRINCIPAL FINANCIAL,10,0.004476275738585497
ALLSTATE,PRUDENTIAL FINANCIAL,6,0.0026857654431512983
ALLSTATE,QURATE RETAIL,1,0.0004476275738585497
ALLSTATE,RAYTHEON,1,0.0004476275738585497
ALLSTATE,SEMPRA ENERGY,1,0.0004476275738585497
ALLSTATE,STATE FARM INSURANCE,11,0.004923903312444047
ALLSTATE,SYNCHRONY FINANCIAL,2,0.0008952551477170994
ALLSTATE,TARGET,2,0.0008952551477170994
ALLSTATE,TIAA,6,0.0026857654431512983
ALLSTATE,TRAVELERS,1,0.0004476275738585497
ALLSTATE,U.S. BANCORP,2,0.0008952551477170994
ALLSTATE,UNITED AIRLINES HOLDINGS,3,0.0013428827215756492
ALLSTATE,UNITED PARCEL SERVICE,1,0.0004476275738585497
ALLSTATE,UNITED TECHNOLOGIES,1,0.0004476275738585497
ALLSTATE,USAA,2,0.0008952551477170994
ALLSTATE,VERIZON,1,0.0004476275738585497
ALLSTATE,W.R. BERKLEY,2,0.0008952551477170994
ALLSTATE,WELLS FARGO,1,0.0004476275738585497
ALLSTATE,XEROX,1,0.0004476275738585497
ALLSTATE,YUM BRANDS,4,0.0017905102954341987
ALLY FINANCIAL,ALPHABET,1,0.0004476275738585497
ALLY FINANCIAL,AMERICAN AIRLINES GROUP,1,0.0004476275738585497
ALLY FINANCIAL,AMERICAN EXPRESS,2,0.0008952551477170994
ALLY FINANCIAL,AMERIPRISE FINANCIAL,2,0.0008952551477170994
ALLY FINANCIAL,AMGEN,1,0.0004476275738585497
ALLY FINANCIAL,BANK OF AMERICA,1,0.0004476275738585497
ALLY FINANCIAL,BANK OF NEW YORK MELLON,1,0.0004476275738585497
ALLY FINANCIAL,BLACKSTONE GROUP,1,0.0004476275738585497
ALLY FINANCIAL,CAPITAL ONE FINANCIAL,2,0.0008952551477170994
ALLY FINANCIAL,CHEVRON,1,0.0004476275738585497
ALLY FINANCIAL,CITIGROUP,2,0.0008952551477170994
ALLY FINANCIAL,CITIZENS FINANCIAL GROUP,2,0.0008952551477170994
ALLY FINANCIAL,COCA-COLA,1,0.0004476275738585497
ALLY FINANCIAL,DANAHER,2,0.0008952551477170994
ALLY FINANCIAL,DISCOVER FINANCIAL SERVICES,1,0.0004476275738585497
ALLY FINANCIAL,ECOLAB,1,0.0004476275738585497
ALLY FINANCIAL,EXXONMOBIL,1,0.0004476275738585497
ALLY FINANCIAL,FIFTH THIRD BANCORP,2,0.0008952551477170994
ALLY FINANCIAL,FLUOR,1,0.0004476275738585497
ALLY FINANCIAL,GOLDMAN SACHS GROUP,1,0.0004476275738585497
ALLY FINANCIAL,GUARDIAN LIFE INS. CO. OF AMERICA,1,0.0004476275738585497
ALLY FINANCIAL,HARTFORD FINANCIAL SERVICES,2,0.0008952551477170994
ALLY FINANCIAL,HILTON WORLDWIDE HOLDINGS,3,0.0013428827215756492
ALLY FINANCIAL,HUMANA,2,0.0008952551477170994
ALLY FINANCIAL,JPMORGAN CHASE & CO.,2,0.0008952551477170994
ALLY FINANCIAL,KEYCORP,2,0.0008952551477170994
ALLY FINANCIAL,LABORATORY CORP. OF AMERICA,1,0.0004476275738585497
ALLY FINANCIAL,MARRIOTT INTERNATIONAL,1,0.0004476275738585497
ALLY FINANCIAL,MUTUAL OF OMAHA INSURANCE,1,0.0004476275738585497
ALLY FINANCIAL,NATIONWIDE,3,0.0013428827215756492
ALLY FINANCIAL,NORTHERN TRUST,1,0.0004476275738585497
ALLY FINANCIAL,NORTHWESTERN MUTUAL,1,0.0004476275738585497
ALLY FINANCIAL,ONEOK,1,0.0004476275738585497
ALLY FINANCIAL,PNC FINANCIAL SERVICES,2,0.0008952551477170994
ALLY FINANCIAL,QUEST DIAGNOSTICS,1,0.0004476275738585497
ALLY FINANCIAL,REGIONS FINANCIAL,1,0.0004476275738585497
ALLY FINANCIAL,SEMPRA ENERGY,1,0.0004476275738585497
ALLY FINANCIAL,STATE FARM INSURANCE,1,0.0004476275738585497
ALLY FINANCIAL,STATE STREET CORP.,1,0.0004476275738585497
ALLY FINANCIAL,SYNCHRONY FINANCIAL,1,0.0004476275738585497
ALLY FINANCIAL,U.S. BANCORP,1,0.0004476275738585497
ALLY FINANCIAL,UNION PACIFIC,1,0.0004476275738585497
ALLY FINANCIAL,UNITED PARCEL SERVICE,1,0.0004476275738585497
ALLY FINANCIAL,VISA,1,0.0004476275738585497
ALLY FINANCIAL,WELLS FARGO,1,0.0004476275738585497
ALPHABET,AMAZON,1,0.0004476275738585497
ALPHABET,AMERICAN AIRLINES GROUP,1,0.0004476275738585497
ALPHABET,AMERICAN EXPRESS,1,0.0004476275738585497
ALPHABET,AMERIPRISE FINANCIAL,1,0.0004476275738585497
ALPHABET,AMGEN,1,0.0004476275738585497
ALPHABET,APPLE,1,0.0004476275738585497
ALPHABET,APPLIED MATERIALS,2,0.0008952551477170994
ALPHABET,AT&T,6,0.0026857654431512983
ALPHABET,BLACKSTONE GROUP,1,0.0004476275738585497
ALPHABET,BOEING,1,0.0004476275738585497
ALPHABET,CAPITAL ONE FINANCIAL,1,0.0004476275738585497
ALPHABET,CHARTER COMMUNICATIONS,3,0.0013428827215756492
ALPHABET,CHEVRON,1,0.0004476275738585497
ALPHABET,CISCO SYSTEMS,2,0.0008952551477170994
ALPHABET,CITIGROUP,1,0.0004476275738585497
ALPHABET,CITIZENS FINANCIAL GROUP,1,0.0004476275738585497
ALPHABET,COGNIZANT TECHNOLOGY SOLUTIONS,2,0.0008952551477170994
ALPHABET,COMCAST,2,0.0008952551477170994
ALPHABET,CUMMINS,2,0.0008952551477170994
ALPHABET,DANAHER,1,0.0004476275738585497
ALPHABET,FACEBOOK,6,0.0026857654431512983
ALPHABET,FOX CORP,1,0.0004476275738585497
ALPHABET,HEWLETT PACKARD ENTERPRISE,2,0.0008952551477170994
ALPHABET,HILTON WORLDWIDE HOLDINGS,1,0.0004476275738585497
ALPHABET,HOME DEPOT,1,0.0004476275738585497
ALPHABET,HUMANA,1,0.0004476275738585497
ALPHABET,IBM,3,0.0013428827215756492
ALPHABET,IHEARTMEDIA,2,0.0008952551477170994
ALPHABET,INTEL,1,0.0004476275738585497
ALPHABET,INTUIT,2,0.0008952551477170994
ALPHABET,LABORATORY CORP. OF AMERICA,1,0.0004476275738585497
ALPHABET,LUMEN TECHNOLOGIES,1,0.0004476275738585497
ALPHABET,MICRON TECHNOLOGY,2,0.0008952551477170994
ALPHABET,MICROSOFT,4,0.0017905102954341987
ALPHABET,NATIONWIDE,1,0.0004476275738585497
ALPHABET,NEWS CORP.,2,0.0008952551477170994
ALPHABET,ORACLE,5,0.0022381378692927483
ALPHABET,PRINCIPAL FINANCIAL,2,0.0008952551477170994
ALPHABET,QUEST DIAGNOSTICS,1,0.0004476275738585497
ALPHABET,RAYTHEON,1,0.0004476275738585497
ALPHABET,SALESFORCE,2,0.0008952551477170994
ALPHABET,TEXAS INSTRUMENTS,2,0.0008952551477170994
ALPHABET,UNITED TECHNOLOGIES,1,0.0004476275738585497
ALPHABET,VERIZON,4,0.0017905102954341987
ALTRIA GROUP,AMERIPRISE FINANCIAL,1,0.0004476275738585497
ALTRIA GROUP,BANK OF AMERICA,1,0.0004476275738585497
ALTRIA GROUP,BLACKROCK,1,0.0004476275738585497
ALTRIA GROUP,BOEING,1,0.0004476275738585497
ALTRIA GROUP,BRISTOL-MYERS SQUIBB,1,0.0004476275738585497
ALTRIA GROUP,COCA-COLA,5,0.0022381378692927483
ALTRIA GROUP,ENTERGY,1,0.0004476275738585497
ALTRIA GROUP,FEDEX,1,0.0004476275738585497
ALTRIA GROUP,FORD,1,0.0004476275738585497
ALTRIA GROUP,GUARDIAN LIFE INS. CO. OF AMERICA,1,0.0004476275738585497
ALTRIA GROUP,HARTFORD FINANCIAL SERVICES,1,0.0004476275738585497
ALTRIA GROUP,JONES FINANCIAL (EDWARD JONES),1,0.0004476275738585497
ALTRIA GROUP,JPMORGAN CHASE & CO.,1,0.0004476275738585497
ALTRIA GROUP,KROGER,2,0.0008952551477170994
ALTRIA GROUP,LINCOLN NATIONAL,1,0.0004476275738585497
ALTRIA GROUP,MOLSON COORS BEVERAGE,2,0.0008952551477170994
ALTRIA GROUP,MUTUAL OF OMAHA INSURANCE,1,0.0004476275738585497
ALTRIA GROUP,NEW YORK LIFE INSURANCE,1,0.0004476275738585497
ALTRIA GROUP,NORTHERN TRUST,1,0.0004476275738585497
ALTRIA GROUP,NORTHWESTERN MUTUAL,1,0.0004476275738585497
ALTRIA GROUP,PHILIP MORRIS INTERNATIONAL,3,0.0013428827215756492
ALTRIA GROUP,PRINCIPAL FINANCIAL,1,0.0004476275738585497
ALTRIA GROUP,PRUDENTIAL FINANCIAL,1,0.0004476275738585497
ALTRIA GROUP,RAYTHEON,1,0.0004476275738585497
ALTRIA GROUP,RITE AID,1,0.0004476275738585497
ALTRIA GROUP,STATE FARM INSURANCE,1,0.0004476275738585497
ALTRIA GROUP,TIAA,1,0.0004476275738585497
ALTRIA GROUP,UNITED TECHNOLOGIES,1,0.0004476275738585497
ALTRIA GROUP,USAA,1,0.0004476275738585497
ALTRIA GROUP,XEROX,1,0.0004476275738585497
AMAZON,AMEREN,1,0.0004476275738585497
AMAZON,AMERICAN AIRLINES GROUP,2,0.0008952551477170994
AMAZON,AMERICAN FAMILY INSURANCE GROUP,7,0.003133393017009848
AMAZON,AMERIPRISE FINANCIAL,2,0.0008952551477170994
AMAZON,APPLE,1,0.0004476275738585497
AMAZON,APPLIED MATERIALS,4,0.0017905102954341987
AMAZON,AT&T,8,0.0035810205908683975
AMAZON,BALL,5,0.0022381378692927483
AMAZON,BANK OF AMERICA,4,0.0017905102954341987
AMAZON,BAXTER INTERNATIONAL,2,0.0008952551477170994
AMAZON,BECTON DICKINSON,1,0.0004476275738585497
AMAZON,BERKSHIRE HATHAWAY,5,0.0022381378692927483
AMAZON,BEST BUY,2,0.0008952551477170994
AMAZON,BOEING,3,0.0013428827215756492
AMAZON,BOSTON SCIENTIFIC,1,0.0004476275738585497
AMAZON,BROADCOM,1,0.0004476275738585497
AMAZON,CAPITAL ONE FINANCIAL,3,0.0013428827215756492
AMAZON,CARDINAL HEALTH,1,0.0004476275738585497
AMAZON,CBS,3,0.0013428827215756492
AMAZON,CENTENE,2,0.0008952551477170994
AMAZON,CHARTER COMMUNICATIONS,4,0.0017905102954341987
AMAZON,CHEMOURS,1,0.0004476275738585497
AMAZON,CHEVRON,1,0.0004476275738585497
AMAZON,CISCO SYSTEMS,4,0.0017905102954341987
AMAZON,CITIGROUP,1,0.0004476275738585497
AMAZON,CMS ENERGY,3,0.0013428827215756492
AMAZON,COCA-COLA,1,0.0004476275738585497
AMAZON,COGNIZANT TECHNOLOGY SOLUTIONS,1,0.0004476275738585497
AMAZON,CONOCOPHILLIPS,1,0.0004476275738585497
AMAZON,CONSOLIDATED EDISON,1,0.0004476275738585497
AMAZON,CORNING,3,0.0013428827215756492
AMAZON,CSX,2,0.0008952551477170994
AMAZON,CUMMINS,11,0.004923903312444047
AMAZON,CVS HEALTH,2,0.0008952551477170994
AMAZON,DAVITA,1,0.0004476275738585497
AMAZON,DELL TECHNOLOGIES,10,0.004476275738585497
AMAZON,DELTA AIR LINES,7,0.003133393017009848
AMAZON,DTE ENERGY,3,0.0013428827215756492
AMAZON,DUKE ENERGY,3,0.0013428827215756492
AMAZON,DUPONT DE NEMOURS,1,0.0004476275738585497
AMAZON,EBAY,1,0.0004476275738585497
AMAZON,ENTERGY,3,0.0013428827215756492
AMAZON,EVERSOURCE ENERGY,1,0.0004476275738585497
AMAZON,EXELON,3,0.0013428827215756492
AMAZON,EXXONMOBIL,1,0.0004476275738585497
AMAZON,FACEBOOK,6,0.0026857654431512983
AMAZON,FEDEX,2,0.0008952551477170994
AMAZON,FIFTH THIRD BANCORP,1,0.0004476275738585497
AMAZON,FLUOR,3,0.0013428827215756492
AMAZON,FOX CORP,4,0.0017905102954341987
AMAZON,GENERAL DYNAMICS,5,0.0022381378692927483
AMAZON,GENERAL ELECTRIC,7,0.003133393017009848
AMAZON,GENERAL MILLS,2,0.0008952551477170994
AMAZON,GENERAL MOTORS,3,0.0013428827215756492
AMAZON,GILEAD SCIENCES,2,0.0008952551477170994
AMAZON,GOODYEAR TIRE & RUBBER,1,0.0004476275738585497
AMAZON,GRAPHIC PACKAGING HOLDING,1,0.0004476275738585497
AMAZON,GUARDIAN LIFE INS. CO. OF AMERICA,2,0.0008952551477170994
AMAZON,HARLEY-DAVIDSON,1,0.0004476275738585497
AMAZON,HARTFORD FINANCIAL SERVICES,2,0.0008952551477170994
AMAZON,HEWLETT PACKARD ENTERPRISE,4,0.0017905102954341987
AMAZON,HOLLYFRONTIER,2,0.0008952551477170994
AMAZON,HOME DEPOT,4,0.0017905102954341987
AMAZON,HONEYWELL INTERNATIONAL,4,0.0017905102954341987
AMAZON,HP,6,0.0026857654431512983
AMAZON,HUNTSMAN,2,0.0008952551477170994
AMAZON,IBM,18,0.008057296329453895
AMAZON,IHEARTMEDIA,2,0.0008952551477170994
AMAZON,INTEL,6,0.0026857654431512983
AMAZON,INTUIT,2,0.0008952551477170994
AMAZON,JACOBS ENGINEERING GROUP,1,0.0004476275738585497
AMAZON,JOHNSON & JOHNSON,1,0.0004476275738585497
AMAZON,JPMORGAN CHASE & CO.,2,0.0008952551477170994
AMAZON,KELLOGG,1,0.0004476275738585497
AMAZON,KEYCORP,2,0.0008952551477170994
AMAZON,KROGER,4,0.0017905102954341987
AMAZON,L3HARRIS TECHNOLOGIES,1,0.0004476275738585497
AMAZON,LEIDOS HOLDINGS,7,0.003133393017009848
AMAZON,LIBERTY MEDIA,2,0.0008952551477170994
AMAZON,LOCKHEED MARTIN,6,0.0026857654431512983
AMAZON,LOEWS,1,0.0004476275738585497
AMAZON,LOWE'S,1,0.0004476275738585497
AMAZON,MAGELLAN HEALTH,1,0.0004476275738585497
AMAZON,MARRIOTT INTERNATIONAL,1,0.0004476275738585497
AMAZON,MICRON TECHNOLOGY,7,0.003133393017009848
AMAZON,MICROSOFT,6,0.0026857654431512983
AMAZON,MOTOROLA SOLUTIONS,2,0.0008952551477170994
AMAZON,MUTUAL OF OMAHA INSURANCE,4,0.0017905102954341987
AMAZON,NATIONWIDE,6,0.0026857654431512983
AMAZON,NORTHERN TRUST,1,0.0004476275738585497
AMAZON,NORTHROP GRUMMAN,4,0.0017905102954341987
AMAZON,NORTHWESTERN MUTUAL,2,0.0008952551477170994
AMAZON,ORACLE,4,0.0017905102954341987
AMAZON,OSHKOSH,1,0.0004476275738585497
AMAZON,PG&E,2,0.0008952551477170994
AMAZON,PNC FINANCIAL SERVICES,2,0.0008952551477170994
AMAZON,PPG INDUSTRIES,3,0.0013428827215756492
AMAZON,PPL,3,0.0013428827215756492
AMAZON,PRINCIPAL FINANCIAL,3,0.0013428827215756492
AMAZON,PUBLIC SERVICE ENTERPRISE GROUP,2,0.0008952551477170994
AMAZON,PUBLIX SUPER MARKETS,1,0.0004476275738585497
AMAZON,QUALCOMM,1,0.0004476275738585497
AMAZON,QURATE RETAIL,2,0.0008952551477170994
AMAZON,RAYTHEON,6,0.0026857654431512983
AMAZON,S&P GLOBAL,1,0.0004476275738585497
AMAZON,SALESFORCE,3,0.0013428827215756492
AMAZON,SOUTHERN,1,0.0004476275738585497
AMAZON,SOUTHWEST AIRLINES,3,0.0013428827215756492
AMAZON,STANLEY BLACK & DECKER,1,0.0004476275738585497
AMAZON,STATE FARM INSURANCE,1,0.0004476275738585497
AMAZON,TARGET,6,0.0026857654431512983
AMAZON,TEXAS INSTRUMENTS,5,0.0022381378692927483
AMAZON,TEXTRON,1,0.0004476275738585497
AMAZON,THERMO FISHER SCIENTIFIC,1,0.0004476275738585497
AMAZON,TIAA,1,0.0004476275738585497
AMAZON,UNION PACIFIC,5,0.0022381378692927483
AMAZON,UNITED AIRLINES HOLDINGS,6,0.0026857654431512983
AMAZON,UNITED TECHNOLOGIES,2,0.0008952551477170994
AMAZON,USAA,1,0.0004476275738585497
AMAZON,VERIZON,3,0.0013428827215756492
AMAZON,WALGREENS BOOTS ALLIANCE,2,0.0008952551477170994
AMAZON,WALMART,5,0.0022381378692927483
AMAZON,WALT DISNEY,1,0.0004476275738585497
AMAZON,WELLS FARGO,2,0.0008952551477170994
AMAZON,WESTERN DIGITAL,2,0.0008952551477170994
AMAZON,WESTERN UNION,2,0.0008952551477170994
AMAZON,WESTROCK,1,0.0004476275738585497
AMAZON,XCEL ENERGY,3,0.0013428827215756492
AMAZON,YUM BRANDS,5,0.0022381378692927483
AMEREN,AMERICAN AIRLINES GROUP,1,0.0004476275738585497
AMEREN,AMERICAN ELECTRIC POWER,7,0.003133393017009848
AMEREN,ARTHUR J. GALLAGHER,2,0.0008952551477170994
AMEREN,AT&T,1,0.0004476275738585497
AMEREN,BALL,3,0.0013428827215756492
AMEREN,BERKSHIRE HATHAWAY,13,0.005819158460161146
AMEREN,BOEING,2,0.0008952551477170994
AMEREN,BOSTON SCIENTIFIC,1,0.0004476275738585497
AMEREN,BRISTOL-MYERS SQUIBB,1,0.0004476275738585497
AMEREN,CALPINE,5,0.0022381378692927483
AMEREN,CATERPILLAR,1,0.0004476275738585497
AMEREN,CELANESE,1,0.0004476275738585497
AMEREN,CENTENE,2,0.0008952551477170994
AMEREN,CENTERPOINT ENERGY,5,0.0022381378692927483
AMEREN,CHEMOURS,2,0.0008952551477170994
AMEREN,CHEVRON,4,0.0017905102954341987
AMEREN,CIGNA,2,0.0008952551477170994
AMEREN,CMS ENERGY,13,0.005819158460161146
AMEREN,COGNIZANT TECHNOLOGY SOLUTIONS,1,0.0004476275738585497
AMEREN,CONOCOPHILLIPS,2,0.0008952551477170994
AMEREN,CONSOLIDATED EDISON,2,0.0008952551477170994
AMEREN,CORNING,2,0.0008952551477170994
AMEREN,CSX,1,0.0004476275738585497
AMEREN,CUMMINS,4,0.0017905102954341987
AMEREN,CVS HEALTH,1,0.0004476275738585497
AMEREN,DAVITA,1,0.0004476275738585497
AMEREN,DELTA AIR LINES,2,0.0008952551477170994
AMEREN,DISH NETWORK,1,0.0004476275738585497
AMEREN,DTE ENERGY,12,0.005371530886302597
AMEREN,DUKE ENERGY,7,0.003133393017009848
AMEREN,DUPONT DE NEMOURS,1,0.0004476275738585497
AMEREN,ECOLAB,2,0.0008952551477170994
AMEREN,EDISON INTERNATIONAL,4,0.0017905102954341987
AMEREN,ENTERGY,10,0.004476275738585497
AMEREN,EVERSOURCE ENERGY,5,0.0022381378692927483
AMEREN,EXELON,13,0.005819158460161146
AMEREN,EXXONMOBIL,4,0.0017905102954341987
AMEREN,FACEBOOK,1,0.0004476275738585497
AMEREN,FIRSTENERGY,7,0.003133393017009848
AMEREN,FLUOR,2,0.0008952551477170994
AMEREN,FORD,2,0.0008952551477170994
AMEREN,GENERAL DYNAMICS,2,0.0008952551477170994
AMEREN,GENERAL ELECTRIC,4,0.0017905102954341987
AMEREN,GENERAL MOTORS,6,0.0026857654431512983
AMEREN,GILEAD SCIENCES,1,0.0004476275738585497
AMEREN,GRAPHIC PACKAGING HOLDING,1,0.0004476275738585497
AMEREN,GUARDIAN LIFE INS. CO. OF AMERICA,1,0.0004476275738585497
AMEREN,HOLLYFRONTIER,2,0.0008952551477170994
AMEREN,HOME DEPOT,1,0.0004476275738585497
AMEREN,HONEYWELL INTERNATIONAL,1,0.0004476275738585497
AMEREN,HUNTSMAN,2,0.0008952551477170994
AMEREN,IBM,2,0.0008952551477170994
AMEREN,INTEL,1,0.0004476275738585497
AMEREN,INTUIT,1,0.0004476275738585497
AMEREN,JACOBS ENGINEERING GROUP,1,0.0004476275738585497
AMEREN,JETBLUE AIRWAYS,1,0.0004476275738585497
AMEREN,JPMORGAN CHASE & CO.,1,0.0004476275738585497
AMEREN,KRAFT HEINZ,1,0.0004476275738585497
AMEREN,L3HARRIS TECHNOLOGIES,1,0.0004476275738585497
AMEREN,LEIDOS HOLDINGS,2,0.0008952551477170994
AMEREN,LIBERTY MUTUAL INSURANCE GROUP,1,0.0004476275738585497
AMEREN,LOCKHEED MARTIN,4,0.0017905102954341987
AMEREN,MAGELLAN HEALTH,1,0.0004476275738585497
AMEREN,MARATHON PETROLEUM,4,0.0017905102954341987
AMEREN,MGM RESORTS INTERNATIONAL,1,0.0004476275738585497
AMEREN,MICRON TECHNOLOGY,1,0.0004476275738585497
AMEREN,MICROSOFT,2,0.0008952551477170994
AMEREN,NATIONWIDE,2,0.0008952551477170994
AMEREN,NORTHERN TRUST,1,0.0004476275738585497
AMEREN,NORTHROP GRUMMAN,3,0.0013428827215756492
AMEREN,NRG ENERGY,1,0.0004476275738585497
AMEREN,ORACLE,2,0.0008952551477170994
AMEREN,OWENS CORNING,1,0.0004476275738585497
AMEREN,PEABODY ENERGY,1,0.0004476275738585497
AMEREN,PG&E,11,0.004923903312444047
AMEREN,PHILLIPS 66,2,0.0008952551477170994
AMEREN,PPG INDUSTRIES,3,0.0013428827215756492
AMEREN,PPL,9,0.0040286481647269475
AMEREN,PUBLIC SERVICE ENTERPRISE GROUP,4,0.0017905102954341987
AMEREN,RAYTHEON,2,0.0008952551477170994
AMEREN,SOUTHERN,2,0.0008952551477170994
AMEREN,SOUTHWEST AIRLINES,2,0.0008952551477170994
AMEREN,STANLEY BLACK & DECKER,1,0.0004476275738585497
AMEREN,TENET HEALTHCARE,1,0.0004476275738585497
AMEREN,TESLA,3,0.0013428827215756492
AMEREN,TEXTRON,1,0.0004476275738585497
AMEREN,THERMO FISHER SCIENTIFIC,1,0.0004476275738585497
AMEREN,UNION PACIFIC,2,0.0008952551477170994
AMEREN,UNITED AIRLINES HOLDINGS,1,0.0004476275738585497
AMEREN,UNITED TECHNOLOGIES,1,0.0004476275738585497
AMEREN,USAA,1,0.0004476275738585497
AMEREN,VALERO ENERGY,1,0.0004476275738585497
AMEREN,VF,1,0.0004476275738585497
AMEREN,W.R. BERKLEY,1,0.0004476275738585497
AMEREN,WALGREENS BOOTS ALLIANCE,1,0.0004476275738585497
AMEREN,WEC ENERGY GROUP,2,0.0008952551477170994
AMEREN,WESTROCK,1,0.0004476275738585497
AMEREN,WHIRLPOOL,1,0.0004476275738585497
AMEREN,XCEL ENERGY,14,0.006266786034019696
AMERICAN AIRLINES GROUP,AMERICAN ELECTRIC POWER,1,0.0004476275738585497
AMERICAN AIRLINES GROUP,AMERICAN EXPRESS,1,0.0004476275738585497
AMERICAN AIRLINES GROUP,AMERICAN FAMILY INSURANCE GROUP,2,0.0008952551477170994
AMERICAN AIRLINES GROUP,AMERIPRISE FINANCIAL,1,0.0004476275738585497
AMERICAN AIRLINES GROUP,AMGEN,1,0.0004476275738585497
AMERICAN AIRLINES GROUP,ARAMARK,1,0.0004476275738585497
AMERICAN AIRLINES GROUP,BALL,2,0.0008952551477170994
AMERICAN AIRLINES GROUP,BANK OF AMERICA,1,0.0004476275738585497
AMERICAN AIRLINES GROUP,BERKSHIRE HATHAWAY,5,0.0022381378692927483
AMERICAN AIRLINES GROUP,BLACKSTONE GROUP,1,0.0004476275738585497
AMERICAN AIRLINES GROUP,BOEING,2,0.0008952551477170994
AMERICAN AIRLINES GROUP,BRISTOL-MYERS SQUIBB,1,0.0004476275738585497
AMERICAN AIRLINES GROUP,CALPINE,1,0.0004476275738585497
AMERICAN AIRLINES GROUP,CAPITAL ONE FINANCIAL,1,0.0004476275738585497
AMERICAN AIRLINES GROUP,CENTENE,2,0.0008952551477170994
AMERICAN AIRLINES GROUP,CHEVRON,1,0.0004476275738585497
AMERICAN AIRLINES GROUP,CIGNA,1,0.0004476275738585497
AMERICAN AIRLINES GROUP,CITIGROUP,1,0.0004476275738585497
AMERICAN AIRLINES GROUP,CITIZENS FINANCIAL GROUP,1,0.0004476275738585497
AMERICAN AIRLINES GROUP,CMS ENERGY,3,0.0013428827215756492
AMERICAN AIRLINES GROUP,COGNIZANT TECHNOLOGY SOLUTIONS,3,0.0013428827215756492
AMERICAN AIRLINES GROUP,CONSTELLATION BRANDS,1,0.0004476275738585497
AMERICAN AIRLINES GROUP,CORNING,1,0.0004476275738585497
AMERICAN AIRLINES GROUP,CSX,1,0.0004476275738585497
AMERICAN AIRLINES GROUP,CUMMINS,3,0.0013428827215756492
AMERICAN AIRLINES GROUP,DANAHER,1,0.0004476275738585497
AMERICAN AIRLINES GROUP,DELTA AIR LINES,11,0.004923903312444047
AMERICAN AIRLINES GROUP,DTE ENERGY,3,0.0013428827215756492
AMERICAN AIRLINES GROUP,DUKE ENERGY,2,0.0008952551477170994
AMERICAN AIRLINES GROUP,EDISON INTERNATIONAL,1,0.0004476275738585497
AMERICAN AIRLINES GROUP,ELI LILLY,1,0.0004476275738585497
AMERICAN AIRLINES GROUP,ENTERGY,3,0.0013428827215756492
AMERICAN AIRLINES GROUP,EXELON,2,0.0008952551477170994
AMERICAN AIRLINES GROUP,EXXONMOBIL,1,0.0004476275738585497
AMERICAN AIRLINES GROUP,FACEBOOK,1,0.0004476275738585497
AMERICAN AIRLINES GROUP,FEDEX,9,0.0040286481647269475
AMERICAN AIRLINES GROUP,FIRSTENERGY,1,0.0004476275738585497
AMERICAN AIRLINES GROUP,GENERAL DYNAMICS,5,0.0022381378692927483
AMERICAN AIRLINES GROUP,GENERAL ELECTRIC,5,0.0022381378692927483
AMERICAN AIRLINES GROUP,GENERAL MILLS,1,0.0004476275738585497
AMERICAN AIRLINES GROUP,GENERAL MOTORS,1,0.0004476275738585497
AMERICAN AIRLINES GROUP,GILEAD SCIENCES,1,0.0004476275738585497
AMERICAN AIRLINES GROUP,GUARDIAN LIFE INS. CO. OF AMERICA,1,0.0004476275738585497
AMERICAN AIRLINES GROUP,HARTFORD FINANCIAL SERVICES,1,0.0004476275738585497
AMERICAN AIRLINES GROUP,HILTON WORLDWIDE HOLDINGS,3,0.0013428827215756492
AMERICAN AIRLINES GROUP,HOLLYFRONTIER,1,0.0004476275738585497
AMERICAN AIRLINES GROUP,HUMANA,1,0.0004476275738585497
AMERICAN AIRLINES GROUP,HUNTSMAN,1,0.0004476275738585497
AMERICAN AIRLINES GROUP,IBM,3,0.0013428827215756492
AMERICAN AIRLINES GROUP,JACOBS ENGINEERING GROUP,3,0.0013428827215756492
AMERICAN AIRLINES GROUP,JETBLUE AIRWAYS,1,0.0004476275738585497
AMERICAN AIRLINES GROUP,JONES FINANCIAL (EDWARD JONES),2,0.0008952551477170994
AMERICAN AIRLINES GROUP,JPMORGAN CHASE & CO.,1,0.0004476275738585497
AMERICAN AIRLINES GROUP,KRAFT HEINZ,1,0.0004476275738585497
AMERICAN AIRLINES GROUP,L3HARRIS TECHNOLOGIES,1,0.0004476275738585497
AMERICAN AIRLINES GROUP,LABORATORY CORP. OF AMERICA,1,0.0004476275738585497
AMERICAN AIRLINES GROUP,LEIDOS HOLDINGS,8,0.0035810205908683975
AMERICAN AIRLINES GROUP,LIVE NATION ENTERTAINMENT,1,0.0004476275738585497
AMERICAN AIRLINES GROUP,LOCKHEED MARTIN,6,0.0026857654431512983
AMERICAN AIRLINES GROUP,LUMEN TECHNOLOGIES,1,0.0004476275738585497
AMERICAN AIRLINES GROUP,MAGELLAN HEALTH,1,0.0004476275738585497
AMERICAN AIRLINES GROUP,MARRIOTT INTERNATIONAL,1,0.0004476275738585497
AMERICAN AIRLINES GROUP,MICROSOFT,1,0.0004476275738585497
AMERICAN AIRLINES GROUP,NATIONWIDE,4,0.0017905102954341987
AMERICAN AIRLINES GROUP,NORTHROP GRUMMAN,3,0.0013428827215756492
AMERICAN AIRLINES GROUP,NORTHWESTERN MUTUAL,1,0.0004476275738585497
AMERICAN AIRLINES GROUP,ORACLE,1,0.0004476275738585497
AMERICAN AIRLINES GROUP,PG&E,1,0.0004476275738585497
AMERICAN AIRLINES GROUP,PPG INDUSTRIES,1,0.0004476275738585497
AMERICAN AIRLINES GROUP,PPL,2,0.0008952551477170994
AMERICAN AIRLINES GROUP,PRINCIPAL FINANCIAL,1,0.0004476275738585497
AMERICAN AIRLINES GROUP,QUEST DIAGNOSTICS,2,0.0008952551477170994
AMERICAN AIRLINES GROUP,RAYTHEON,6,0.0026857654431512983
AMERICAN AIRLINES GROUP,SOUTHWEST AIRLINES,12,0.005371530886302597
AMERICAN AIRLINES GROUP,TEXTRON,1,0.0004476275738585497
AMERICAN AIRLINES GROUP,UNION PACIFIC,5,0.0022381378692927483
AMERICAN AIRLINES GROUP,UNITED AIRLINES HOLDINGS,32,0.01432408236347359
AMERICAN AIRLINES GROUP,UNITED PARCEL SERVICE,1,0.0004476275738585497
AMERICAN AIRLINES GROUP,UNITED TECHNOLOGIES,4,0.0017905102954341987
AMERICAN AIRLINES GROUP,USAA,1,0.0004476275738585497
AMERICAN AIRLINES GROUP,VERIZON,1,0.0004476275738585497
AMERICAN AIRLINES GROUP,WALGREENS BOOTS ALLIANCE,1,0.0004476275738585497
AMERICAN AIRLINES GROUP,WEYERHAEUSER,1,0.0004476275738585497
AMERICAN AIRLINES GROUP,XCEL ENERGY,2,0.0008952551477170994
AMERICAN ELECTRIC POWER,ARAMARK,1,0.0004476275738585497
AMERICAN ELECTRIC POWER,AT&T,4,0.0017905102954341987
AMERICAN ELECTRIC POWER,BALL,1,0.0004476275738585497
AMERICAN ELECTRIC POWER,BERKSHIRE HATHAWAY,43,0.019247985675917637
AMERICAN ELECTRIC POWER,BIOGEN,1,0.0004476275738585497
AMERICAN ELECTRIC POWER,BLACKSTONE GROUP,1,0.0004476275738585497
AMERICAN ELECTRIC POWER,CALPINE,12,0.005371530886302597
AMERICAN ELECTRIC POWER,CAPITAL ONE FINANCIAL,1,0.0004476275738585497
AMERICAN ELECTRIC POWER,CATERPILLAR,1,0.0004476275738585497
AMERICAN ELECTRIC POWER,CENTENE,2,0.0008952551477170994
AMERICAN ELECTRIC POWER,CENTERPOINT ENERGY,20,0.008952551477170993
AMERICAN ELECTRIC POWER,CHARTER COMMUNICATIONS,4,0.0017905102954341987
AMERICAN ELECTRIC POWER,CHEMOURS,1,0.0004476275738585497
AMERICAN ELECTRIC POWER,CHEVRON,3,0.0013428827215756492
AMERICAN ELECTRIC POWER,CIGNA,2,0.0008952551477170994
AMERICAN ELECTRIC POWER,CITIGROUP,1,0.0004476275738585497
AMERICAN ELECTRIC POWER,CMS ENERGY,43,0.019247985675917637
AMERICAN ELECTRIC POWER,CONOCOPHILLIPS,2,0.0008952551477170994
AMERICAN ELECTRIC POWER,CONSOLIDATED EDISON,2,0.0008952551477170994
AMERICAN ELECTRIC POWER,CONSTELLATION BRANDS,1,0.0004476275738585497
AMERICAN ELECTRIC POWER,CORNING,2,0.0008952551477170994
AMERICAN ELECTRIC POWER,CSX,1,0.0004476275738585497
AMERICAN ELECTRIC POWER,CUMMINS,4,0.0017905102954341987
AMERICAN ELECTRIC POWER,DANAHER,1,0.0004476275738585497
AMERICAN ELECTRIC POWER,DELL TECHNOLOGIES,2,0.0008952551477170994
AMERICAN ELECTRIC POWER,DELTA AIR LINES,1,0.0004476275738585497
AMERICAN ELECTRIC POWER,DOMINION ENERGY,2,0.0008952551477170994
AMERICAN ELECTRIC POWER,DTE ENERGY,38,0.017009847806624886
AMERICAN ELECTRIC POWER,DUKE ENERGY,18,0.008057296329453895
AMERICAN ELECTRIC POWER,DUPONT DE NEMOURS,2,0.0008952551477170994
AMERICAN ELECTRIC POWER,ECOLAB,3,0.0013428827215756492
AMERICAN ELECTRIC POWER,EDISON INTERNATIONAL,2,0.0008952551477170994
AMERICAN ELECTRIC POWER,ELI LILLY,1,0.0004476275738585497
AMERICAN ELECTRIC POWER,ENTERGY,25,0.011190689346463742
AMERICAN ELECTRIC POWER,EVERSOURCE ENERGY,9,0.0040286481647269475
AMERICAN ELECTRIC POWER,EXELON,31,0.01387645478961504
AMERICAN ELECTRIC POWER,EXXONMOBIL,3,0.0013428827215756492
AMERICAN ELECTRIC POWER,FEDEX,3,0.0013428827215756492
AMERICAN ELECTRIC POWER,FIRSTENERGY,21,0.009400179051029543
AMERICAN ELECTRIC POWER,FORD,2,0.0008952551477170994
AMERICAN ELECTRIC POWER,GENERAL DYNAMICS,1,0.0004476275738585497
AMERICAN ELECTRIC POWER,GENERAL ELECTRIC,2,0.0008952551477170994
AMERICAN ELECTRIC POWER,GENERAL MOTORS,4,0.0017905102954341987
AMERICAN ELECTRIC POWER,GILEAD SCIENCES,1,0.0004476275738585497
AMERICAN ELECTRIC POWER,GUARDIAN LIFE INS. CO. OF AMERICA,1,0.0004476275738585497
AMERICAN ELECTRIC POWER,HARTFORD FINANCIAL SERVICES,1,0.0004476275738585497
AMERICAN ELECTRIC POWER,HCA HEALTHCARE,2,0.0008952551477170994
AMERICAN ELECTRIC POWER,HERSHEY,1,0.0004476275738585497
AMERICAN ELECTRIC POWER,HILTON WORLDWIDE HOLDINGS,1,0.0004476275738585497
AMERICAN ELECTRIC POWER,HOLLYFRONTIER,1,0.0004476275738585497
AMERICAN ELECTRIC POWER,HOME DEPOT,1,0.0004476275738585497
AMERICAN ELECTRIC POWER,HUMANA,1,0.0004476275738585497
AMERICAN ELECTRIC POWER,IBM,1,0.0004476275738585497
AMERICAN ELECTRIC POWER,INTEL,2,0.0008952551477170994
AMERICAN ELECTRIC POWER,JOHNSON & JOHNSON,1,0.0004476275738585497
AMERICAN ELECTRIC POWER,JONES FINANCIAL (EDWARD JONES),1,0.0004476275738585497
AMERICAN ELECTRIC POWER,KROGER,1,0.0004476275738585497
AMERICAN ELECTRIC POWER,LEIDOS HOLDINGS,1,0.0004476275738585497
AMERICAN ELECTRIC POWER,LIBERTY MEDIA,1,0.0004476275738585497
AMERICAN ELECTRIC POWER,LIVE NATION ENTERTAINMENT,1,0.0004476275738585497
AMERICAN ELECTRIC POWER,LOCKHEED MARTIN,3,0.0013428827215756492
AMERICAN ELECTRIC POWER,LOEWS,1,0.0004476275738585497
AMERICAN ELECTRIC POWER,LUMEN TECHNOLOGIES,2,0.0008952551477170994
AMERICAN ELECTRIC POWER,MARATHON PETROLEUM,2,0.0008952551477170994
AMERICAN ELECTRIC POWER,MICROSOFT,3,0.0013428827215756492
AMERICAN ELECTRIC POWER,MOLINA HEALTHCARE,1,0.0004476275738585497
AMERICAN ELECTRIC POWER,MOTOROLA SOLUTIONS,1,0.0004476275738585497
AMERICAN ELECTRIC POWER,NATIONWIDE,3,0.0013428827215756492
AMERICAN ELECTRIC POWER,NAVISTAR INTERNATIONAL,1,0.0004476275738585497
AMERICAN ELECTRIC POWER,NORTHROP GRUMMAN,1,0.0004476275738585497
AMERICAN ELECTRIC POWER,NRG ENERGY,1,0.0004476275738585497
AMERICAN ELECTRIC POWER,ORACLE,1,0.0004476275738585497
AMERICAN ELECTRIC POWER,PEABODY ENERGY,2,0.0008952551477170994
AMERICAN ELECTRIC POWER,PG&E,19,0.008504923903312443
AMERICAN ELECTRIC POWER,PHILLIPS 66,1,0.0004476275738585497
AMERICAN ELECTRIC POWER,PPG INDUSTRIES,1,0.0004476275738585497
AMERICAN ELECTRIC POWER,PPL,33,0.01477170993733214
AMERICAN ELECTRIC POWER,PROCTER & GAMBLE,1,0.0004476275738585497
AMERICAN ELECTRIC POWER,PUBLIC SERVICE ENTERPRISE GROUP,6,0.0026857654431512983
AMERICAN ELECTRIC POWER,QUEST DIAGNOSTICS,1,0.0004476275738585497
AMERICAN ELECTRIC POWER,QURATE RETAIL,1,0.0004476275738585497
AMERICAN ELECTRIC POWER,REGIONS FINANCIAL,1,0.0004476275738585497
AMERICAN ELECTRIC POWER,SOUTHERN,4,0.0017905102954341987
AMERICAN ELECTRIC POWER,TENET HEALTHCARE,1,0.0004476275738585497
AMERICAN ELECTRIC POWER,TESLA,4,0.0017905102954341987
AMERICAN ELECTRIC POWER,UNION PACIFIC,1,0.0004476275738585497
AMERICAN ELECTRIC POWER,VERIZON,3,0.0013428827215756492
AMERICAN ELECTRIC POWER,VF,2,0.0008952551477170994
AMERICAN ELECTRIC POWER,WALGREENS BOOTS ALLIANCE,2,0.0008952551477170994
AMERICAN ELECTRIC POWER,WEC ENERGY GROUP,1,0.0004476275738585497
AMERICAN ELECTRIC POWER,WEYERHAEUSER,1,0.0004476275738585497
AMERICAN ELECTRIC POWER,XCEL ENERGY,37,0.01656222023276634
AMERICAN EXPRESS,AMERIPRISE FINANCIAL,1,0.0004476275738585497
AMERICAN EXPRESS,AMGEN,1,0.0004476275738585497
AMERICAN EXPRESS,AT&T,1,0.0004476275738585497
AMERICAN EXPRESS,BANK OF NEW YORK MELLON,1,0.0004476275738585497
AMERICAN EXPRESS,BLACKSTONE GROUP,1,0.0004476275738585497
AMERICAN EXPRESS,CAPITAL ONE FINANCIAL,1,0.0004476275738585497
AMERICAN EXPRESS,CATERPILLAR,1,0.0004476275738585497
AMERICAN EXPRESS,CBS,1,0.0004476275738585497
AMERICAN EXPRESS,CHEVRON,1,0.0004476275738585497
AMERICAN EXPRESS,CITIGROUP,1,0.0004476275738585497
AMERICAN EXPRESS,CITIZENS FINANCIAL GROUP,1,0.0004476275738585497
AMERICAN EXPRESS,COCA-COLA,2,0.0008952551477170994
AMERICAN EXPRESS,CUMMINS,2,0.0008952551477170994
AMERICAN EXPRESS,DANAHER,1,0.0004476275738585497
AMERICAN EXPRESS,DISCOVER FINANCIAL SERVICES,1,0.0004476275738585497
AMERICAN EXPRESS,FIFTH THIRD BANCORP,1,0.0004476275738585497
AMERICAN EXPRESS,FOX CORP,1,0.0004476275738585497
AMERICAN EXPRESS,GOLDMAN SACHS GROUP,1,0.0004476275738585497
AMERICAN EXPRESS,GUARDIAN LIFE INS. CO. OF AMERICA,1,0.0004476275738585497
AMERICAN EXPRESS,HARTFORD FINANCIAL SERVICES,2,0.0008952551477170994
AMERICAN EXPRESS,HEWLETT PACKARD ENTERPRISE,1,0.0004476275738585497
AMERICAN EXPRESS,HILTON WORLDWIDE HOLDINGS,1,0.0004476275738585497
AMERICAN EXPRESS,HUMANA,1,0.0004476275738585497
AMERICAN EXPRESS,IBM,3,0.0013428827215756492
AMERICAN EXPRESS,KEYCORP,1,0.0004476275738585497
AMERICAN EXPRESS,LABORATORY CORP. OF AMERICA,1,0.0004476275738585497
AMERICAN EXPRESS,LOCKHEED MARTIN,1,0.0004476275738585497
AMERICAN EXPRESS,LUMEN TECHNOLOGIES,1,0.0004476275738585497
AMERICAN EXPRESS,MCDONALD'S,1,0.0004476275738585497
AMERICAN EXPRESS,MICROSOFT,1,0.0004476275738585497
AMERICAN EXPRESS,NATIONWIDE,2,0.0008952551477170994
AMERICAN EXPRESS,NORTHERN TRUST,1,0.0004476275738585497
AMERICAN EXPRESS,NORTHWESTERN MUTUAL,1,0.0004476275738585497
AMERICAN EXPRESS,PNC FINANCIAL SERVICES,1,0.0004476275738585497
AMERICAN EXPRESS,PRINCIPAL FINANCIAL,1,0.0004476275738585497
AMERICAN EXPRESS,QUEST DIAGNOSTICS,1,0.0004476275738585497
AMERICAN EXPRESS,REGIONS FINANCIAL,1,0.0004476275738585497
AMERICAN EXPRESS,SEMPRA ENERGY,1,0.0004476275738585497
AMERICAN EXPRESS,STATE FARM INSURANCE,2,0.0008952551477170994
AMERICAN EXPRESS,STATE STREET CORP.,1,0.0004476275738585497
AMERICAN EXPRESS,SYNCHRONY FINANCIAL,2,0.0008952551477170994
AMERICAN EXPRESS,U.S. BANCORP,1,0.0004476275738585497
AMERICAN EXPRESS,UNITED TECHNOLOGIES,1,0.0004476275738585497
AMERICAN EXPRESS,VERIZON,2,0.0008952551477170994
AMERICAN EXPRESS,VISA,1,0.0004476275738585497
AMERICAN FAMILY INSURANCE GROUP,AMERIPRISE FINANCIAL,8,0.0035810205908683975
AMERICAN FAMILY INSURANCE GROUP,ASSURANT,8,0.0035810205908683975
AMERICAN FAMILY INSURANCE GROUP,AT&T,6,0.0026857654431512983
AMERICAN FAMILY INSURANCE GROUP,BALL,2,0.0008952551477170994
AMERICAN FAMILY INSURANCE GROUP,BANK OF AMERICA,3,0.0013428827215756492
AMERICAN FAMILY INSURANCE GROUP,BANK OF NEW YORK MELLON,1,0.0004476275738585497
AMERICAN FAMILY INSURANCE GROUP,BERKSHIRE HATHAWAY,3,0.0013428827215756492
AMERICAN FAMILY INSURANCE GROUP,BOEING,2,0.0008952551477170994
AMERICAN FAMILY INSURANCE GROUP,CATERPILLAR,2,0.0008952551477170994
AMERICAN FAMILY INSURANCE GROUP,CBS,5,0.0022381378692927483
AMERICAN FAMILY INSURANCE GROUP,CENTENE,5,0.0022381378692927483
AMERICAN FAMILY INSURANCE GROUP,CHARLES SCHWAB,2,0.0008952551477170994
AMERICAN FAMILY INSURANCE GROUP,CHARTER COMMUNICATIONS,2,0.0008952551477170994
AMERICAN FAMILY INSURANCE GROUP,CIGNA,2,0.0008952551477170994
AMERICAN FAMILY INSURANCE GROUP,CISCO SYSTEMS,1,0.0004476275738585497
AMERICAN FAMILY INSURANCE GROUP,CITIGROUP,1,0.0004476275738585497
AMERICAN FAMILY INSURANCE GROUP,CITIZENS FINANCIAL GROUP,2,0.0008952551477170994
AMERICAN FAMILY INSURANCE GROUP,CMS ENERGY,3,0.0013428827215756492
AMERICAN FAMILY INSURANCE GROUP,CONSTELLATION BRANDS,2,0.0008952551477170994
AMERICAN FAMILY INSURANCE GROUP,CORNING,1,0.0004476275738585497
AMERICAN FAMILY INSURANCE GROUP,CSX,1,0.0004476275738585497
AMERICAN FAMILY INSURANCE GROUP,CVS HEALTH,2,0.0008952551477170994
AMERICAN FAMILY INSURANCE GROUP,DAVITA,1,0.0004476275738585497
AMERICAN FAMILY INSURANCE GROUP,DELL TECHNOLOGIES,3,0.0013428827215756492
AMERICAN FAMILY INSURANCE GROUP,DELTA AIR LINES,3,0.0013428827215756492
AMERICAN FAMILY INSURANCE GROUP,DTE ENERGY,3,0.0013428827215756492
AMERICAN FAMILY INSURANCE GROUP,ENTERGY,3,0.0013428827215756492
AMERICAN FAMILY INSURANCE GROUP,EXELON,2,0.0008952551477170994
AMERICAN FAMILY INSURANCE GROUP,EXXONMOBIL,2,0.0008952551477170994
AMERICAN FAMILY INSURANCE GROUP,FACEBOOK,1,0.0004476275738585497
AMERICAN FAMILY INSURANCE GROUP,FEDEX,2,0.0008952551477170994
AMERICAN FAMILY INSURANCE GROUP,FIRSTENERGY,1,0.0004476275738585497
AMERICAN FAMILY INSURANCE GROUP,FLUOR,1,0.0004476275738585497
AMERICAN FAMILY INSURANCE GROUP,FOX CORP,8,0.0035810205908683975
AMERICAN FAMILY INSURANCE GROUP,GENERAL DYNAMICS,3,0.0013428827215756492
AMERICAN FAMILY INSURANCE GROUP,GENERAL ELECTRIC,3,0.0013428827215756492
AMERICAN FAMILY INSURANCE GROUP,GENERAL MOTORS,4,0.0017905102954341987
AMERICAN FAMILY INSURANCE GROUP,GILEAD SCIENCES,3,0.0013428827215756492
AMERICAN FAMILY INSURANCE GROUP,GUARDIAN LIFE INS. CO. OF AMERICA,2,0.0008952551477170994
AMERICAN FAMILY INSURANCE GROUP,HARTFORD FINANCIAL SERVICES,20,0.008952551477170993
AMERICAN FAMILY INSURANCE GROUP,HEWLETT PACKARD ENTERPRISE,1,0.0004476275738585497
AMERICAN FAMILY INSURANCE GROUP,HILTON WORLDWIDE HOLDINGS,2,0.0008952551477170994
AMERICAN FAMILY INSURANCE GROUP,HOLLYFRONTIER,1,0.0004476275738585497
AMERICAN FAMILY INSURANCE GROUP,HOME DEPOT,2,0.0008952551477170994
AMERICAN FAMILY INSURANCE GROUP,HONEYWELL INTERNATIONAL,1,0.0004476275738585497
AMERICAN FAMILY INSURANCE GROUP,HUMANA,2,0.0008952551477170994
AMERICAN FAMILY INSURANCE GROUP,IBM,7,0.003133393017009848
AMERICAN FAMILY INSURANCE GROUP,IHEARTMEDIA,2,0.0008952551477170994
AMERICAN FAMILY INSURANCE GROUP,JACOBS ENGINEERING GROUP,1,0.0004476275738585497
AMERICAN FAMILY INSURANCE GROUP,JPMORGAN CHASE & CO.,2,0.0008952551477170994
AMERICAN FAMILY INSURANCE GROUP,KELLOGG,1,0.0004476275738585497
AMERICAN FAMILY INSURANCE GROUP,KEYCORP,1,0.0004476275738585497
AMERICAN FAMILY INSURANCE GROUP,KROGER,4,0.0017905102954341987
AMERICAN FAMILY INSURANCE GROUP,LABORATORY CORP. OF AMERICA,2,0.0008952551477170994
AMERICAN FAMILY INSURANCE GROUP,LEIDOS HOLDINGS,1,0.0004476275738585497
AMERICAN FAMILY INSURANCE GROUP,LIBERTY MEDIA,2,0.0008952551477170994
AMERICAN FAMILY INSURANCE GROUP,LIBERTY MUTUAL INSURANCE GROUP,7,0.003133393017009848
AMERICAN FAMILY INSURANCE GROUP,LINCOLN NATIONAL,2,0.0008952551477170994
AMERICAN FAMILY INSURANCE GROUP,LOCKHEED MARTIN,5,0.0022381378692927483
AMERICAN FAMILY INSURANCE GROUP,LOEWS,1,0.0004476275738585497
AMERICAN FAMILY INSURANCE GROUP,MAGELLAN HEALTH,1,0.0004476275738585497
AMERICAN FAMILY INSURANCE GROUP,MARRIOTT INTERNATIONAL,1,0.0004476275738585497
AMERICAN FAMILY INSURANCE GROUP,MARSH & MCLENNAN,3,0.0013428827215756492
AMERICAN FAMILY INSURANCE GROUP,MICROSOFT,2,0.0008952551477170994
AMERICAN FAMILY INSURANCE GROUP,MOLINA HEALTHCARE,2,0.0008952551477170994
AMERICAN FAMILY INSURANCE GROUP,MOTOROLA SOLUTIONS,2,0.0008952551477170994
AMERICAN FAMILY INSURANCE GROUP,MUTUAL OF OMAHA INSURANCE,7,0.003133393017009848
AMERICAN FAMILY INSURANCE GROUP,NATIONWIDE,23,0.010295434198746643
AMERICAN FAMILY INSURANCE GROUP,NEW YORK LIFE INSURANCE,2,0.0008952551477170994
AMERICAN FAMILY INSURANCE GROUP,NORTHROP GRUMMAN,1,0.0004476275738585497
AMERICAN FAMILY INSURANCE GROUP,NORTHWESTERN MUTUAL,12,0.005371530886302597
AMERICAN FAMILY INSURANCE GROUP,PG&E,3,0.0013428827215756492
AMERICAN FAMILY INSURANCE GROUP,PHILLIPS 66,1,0.0004476275738585497
AMERICAN FAMILY INSURANCE GROUP,PNC FINANCIAL SERVICES,3,0.0013428827215756492
AMERICAN FAMILY INSURANCE GROUP,PPG INDUSTRIES,5,0.0022381378692927483
AMERICAN FAMILY INSURANCE GROUP,PPL,2,0.0008952551477170994
AMERICAN FAMILY INSURANCE GROUP,PRINCIPAL FINANCIAL,6,0.0026857654431512983
AMERICAN FAMILY INSURANCE GROUP,PRUDENTIAL FINANCIAL,4,0.0017905102954341987
AMERICAN FAMILY INSURANCE GROUP,PUBLIC SERVICE ENTERPRISE GROUP,2,0.0008952551477170994
AMERICAN FAMILY INSURANCE GROUP,QURATE RETAIL,2,0.0008952551477170994
AMERICAN FAMILY INSURANCE GROUP,RAYTHEON,2,0.0008952551477170994
AMERICAN FAMILY INSURANCE GROUP,SOUTHERN,1,0.0004476275738585497
AMERICAN FAMILY INSURANCE GROUP,SOUTHWEST AIRLINES,2,0.0008952551477170994
AMERICAN FAMILY INSURANCE GROUP,STATE FARM INSURANCE,11,0.004923903312444047
AMERICAN FAMILY INSURANCE GROUP,TARGET,3,0.0013428827215756492
AMERICAN FAMILY INSURANCE GROUP,TEXTRON,2,0.0008952551477170994
AMERICAN FAMILY INSURANCE GROUP,THERMO FISHER SCIENTIFIC,1,0.0004476275738585497
AMERICAN FAMILY INSURANCE GROUP,TRAVELERS,1,0.0004476275738585497
AMERICAN FAMILY INSURANCE GROUP,U.S. BANCORP,1,0.0004476275738585497
AMERICAN FAMILY INSURANCE GROUP,UNION PACIFIC,6,0.0026857654431512983
AMERICAN FAMILY INSURANCE GROUP,UNITED AIRLINES HOLDINGS,4,0.0017905102954341987
AMERICAN FAMILY INSURANCE GROUP,UNITED PARCEL SERVICE,1,0.0004476275738585497
AMERICAN FAMILY INSURANCE GROUP,UNITED TECHNOLOGIES,1,0.0004476275738585497
AMERICAN FAMILY INSURANCE GROUP,USAA,2,0.0008952551477170994
AMERICAN FAMILY INSURANCE GROUP,VERIZON,1,0.0004476275738585497
AMERICAN FAMILY INSURANCE GROUP,W.R. BERKLEY,1,0.0004476275738585497
AMERICAN FAMILY INSURANCE GROUP,WELLS FARGO,2,0.0008952551477170994
AMERICAN FAMILY INSURANCE GROUP,XCEL ENERGY,2,0.0008952551477170994
AMERICAN FAMILY INSURANCE GROUP,YUM BRANDS,3,0.0013428827215756492
AMERICAN TOWER,AT&T,1,0.0004476275738585497
AMERICAN TOWER,CHARTER COMMUNICATIONS,1,0.0004476275738585497
AMERIPRISE FINANCIAL,AMGEN,2,0.0008952551477170994
AMERIPRISE FINANCIAL,ARAMARK,2,0.0008952551477170994
AMERIPRISE FINANCIAL,ASSURANT,1,0.0004476275738585497
AMERIPRISE FINANCIAL,AT&T,7,0.003133393017009848
AMERIPRISE FINANCIAL,BANK OF AMERICA,6,0.0026857654431512983
AMERIPRISE FINANCIAL,BANK OF NEW YORK MELLON,1,0.0004476275738585497
AMERIPRISE FINANCIAL,BERKSHIRE HATHAWAY,2,0.0008952551477170994
AMERIPRISE FINANCIAL,BLACKROCK,5,0.0022381378692927483
AMERIPRISE FINANCIAL,BLACKSTONE GROUP,1,0.0004476275738585497
AMERIPRISE FINANCIAL,BOEING,4,0.0017905102954341987
AMERIPRISE FINANCIAL,BRIGHTHOUSE FINANCIAL,1,0.0004476275738585497
AMERIPRISE FINANCIAL,CALPINE,2,0.0008952551477170994
AMERIPRISE FINANCIAL,CAPITAL ONE FINANCIAL,5,0.0022381378692927483
AMERIPRISE FINANCIAL,CATERPILLAR,1,0.0004476275738585497
AMERIPRISE FINANCIAL,CBS,1,0.0004476275738585497
AMERIPRISE FINANCIAL,CENTENE,1,0.0004476275738585497
AMERIPRISE FINANCIAL,CENTERPOINT ENERGY,1,0.0004476275738585497
AMERIPRISE FINANCIAL,CHARLES SCHWAB,6,0.0026857654431512983
AMERIPRISE FINANCIAL,CHARTER COMMUNICATIONS,1,0.0004476275738585497
AMERIPRISE FINANCIAL,CHEVRON,1,0.0004476275738585497
AMERIPRISE FINANCIAL,CHS,2,0.0008952551477170994
AMERIPRISE FINANCIAL,CIGNA,4,0.0017905102954341987
AMERIPRISE FINANCIAL,CITIGROUP,4,0.0017905102954341987
AMERIPRISE FINANCIAL,CITIZENS FINANCIAL GROUP,4,0.0017905102954341987
AMERIPRISE FINANCIAL,CMS ENERGY,1,0.0004476275738585497
AMERIPRISE FINANCIAL,CONSTELLATION BRANDS,2,0.0008952551477170994
AMERIPRISE FINANCIAL,CORNING,1,0.0004476275738585497
AMERIPRISE FINANCIAL,CUMMINS,1,0.0004476275738585497
AMERIPRISE FINANCIAL,CVS HEALTH,2,0.0008952551477170994
AMERIPRISE FINANCIAL,DANAHER,1,0.0004476275738585497
AMERIPRISE FINANCIAL,DELL TECHNOLOGIES,2,0.0008952551477170994
AMERIPRISE FINANCIAL,DELTA AIR LINES,2,0.0008952551477170994
AMERIPRISE FINANCIAL,DISCOVER FINANCIAL SERVICES,1,0.0004476275738585497
AMERIPRISE FINANCIAL,DTE ENERGY,1,0.0004476275738585497
AMERIPRISE FINANCIAL,DUKE ENERGY,1,0.0004476275738585497
AMERIPRISE FINANCIAL,ECOLAB,2,0.0008952551477170994
AMERIPRISE FINANCIAL,ENTERGY,4,0.0017905102954341987
AMERIPRISE FINANCIAL,EVERSOURCE ENERGY,1,0.0004476275738585497
AMERIPRISE FINANCIAL,EXELON,1,0.0004476275738585497
AMERIPRISE FINANCIAL,EXXONMOBIL,4,0.0017905102954341987
AMERIPRISE FINANCIAL,FACEBOOK,1,0.0004476275738585497
AMERIPRISE FINANCIAL,FIFTH THIRD BANCORP,4,0.0017905102954341987
AMERIPRISE FINANCIAL,FIRSTENERGY,1,0.0004476275738585497
AMERIPRISE FINANCIAL,FORD,3,0.0013428827215756492
AMERIPRISE FINANCIAL,FOX CORP,2,0.0008952551477170994
AMERIPRISE FINANCIAL,GENERAL DYNAMICS,1,0.0004476275738585497
AMERIPRISE FINANCIAL,GENERAL ELECTRIC,1,0.0004476275738585497
AMERIPRISE FINANCIAL,GENERAL MOTORS,2,0.0008952551477170994
AMERIPRISE FINANCIAL,GENWORTH FINANCIAL,1,0.0004476275738585497
AMERIPRISE FINANCIAL,GUARDIAN LIFE INS. CO. OF AMERICA,6,0.0026857654431512983
AMERIPRISE FINANCIAL,HARTFORD FINANCIAL SERVICES,9,0.0040286481647269475
AMERIPRISE FINANCIAL,HEWLETT PACKARD ENTERPRISE,1,0.0004476275738585497
AMERIPRISE FINANCIAL,HILTON WORLDWIDE HOLDINGS,1,0.0004476275738585497
AMERIPRISE FINANCIAL,HOME DEPOT,4,0.0017905102954341987
AMERIPRISE FINANCIAL,HUMANA,2,0.0008952551477170994
AMERIPRISE FINANCIAL,IBM,2,0.0008952551477170994
AMERIPRISE FINANCIAL,IHEARTMEDIA,2,0.0008952551477170994
AMERIPRISE FINANCIAL,INTERNATIONAL PAPER,2,0.0008952551477170994
AMERIPRISE FINANCIAL,INTUIT,3,0.0013428827215756492
AMERIPRISE FINANCIAL,JETBLUE AIRWAYS,1,0.0004476275738585497
AMERIPRISE FINANCIAL,JONES FINANCIAL (EDWARD JONES),7,0.003133393017009848
AMERIPRISE FINANCIAL,JPMORGAN CHASE & CO.,8,0.0035810205908683975
AMERIPRISE FINANCIAL,KELLOGG,1,0.0004476275738585497
AMERIPRISE FINANCIAL,KEYCORP,5,0.0022381378692927483
AMERIPRISE FINANCIAL,KROGER,2,0.0008952551477170994
AMERIPRISE FINANCIAL,LABORATORY CORP. OF AMERICA,3,0.0013428827215756492
AMERIPRISE FINANCIAL,LEIDOS HOLDINGS,1,0.0004476275738585497
AMERIPRISE FINANCIAL,LIBERTY MEDIA,1,0.0004476275738585497
AMERIPRISE FINANCIAL,LIBERTY MUTUAL INSURANCE GROUP,2,0.0008952551477170994
AMERIPRISE FINANCIAL,LINCOLN NATIONAL,12,0.005371530886302597
AMERIPRISE FINANCIAL,LOCKHEED MARTIN,1,0.0004476275738585497
AMERIPRISE FINANCIAL,LOEWS,1,0.0004476275738585497
AMERIPRISE FINANCIAL,LOWE'S,2,0.0008952551477170994
AMERIPRISE FINANCIAL,MARATHON PETROLEUM,1,0.0004476275738585497
AMERIPRISE FINANCIAL,MARSH & MCLENNAN,2,0.0008952551477170994
AMERIPRISE FINANCIAL,MASSACHUSETTS MUTUAL LIFE INSURANCE,1,0.0004476275738585497
AMERIPRISE FINANCIAL,MICROSOFT,2,0.0008952551477170994
AMERIPRISE FINANCIAL,MUTUAL OF OMAHA INSURANCE,9,0.0040286481647269475
AMERIPRISE FINANCIAL,NATIONWIDE,35,0.01566696508504924
AMERIPRISE FINANCIAL,NAVIENT,1,0.0004476275738585497
AMERIPRISE FINANCIAL,NEW YORK LIFE INSURANCE,6,0.0026857654431512983
AMERIPRISE FINANCIAL,NEXTERA ENERGY,1,0.0004476275738585497
AMERIPRISE FINANCIAL,NORTHERN TRUST,5,0.0022381378692927483
AMERIPRISE FINANCIAL,NORTHWESTERN MUTUAL,26,0.011638316920322292
AMERIPRISE FINANCIAL,ORACLE,1,0.0004476275738585497
AMERIPRISE FINANCIAL,PEABODY ENERGY,1,0.0004476275738585497
AMERIPRISE FINANCIAL,PG&E,3,0.0013428827215756492
AMERIPRISE FINANCIAL,PHILLIPS 66,4,0.0017905102954341987
AMERIPRISE FINANCIAL,PNC FINANCIAL SERVICES,6,0.0026857654431512983
AMERIPRISE FINANCIAL,PPG INDUSTRIES,2,0.0008952551477170994
AMERIPRISE FINANCIAL,PPL,1,0.0004476275738585497
AMERIPRISE FINANCIAL,PRINCIPAL FINANCIAL,16,0.007162041181736795
AMERIPRISE FINANCIAL,PRUDENTIAL FINANCIAL,13,0.005819158460161146
AMERIPRISE FINANCIAL,PUBLIX SUPER MARKETS,4,0.0017905102954341987
AMERIPRISE FINANCIAL,QUEST DIAGNOSTICS,2,0.0008952551477170994
AMERIPRISE FINANCIAL,QURATE RETAIL,1,0.0004476275738585497
AMERIPRISE FINANCIAL,RAYTHEON,2,0.0008952551477170994
AMERIPRISE FINANCIAL,SOUTHWEST AIRLINES,1,0.0004476275738585497
AMERIPRISE FINANCIAL,STATE FARM INSURANCE,5,0.0022381378692927483
AMERIPRISE FINANCIAL,SYNCHRONY FINANCIAL,1,0.0004476275738585497
AMERIPRISE FINANCIAL,TARGET,1,0.0004476275738585497
AMERIPRISE FINANCIAL,TESLA,1,0.0004476275738585497
AMERIPRISE FINANCIAL,TIAA,14,0.006266786034019696
AMERIPRISE FINANCIAL,TRAVELERS,1,0.0004476275738585497
AMERIPRISE FINANCIAL,U.S. BANCORP,2,0.0008952551477170994
AMERIPRISE FINANCIAL,UNION PACIFIC,3,0.0013428827215756492
AMERIPRISE FINANCIAL,UNITED AIRLINES HOLDINGS,2,0.0008952551477170994
AMERIPRISE FINANCIAL,UNITED TECHNOLOGIES,2,0.0008952551477170994
AMERIPRISE FINANCIAL,USAA,2,0.0008952551477170994
AMERIPRISE FINANCIAL,W.R. BERKLEY,1,0.0004476275738585497
AMERIPRISE FINANCIAL,WALMART,1,0.0004476275738585497
AMERIPRISE FINANCIAL,WELLS FARGO,5,0.0022381378692927483
AMERIPRISE FINANCIAL,WESTERN UNION,1,0.0004476275738585497
AMERIPRISE FINANCIAL,XCEL ENERGY,2,0.0008952551477170994
AMERIPRISE FINANCIAL,XEROX,1,0.0004476275738585497
AMERIPRISE FINANCIAL,YUM BRANDS,1,0.0004476275738585497
AMERIPRISE FINANCIAL,YUM CHINA HOLDINGS,1,0.0004476275738585497
AMERISOURCEBERGEN,AMGEN,1,0.0004476275738585497
AMERISOURCEBERGEN,BIOGEN,1,0.0004476275738585497
AMERISOURCEBERGEN,BRISTOL-MYERS SQUIBB,3,0.0013428827215756492
AMERISOURCEBERGEN,CENTENE,1,0.0004476275738585497
AMERISOURCEBERGEN,CIGNA,3,0.0013428827215756492
AMERISOURCEBERGEN,CVS HEALTH,7,0.003133393017009848
AMERISOURCEBERGEN,ELI LILLY,1,0.0004476275738585497
AMERISOURCEBERGEN,GENERAL ELECTRIC,1,0.0004476275738585497
AMERISOURCEBERGEN,GILEAD SCIENCES,1,0.0004476275738585497
AMERISOURCEBERGEN,HUMANA,1,0.0004476275738585497
AMERISOURCEBERGEN,JOHNSON & JOHNSON,1,0.0004476275738585497
AMERISOURCEBERGEN,MAGELLAN HEALTH,1,0.0004476275738585497
AMERISOURCEBERGEN,MERCK,1,0.0004476275738585497
AMERISOURCEBERGEN,MUTUAL OF OMAHA INSURANCE,1,0.0004476275738585497
AMERISOURCEBERGEN,REGENERON PHARMACEUTICALS,1,0.0004476275738585497
AMERISOURCEBERGEN,RITE AID,4,0.0017905102954341987
AMERISOURCEBERGEN,WALGREENS BOOTS ALLIANCE,2,0.0008952551477170994
AMERISOURCEBERGEN,WALMART,3,0.0013428827215756492
AMGEN,APPLIED MATERIALS,1,0.0004476275738585497
AMGEN,ARAMARK,1,0.0004476275738585497
AMGEN,AT&T,1,0.0004476275738585497
AMGEN,BECTON DICKINSON,1,0.0004476275738585497
AMGEN,BEST BUY,1,0.0004476275738585497
AMGEN,BIOGEN,12,0.005371530886302597
AMGEN,BLACKSTONE GROUP,2,0.0008952551477170994
AMGEN,BOEING,3,0.0013428827215756492
AMGEN,BORGWARNER,1,0.0004476275738585497
AMGEN,BRISTOL-MYERS SQUIBB,33,0.01477170993733214
AMGEN,CAPITAL ONE FINANCIAL,1,0.0004476275738585497
AMGEN,CATERPILLAR,3,0.0013428827215756492
AMGEN,CBS,1,0.0004476275738585497
AMGEN,CENTENE,5,0.0022381378692927483
AMGEN,CHEVRON,1,0.0004476275738585497
AMGEN,CHS,1,0.0004476275738585497
AMGEN,CIGNA,5,0.0022381378692927483
AMGEN,CITIGROUP,2,0.0008952551477170994
AMGEN,CITIZENS FINANCIAL GROUP,1,0.0004476275738585497
AMGEN,COSTCO,1,0.0004476275738585497
AMGEN,CUMMINS,1,0.0004476275738585497
AMGEN,CVS HEALTH,10,0.004476275738585497
AMGEN,DANAHER,1,0.0004476275738585497
AMGEN,DAVITA,1,0.0004476275738585497
AMGEN,DEERE,1,0.0004476275738585497
AMGEN,DELL TECHNOLOGIES,2,0.0008952551477170994
AMGEN,DELTA AIR LINES,1,0.0004476275738585497
AMGEN,ELI LILLY,3,0.0013428827215756492
AMGEN,ENTERGY,1,0.0004476275738585497
AMGEN,EXXONMOBIL,1,0.0004476275738585497
AMGEN,FACEBOOK,1,0.0004476275738585497
AMGEN,FIFTH THIRD BANCORP,1,0.0004476275738585497
AMGEN,GENERAL ELECTRIC,5,0.0022381378692927483
AMGEN,GENERAL MOTORS,1,0.0004476275738585497
AMGEN,GENWORTH FINANCIAL,1,0.0004476275738585497
AMGEN,GILEAD SCIENCES,8,0.0035810205908683975
AMGEN,GOLDMAN SACHS GROUP,1,0.0004476275738585497
AMGEN,GUARDIAN LIFE INS. CO. OF AMERICA,3,0.0013428827215756492
AMGEN,HARTFORD FINANCIAL SERVICES,2,0.0008952551477170994
AMGEN,HCA HEALTHCARE,1,0.0004476275738585497
AMGEN,HEWLETT PACKARD ENTERPRISE,1,0.0004476275738585497
AMGEN,HILTON WORLDWIDE HOLDINGS,1,0.0004476275738585497
AMGEN,HONEYWELL INTERNATIONAL,1,0.0004476275738585497
AMGEN,HUMANA,6,0.0026857654431512983
AMGEN,HUNTSMAN,2,0.0008952551477170994
AMGEN,IBM,4,0.0017905102954341987
AMGEN,IHEARTMEDIA,1,0.0004476275738585497
AMGEN,INTERNATIONAL PAPER,1,0.0004476275738585497
AMGEN,JOHNSON & JOHNSON,8,0.0035810205908683975
AMGEN,LABORATORY CORP. OF AMERICA,3,0.0013428827215756492
AMGEN,LAS VEGAS SANDS,1,0.0004476275738585497
AMGEN,MAGELLAN HEALTH,4,0.0017905102954341987
AMGEN,MASSACHUSETTS MUTUAL LIFE INSURANCE,1,0.0004476275738585497
AMGEN,MCKESSON,3,0.0013428827215756492
AMGEN,MERCK,10,0.004476275738585497
AMGEN,METLIFE,1,0.0004476275738585497
AMGEN,MICROSOFT,1,0.0004476275738585497
AMGEN,MOLINA HEALTHCARE,1,0.0004476275738585497
AMGEN,MUTUAL OF OMAHA INSURANCE,5,0.0022381378692927483
AMGEN,NATIONWIDE,2,0.0008952551477170994
AMGEN,NAVIENT,1,0.0004476275738585497
AMGEN,NAVISTAR INTERNATIONAL,1,0.0004476275738585497
AMGEN,NEXTERA ENERGY,1,0.0004476275738585497
AMGEN,ORACLE,1,0.0004476275738585497
AMGEN,OWENS CORNING,1,0.0004476275738585497
AMGEN,OWENS-ILLINOIS,1,0.0004476275738585497
AMGEN,PEPSICO,1,0.0004476275738585497
AMGEN,PG&E,1,0.0004476275738585497
AMGEN,PPG INDUSTRIES,2,0.0008952551477170994
AMGEN,PRINCIPAL FINANCIAL,1,0.0004476275738585497
AMGEN,PRUDENTIAL FINANCIAL,1,0.0004476275738585497
AMGEN,QUEST DIAGNOSTICS,2,0.0008952551477170994
AMGEN,RAYTHEON,1,0.0004476275738585497
AMGEN,REGENERON PHARMACEUTICALS,2,0.0008952551477170994
AMGEN,RITE AID,3,0.0013428827215756492
AMGEN,S&P GLOBAL,1,0.0004476275738585497
AMGEN,SOUTHWEST AIRLINES,1,0.0004476275738585497
AMGEN,UNION PACIFIC,2,0.0008952551477170994
AMGEN,UNITED AIRLINES HOLDINGS,1,0.0004476275738585497
AMGEN,UNITED PARCEL SERVICE,1,0.0004476275738585497
AMGEN,W.R. BERKLEY,1,0.0004476275738585497
AMGEN,WALGREENS BOOTS ALLIANCE,2,0.0008952551477170994
AMGEN,WALMART,2,0.0008952551477170994
AMGEN,WESCO INTERNATIONAL,1,0.0004476275738585497
AMGEN,WESTERN UNION,1,0.0004476275738585497
APPLE,APPLIED MATERIALS,1,0.0004476275738585497
APPLE,AT&T,1,0.0004476275738585497
APPLE,CAMPBELL SOUP,1,0.0004476275738585497
APPLE,CHARTER COMMUNICATIONS,1,0.0004476275738585497
APPLE,CISCO SYSTEMS,1,0.0004476275738585497
APPLE,COCA-COLA,1,0.0004476275738585497
APPLE,COGNIZANT TECHNOLOGY SOLUTIONS,1,0.0004476275738585497
APPLE,CUMMINS,1,0.0004476275738585497
APPLE,FACEBOOK,2,0.0008952551477170994
APPLE,FOX CORP,1,0.0004476275738585497
APPLE,GAP,1,0.0004476275738585497
APPLE,HEWLETT PACKARD ENTERPRISE,1,0.0004476275738585497
APPLE,IBM,2,0.0008952551477170994
APPLE,INTEL,1,0.0004476275738585497
APPLE,INTUIT,1,0.0004476275738585497
APPLE,MICRON TECHNOLOGY,1,0.0004476275738585497
APPLE,MICROSOFT,1,0.0004476275738585497
APPLE,NIKE,1,0.0004476275738585497
APPLE,ORACLE,1,0.0004476275738585497
APPLE,PRINCIPAL FINANCIAL,1,0.0004476275738585497
APPLE,SALESFORCE,1,0.0004476275738585497
APPLE,TEXAS INSTRUMENTS,1,0.0004476275738585497
APPLE,WALT DISNEY,1,0.0004476275738585497
APPLIED MATERIALS,BALL,2,0.0008952551477170994
APPLIED MATERIALS,BERKSHIRE HATHAWAY,1,0.0004476275738585497
APPLIED MATERIALS,BEST BUY,1,0.0004476275738585497
APPLIED MATERIALS,BOEING,2,0.0008952551477170994
APPLIED MATERIALS,BORGWARNER,1,0.0004476275738585497
APPLIED MATERIALS,CATERPILLAR,1,0.0004476275738585497
APPLIED MATERIALS,CHEMOURS,1,0.0004476275738585497
APPLIED MATERIALS,CHS,1,0.0004476275738585497
APPLIED MATERIALS,CISCO SYSTEMS,3,0.0013428827215756492
APPLIED MATERIALS,CITIGROUP,1,0.0004476275738585497
APPLIED MATERIALS,CMS ENERGY,1,0.0004476275738585497
APPLIED MATERIALS,COGNIZANT TECHNOLOGY SOLUTIONS,2,0.0008952551477170994
APPLIED MATERIALS,CONOCOPHILLIPS,1,0.0004476275738585497
APPLIED MATERIALS,CORNING,3,0.0013428827215756492
APPLIED MATERIALS,COSTCO,1,0.0004476275738585497
APPLIED MATERIALS,CUMMINS,4,0.0017905102954341987
APPLIED MATERIALS,DEERE,1,0.0004476275738585497
APPLIED MATERIALS,DELL TECHNOLOGIES,2,0.0008952551477170994
APPLIED MATERIALS,DELTA AIR LINES,2,0.0008952551477170994
APPLIED MATERIALS,DTE ENERGY,1,0.0004476275738585497
APPLIED MATERIALS,DUKE ENERGY,1,0.0004476275738585497
APPLIED MATERIALS,DUPONT DE NEMOURS,1,0.0004476275738585497
APPLIED MATERIALS,ENTERGY,1,0.0004476275738585497
APPLIED MATERIALS,EXELON,1,0.0004476275738585497
APPLIED MATERIALS,EXXONMOBIL,1,0.0004476275738585497
APPLIED MATERIALS,FACEBOOK,3,0.0013428827215756492
APPLIED MATERIALS,FIFTH THIRD BANCORP,1,0.0004476275738585497
APPLIED MATERIALS,FLUOR,1,0.0004476275738585497
APPLIED MATERIALS,GENERAL DYNAMICS,2,0.0008952551477170994
APPLIED MATERIALS,GENERAL ELECTRIC,3,0.0013428827215756492
APPLIED MATERIALS,GENWORTH FINANCIAL,1,0.0004476275738585497
APPLIED MATERIALS,GOLDMAN SACHS GROUP,1,0.0004476275738585497
APPLIED MATERIALS,GOODYEAR TIRE & RUBBER,1,0.0004476275738585497
APPLIED MATERIALS,GUARDIAN LIFE INS. CO. OF AMERICA,1,0.0004476275738585497
APPLIED MATERIALS,HARTFORD FINANCIAL SERVICES,1,0.0004476275738585497
APPLIED MATERIALS,HEWLETT PACKARD ENTERPRISE,3,0.0013428827215756492
APPLIED MATERIALS,HOLLYFRONTIER,1,0.0004476275738585497
APPLIED MATERIALS,HOME DEPOT,1,0.0004476275738585497
APPLIED MATERIALS,HONEYWELL INTERNATIONAL,3,0.0013428827215756492
APPLIED MATERIALS,HUNTSMAN,2,0.0008952551477170994
APPLIED MATERIALS,IBM,7,0.003133393017009848
APPLIED MATERIALS,INTEL,3,0.0013428827215756492
APPLIED MATERIALS,INTERNATIONAL PAPER,1,0.0004476275738585497
APPLIED MATERIALS,INTUIT,2,0.0008952551477170994
APPLIED MATERIALS,JACOBS ENGINEERING GROUP,1,0.0004476275738585497
APPLIED MATERIALS,LABORATORY CORP. OF AMERICA,1,0.0004476275738585497
APPLIED MATERIALS,LEIDOS HOLDINGS,1,0.0004476275738585497
APPLIED MATERIALS,LOCKHEED MARTIN,2,0.0008952551477170994
APPLIED MATERIALS,MASSACHUSETTS MUTUAL LIFE INSURANCE,1,0.0004476275738585497
APPLIED MATERIALS,METLIFE,1,0.0004476275738585497
APPLIED MATERIALS,MICRON TECHNOLOGY,5,0.0022381378692927483
APPLIED MATERIALS,MICROSOFT,3,0.0013428827215756492
APPLIED MATERIALS,MOTOROLA SOLUTIONS,1,0.0004476275738585497
APPLIED MATERIALS,NATIONWIDE,1,0.0004476275738585497
APPLIED MATERIALS,NEXTERA ENERGY,1,0.0004476275738585497
APPLIED MATERIALS,NORTHROP GRUMMAN,2,0.0008952551477170994
APPLIED MATERIALS,ORACLE,4,0.0017905102954341987
APPLIED MATERIALS,OSHKOSH,1,0.0004476275738585497
APPLIED MATERIALS,OWENS-ILLINOIS,1,0.0004476275738585497
APPLIED MATERIALS,POLARIS INC,1,0.0004476275738585497
APPLIED MATERIALS,PPG INDUSTRIES,3,0.0013428827215756492
APPLIED MATERIALS,PPL,1,0.0004476275738585497
APPLIED MATERIALS,PRINCIPAL FINANCIAL,2,0.0008952551477170994
APPLIED MATERIALS,PRUDENTIAL FINANCIAL,1,0.0004476275738585497
APPLIED MATERIALS,PUBLIC SERVICE ENTERPRISE GROUP,1,0.0004476275738585497
APPLIED MATERIALS,QUALCOMM,1,0.0004476275738585497
APPLIED MATERIALS,RAYTHEON,2,0.0008952551477170994
APPLIED MATERIALS,RITE AID,1,0.0004476275738585497
APPLIED MATERIALS,S&P GLOBAL,1,0.0004476275738585497
APPLIED MATERIALS,SALESFORCE,2,0.0008952551477170994
APPLIED MATERIALS,SOUTHERN,1,0.0004476275738585497
APPLIED MATERIALS,TEXAS INSTRUMENTS,4,0.0017905102954341987
APPLIED MATERIALS,TEXTRON,1,0.0004476275738585497
APPLIED MATERIALS,UNION PACIFIC,1,0.0004476275738585497
APPLIED MATERIALS,UNITED TECHNOLOGIES,1,0.0004476275738585497
APPLIED MATERIALS,W.R. BERKLEY,1,0.0004476275738585497
APPLIED MATERIALS,WESCO INTERNATIONAL,1,0.0004476275738585497
APPLIED MATERIALS,WESTERN DIGITAL,2,0.0008952551477170994
APPLIED MATERIALS,WESTERN UNION,1,0.0004476275738585497
ARAMARK,AT&T,1,0.0004476275738585497
ARAMARK,BALL,1,0.0004476275738585497
ARAMARK,BECTON DICKINSON,1,0.0004476275738585497
ARAMARK,BERKSHIRE HATHAWAY,1,0.0004476275738585497
ARAMARK,CENTENE,1,0.0004476275738585497
ARAMARK,CHEMOURS,1,0.0004476275738585497
ARAMARK,CHEVRON,1,0.0004476275738585497
ARAMARK,CIGNA,1,0.0004476275738585497
ARAMARK,CMS ENERGY,1,0.0004476275738585497
ARAMARK,COCA-COLA,1,0.0004476275738585497
ARAMARK,CONSTELLATION BRANDS,1,0.0004476275738585497
ARAMARK,DELL TECHNOLOGIES,1,0.0004476275738585497
ARAMARK,DELTA AIR LINES,1,0.0004476275738585497
ARAMARK,DTE ENERGY,1,0.0004476275738585497
ARAMARK,ELI LILLY,1,0.0004476275738585497
ARAMARK,ENTERGY,1,0.0004476275738585497
ARAMARK,EXELON,1,0.0004476275738585497
ARAMARK,EXXONMOBIL,1,0.0004476275738585497
ARAMARK,FACEBOOK,1,0.0004476275738585497
ARAMARK,GENERAL ELECTRIC,1,0.0004476275738585497
ARAMARK,GUARDIAN LIFE INS. CO. OF AMERICA,1,0.0004476275738585497
ARAMARK,IBM,1,0.0004476275738585497
ARAMARK,IHEARTMEDIA,1,0.0004476275738585497
ARAMARK,INTUIT,1,0.0004476275738585497
ARAMARK,JACOBS ENGINEERING GROUP,3,0.0013428827215756492
ARAMARK,JONES FINANCIAL (EDWARD JONES),1,0.0004476275738585497
ARAMARK,LABORATORY CORP. OF AMERICA,1,0.0004476275738585497
ARAMARK,LIVE NATION ENTERTAINMENT,1,0.0004476275738585497
ARAMARK,LOCKHEED MARTIN,1,0.0004476275738585497
ARAMARK,LUMEN TECHNOLOGIES,1,0.0004476275738585497
ARAMARK,MCKESSON,1,0.0004476275738585497
ARAMARK,MICROSOFT,1,0.0004476275738585497
ARAMARK,NATIONWIDE,1,0.0004476275738585497
ARAMARK,NAVIENT,1,0.0004476275738585497
ARAMARK,OWENS & MINOR,1,0.0004476275738585497
ARAMARK,PG&E,1,0.0004476275738585497
ARAMARK,POLARIS INC,1,0.0004476275738585497
ARAMARK,PPL,1,0.0004476275738585497
ARAMARK,QUEST DIAGNOSTICS,2,0.0008952551477170994
ARAMARK,SOUTHWEST AIRLINES,1,0.0004476275738585497
ARAMARK,UNION PACIFIC,1,0.0004476275738585497
ARAMARK,UNITED AIRLINES HOLDINGS,1,0.0004476275738585497
ARAMARK,VF,3,0.0013428827215756492
ARAMARK,WALGREENS BOOTS ALLIANCE,1,0.0004476275738585497
ARAMARK,WEYERHAEUSER,1,0.0004476275738585497
ARAMARK,XCEL ENERGY,1,0.0004476275738585497
ARCONIC,BOEING,1,0.0004476275738585497
ARCONIC,INTERNATIONAL PAPER,2,0.0008952551477170994
ARTHUR J. GALLAGHER,BOEING,1,0.0004476275738585497
ARTHUR J. GALLAGHER,BOSTON SCIENTIFIC,1,0.0004476275738585497
ARTHUR J. GALLAGHER,DUKE ENERGY,2,0.0008952551477170994
ARTHUR J. GALLAGHER,TENNECO,1,0.0004476275738585497
ARTHUR J. GALLAGHER,XCEL ENERGY,2,0.0008952551477170994
ASSURANT,HARTFORD FINANCIAL SERVICES,3,0.0013428827215756492
ASSURANT,MARSH & MCLENNAN,1,0.0004476275738585497
ASSURANT,NATIONWIDE,1,0.0004476275738585497
ASSURANT,NORTHWESTERN MUTUAL,1,0.0004476275738585497
ASSURANT,PRINCIPAL FINANCIAL,1,0.0004476275738585497
ASSURANT,PRUDENTIAL FINANCIAL,1,0.0004476275738585497
ASSURANT,VERIZON,1,0.0004476275738585497
AT&T,BANK OF AMERICA,2,0.0008952551477170994
AT&T,BAXTER INTERNATIONAL,2,0.0008952551477170994
AT&T,BERKSHIRE HATHAWAY,6,0.0026857654431512983
AT&T,BEST BUY,2,0.0008952551477170994
AT&T,BLACKROCK,1,0.0004476275738585497
AT&T,BOEING,1,0.0004476275738585497
AT&T,CALPINE,3,0.0013428827215756492
AT&T,CATERPILLAR,2,0.0008952551477170994
AT&T,CBS,6,0.0026857654431512983
AT&T,CELANESE,1,0.0004476275738585497
AT&T,CENTENE,1,0.0004476275738585497
AT&T,CENTERPOINT ENERGY,1,0.0004476275738585497
AT&T,CHARTER COMMUNICATIONS,54,0.024171888988361683
AT&T,CHS,1,0.0004476275738585497
AT&T,CIGNA,3,0.0013428827215756492
AT&T,CISCO SYSTEMS,7,0.003133393017009848
AT&T,CITIGROUP,1,0.0004476275738585497
AT&T,CMS ENERGY,6,0.0026857654431512983
AT&T,COCA-COLA,5,0.0022381378692927483
AT&T,COMCAST,2,0.0008952551477170994
AT&T,CONOCOPHILLIPS,1,0.0004476275738585497
AT&T,CORNING,10,0.004476275738585497
AT&T,CSX,1,0.0004476275738585497
AT&T,CUMMINS,6,0.0026857654431512983
AT&T,CVS HEALTH,1,0.0004476275738585497
AT&T,DELL TECHNOLOGIES,9,0.0040286481647269475
AT&T,DELTA AIR LINES,1,0.0004476275738585497
AT&T,DISH NETWORK,9,0.0040286481647269475
AT&T,DTE ENERGY,4,0.0017905102954341987
AT&T,DUKE ENERGY,3,0.0013428827215756492
AT&T,DUPONT DE NEMOURS,1,0.0004476275738585497
AT&T,ECOLAB,2,0.0008952551477170994
AT&T,ENTERGY,6,0.0026857654431512983
AT&T,EVERSOURCE ENERGY,1,0.0004476275738585497
AT&T,EXELON,5,0.0022381378692927483
AT&T,EXXONMOBIL,5,0.0022381378692927483
AT&T,FACEBOOK,4,0.0017905102954341987
AT&T,FEDEX,2,0.0008952551477170994
AT&T,FIRSTENERGY,2,0.0008952551477170994
AT&T,FOX CORP,10,0.004476275738585497
AT&T,GENERAL ELECTRIC,3,0.0013428827215756492
AT&T,GENERAL MOTORS,5,0.0022381378692927483
AT&T,GENWORTH FINANCIAL,1,0.0004476275738585497
AT&T,GUARDIAN LIFE INS. CO. OF AMERICA,1,0.0004476275738585497
AT&T,HARTFORD FINANCIAL SERVICES,1,0.0004476275738585497
AT&T,HCA HEALTHCARE,1,0.0004476275738585497
AT&T,HEWLETT PACKARD ENTERPRISE,2,0.0008952551477170994
AT&T,HOME DEPOT,3,0.0013428827215756492
AT&T,HONEYWELL INTERNATIONAL,4,0.0017905102954341987
AT&T,HP,3,0.0013428827215756492
AT&T,IBM,13,0.005819158460161146
AT&T,IHEARTMEDIA,9,0.0040286481647269475
AT&T,INTEL,3,0.0013428827215756492
AT&T,INTERNATIONAL PAPER,2,0.0008952551477170994
AT&T,INTUIT,1,0.0004476275738585497
AT&T,JETBLUE AIRWAYS,1,0.0004476275738585497
AT&T,JPMORGAN CHASE & CO.,1,0.0004476275738585497
AT&T,KELLOGG,1,0.0004476275738585497
AT&T,KRAFT HEINZ,1,0.0004476275738585497
AT&T,KROGER,3,0.0013428827215756492
AT&T,LABORATORY CORP. OF AMERICA,2,0.0008952551477170994
AT&T,LIBERTY MEDIA,2,0.0008952551477170994
AT&T,LOCKHEED MARTIN,4,0.0017905102954341987
AT&T,LOWE'S,2,0.0008952551477170994
AT&T,LUMEN TECHNOLOGIES,7,0.003133393017009848
AT&T,MARATHON PETROLEUM,1,0.0004476275738585497
AT&T,MARSH & MCLENNAN,1,0.0004476275738585497
AT&T,MCDONALD'S,2,0.0008952551477170994
AT&T,MICRON TECHNOLOGY,1,0.0004476275738585497
AT&T,MICROSOFT,19,0.008504923903312443
AT&T,MOTOROLA SOLUTIONS,3,0.0013428827215756492
AT&T,MUTUAL OF OMAHA INSURANCE,2,0.0008952551477170994
AT&T,NATIONWIDE,7,0.003133393017009848
AT&T,NAVIENT,2,0.0008952551477170994
AT&T,NORTHERN TRUST,1,0.0004476275738585497
AT&T,NORTHWESTERN MUTUAL,3,0.0013428827215756492
AT&T,ORACLE,8,0.0035810205908683975
AT&T,PG&E,5,0.0022381378692927483
AT&T,PHILLIPS 66,4,0.0017905102954341987
AT&T,PPG INDUSTRIES,1,0.0004476275738585497
AT&T,PPL,3,0.0013428827215756492
AT&T,PRINCIPAL FINANCIAL,3,0.0013428827215756492
AT&T,PUBLIC SERVICE ENTERPRISE GROUP,1,0.0004476275738585497
AT&T,QUALCOMM,1,0.0004476275738585497
AT&T,QUEST DIAGNOSTICS,1,0.0004476275738585497
AT&T,QURATE RETAIL,2,0.0008952551477170994
AT&T,RAYTHEON,2,0.0008952551477170994
AT&T,REGIONS FINANCIAL,1,0.0004476275738585497
AT&T,RITE AID,2,0.0008952551477170994
AT&T,SEMPRA ENERGY,2,0.0008952551477170994
AT&T,SOUTHERN,1,0.0004476275738585497
AT&T,SOUTHWEST AIRLINES,2,0.0008952551477170994
AT&T,STANLEY BLACK & DECKER,1,0.0004476275738585497
AT&T,SYNCHRONY FINANCIAL,2,0.0008952551477170994
AT&T,TARGET,1,0.0004476275738585497
AT&T,TESLA,1,0.0004476275738585497
AT&T,TEXAS INSTRUMENTS,2,0.0008952551477170994
AT&T,U.S. BANCORP,1,0.0004476275738585497
AT&T,UNION PACIFIC,3,0.0013428827215756492
AT&T,UNITED AIRLINES HOLDINGS,3,0.0013428827215756492
AT&T,UNITED TECHNOLOGIES,1,0.0004476275738585497
AT&T,VERIZON,59,0.026410026857654433
AT&T,VF,1,0.0004476275738585497
AT&T,W.R. BERKLEY,1,0.0004476275738585497
AT&T,WALMART,2,0.0008952551477170994
AT&T,WALT DISNEY,3,0.0013428827215756492
AT&T,WEYERHAEUSER,1,0.0004476275738585497
AT&T,WINDSTREAM HOLDINGS,6,0.0026857654431512983
AT&T,XCEL ENERGY,5,0.0022381378692927483
AT&T,YUM BRANDS,3,0.0013428827215756492
BALL,BERKSHIRE HATHAWAY,7,0.003133393017009848
BALL,BLACKSTONE GROUP,2,0.0008952551477170994
BALL,BOEING,12,0.005371530886302597
BALL,BOOZ ALLEN HAMILTON,2,0.0008952551477170994
BALL,BRISTOL-MYERS SQUIBB,1,0.0004476275738585497
BALL,CATERPILLAR,2,0.0008952551477170994
BALL,CENTENE,6,0.0026857654431512983
BALL,CHEVRON,1,0.0004476275738585497
BALL,CHS,1,0.0004476275738585497
BALL,CIGNA,2,0.0008952551477170994
BALL,CISCO SYSTEMS,2,0.0008952551477170994
BALL,CMS ENERGY,9,0.0040286481647269475
BALL,COCA-COLA,6,0.0026857654431512983
BALL,COGNIZANT TECHNOLOGY SOLUTIONS,2,0.0008952551477170994
BALL,CONOCOPHILLIPS,1,0.0004476275738585497
BALL,CONSOLIDATED EDISON,1,0.0004476275738585497
BALL,CONSTELLATION BRANDS,1,0.0004476275738585497
BALL,CORNING,6,0.0026857654431512983
BALL,CSX,1,0.0004476275738585497
BALL,CUMMINS,7,0.003133393017009848
BALL,DAVITA,2,0.0008952551477170994
BALL,DELL TECHNOLOGIES,4,0.0017905102954341987
BALL,DELTA AIR LINES,8,0.0035810205908683975
BALL,DISH NETWORK,2,0.0008952551477170994
BALL,DTE ENERGY,7,0.003133393017009848
BALL,DUKE ENERGY,3,0.0013428827215756492
BALL,ECOLAB,1,0.0004476275738585497
BALL,ELI LILLY,1,0.0004476275738585497
BALL,ENTERGY,5,0.0022381378692927483
BALL,EVERSOURCE ENERGY,1,0.0004476275738585497
BALL,EXELON,6,0.0026857654431512983
BALL,EXXONMOBIL,7,0.003133393017009848
BALL,FACEBOOK,3,0.0013428827215756492
BALL,FEDEX,2,0.0008952551477170994
BALL,FIRSTENERGY,2,0.0008952551477170994
BALL,FLUOR,3,0.0013428827215756492
BALL,GENERAL DYNAMICS,8,0.0035810205908683975
BALL,GENERAL ELECTRIC,8,0.0035810205908683975
BALL,GENERAL MOTORS,2,0.0008952551477170994
BALL,GILEAD SCIENCES,3,0.0013428827215756492
BALL,GOODYEAR TIRE & RUBBER,1,0.0004476275738585497
BALL,GRAPHIC PACKAGING HOLDING,5,0.0022381378692927483
BALL,GUARDIAN LIFE INS. CO. OF AMERICA,1,0.0004476275738585497
BALL,HARTFORD FINANCIAL SERVICES,2,0.0008952551477170994
BALL,HCA HEALTHCARE,1,0.0004476275738585497
BALL,HEWLETT PACKARD ENTERPRISE,2,0.0008952551477170994
BALL,HOLLYFRONTIER,4,0.0017905102954341987
BALL,HONEYWELL INTERNATIONAL,2,0.0008952551477170994
BALL,HUNTSMAN,3,0.0013428827215756492
BALL,IBM,9,0.0040286481647269475
BALL,ILLINOIS TOOL WORKS,3,0.0013428827215756492
BALL,INTERNATIONAL PAPER,4,0.0017905102954341987
BALL,JACOBS ENGINEERING GROUP,4,0.0017905102954341987
BALL,JETBLUE AIRWAYS,1,0.0004476275738585497
BALL,JONES FINANCIAL (EDWARD JONES),1,0.0004476275738585497
BALL,JPMORGAN CHASE & CO.,1,0.0004476275738585497
BALL,KEURIG DR PEPPER,2,0.0008952551477170994
BALL,KROGER,1,0.0004476275738585497
BALL,L3HARRIS TECHNOLOGIES,4,0.0017905102954341987
BALL,LABORATORY CORP. OF AMERICA,1,0.0004476275738585497
BALL,LEIDOS HOLDINGS,8,0.0035810205908683975
BALL,LIBERTY MUTUAL INSURANCE GROUP,1,0.0004476275738585497
BALL,LIVE NATION ENTERTAINMENT,1,0.0004476275738585497
BALL,LOCKHEED MARTIN,19,0.008504923903312443
BALL,LUMEN TECHNOLOGIES,1,0.0004476275738585497
BALL,MAGELLAN HEALTH,2,0.0008952551477170994
BALL,MASCO,1,0.0004476275738585497
BALL,MICRON TECHNOLOGY,2,0.0008952551477170994
BALL,MICROSOFT,1,0.0004476275738585497
BALL,MOTOROLA SOLUTIONS,4,0.0017905102954341987
BALL,MUTUAL OF OMAHA INSURANCE,2,0.0008952551477170994
BALL,NATIONWIDE,1,0.0004476275738585497
BALL,NAVISTAR INTERNATIONAL,1,0.0004476275738585497
BALL,NORTHROP GRUMMAN,14,0.006266786034019696
BALL,ORACLE,6,0.0026857654431512983
BALL,OSHKOSH,1,0.0004476275738585497
BALL,PG&E,5,0.0022381378692927483
BALL,PHILLIPS 66,1,0.0004476275738585497
BALL,POLARIS INC,2,0.0008952551477170994
BALL,PPG INDUSTRIES,7,0.003133393017009848
BALL,PPL,5,0.0022381378692927483
BALL,PUBLIC SERVICE ENTERPRISE GROUP,3,0.0013428827215756492
BALL,QUEST DIAGNOSTICS,1,0.0004476275738585497
BALL,RAYTHEON,11,0.004923903312444047
BALL,SOUTHERN,1,0.0004476275738585497
BALL,SOUTHWEST AIRLINES,2,0.0008952551477170994
BALL,TEXAS INSTRUMENTS,2,0.0008952551477170994
BALL,TEXTRON,4,0.0017905102954341987
BALL,THERMO FISHER SCIENTIFIC,2,0.0008952551477170994
BALL,UNION PACIFIC,6,0.0026857654431512983
BALL,UNITED AIRLINES HOLDINGS,1,0.0004476275738585497
BALL,UNITED TECHNOLOGIES,7,0.003133393017009848
BALL,USAA,2,0.0008952551477170994
BALL,WALGREENS BOOTS ALLIANCE,1,0.0004476275738585497
BALL,WALMART,3,0.0013428827215756492
BALL,WASTE MANAGEMENT,2,0.0008952551477170994
BALL,WESTROCK,4,0.0017905102954341987
BALL,WHIRLPOOL,1,0.0004476275738585497
BALL,XCEL ENERGY,4,0.0017905102954341987
BANK OF AMERICA,BLACKROCK,1,0.0004476275738585497
BANK OF AMERICA,BOEING,1,0.0004476275738585497
BANK OF AMERICA,CAPITAL ONE FINANCIAL,4,0.0017905102954341987
BANK OF AMERICA,CATERPILLAR,1,0.0004476275738585497
BANK OF AMERICA,CHARLES SCHWAB,2,0.0008952551477170994
BANK OF AMERICA,CHARTER COMMUNICATIONS,1,0.0004476275738585497
BANK OF AMERICA,CIGNA,1,0.0004476275738585497
BANK OF AMERICA,CITIGROUP,5,0.0022381378692927483
BANK OF AMERICA,CITIZENS FINANCIAL GROUP,1,0.0004476275738585497
BANK OF AMERICA,COCA-COLA,1,0.0004476275738585497
BANK OF AMERICA,DELL TECHNOLOGIES,1,0.0004476275738585497
BANK OF AMERICA,EBAY,1,0.0004476275738585497
BANK OF AMERICA,ENTERGY,1,0.0004476275738585497
BANK OF AMERICA,EXXONMOBIL,1,0.0004476275738585497
BANK OF AMERICA,FIFTH THIRD BANCORP,3,0.0013428827215756492
BANK OF AMERICA,FORD,1,0.0004476275738585497
BANK OF AMERICA,FOX CORP,1,0.0004476275738585497
BANK OF AMERICA,GUARDIAN LIFE INS. CO. OF AMERICA,1,0.0004476275738585497
BANK OF AMERICA,HARTFORD FINANCIAL SERVICES,3,0.0013428827215756492
BANK OF AMERICA,HILTON WORLDWIDE HOLDINGS,1,0.0004476275738585497
BANK OF AMERICA,HOME DEPOT,1,0.0004476275738585497
BANK OF AMERICA,IBM,3,0.0013428827215756492
BANK OF AMERICA,IHEARTMEDIA,1,0.0004476275738585497
BANK OF AMERICA,INTERNATIONAL PAPER,1,0.0004476275738585497
BANK OF AMERICA,INTUIT,1,0.0004476275738585497
BANK OF AMERICA,JONES FINANCIAL (EDWARD JONES),1,0.0004476275738585497
BANK OF AMERICA,JPMORGAN CHASE & CO.,8,0.0035810205908683975
BANK OF AMERICA,KEYCORP,4,0.0017905102954341987
BANK OF AMERICA,KROGER,2,0.0008952551477170994
BANK OF AMERICA,LIBERTY MEDIA,1,0.0004476275738585497
BANK OF AMERICA,LINCOLN NATIONAL,1,0.0004476275738585497
BANK OF AMERICA,LOCKHEED MARTIN,1,0.0004476275738585497
BANK OF AMERICA,MARRIOTT INTERNATIONAL,1,0.0004476275738585497
BANK OF AMERICA,MICROSOFT,2,0.0008952551477170994
BANK OF AMERICA,MUTUAL OF OMAHA INSURANCE,3,0.0013428827215756492
BANK OF AMERICA,NATIONWIDE,4,0.0017905102954341987
BANK OF AMERICA,NCR,2,0.0008952551477170994
BANK OF AMERICA,NEW YORK LIFE INSURANCE,1,0.0004476275738585497
BANK OF AMERICA,NORTHERN TRUST,4,0.0017905102954341987
BANK OF AMERICA,NORTHWESTERN MUTUAL,2,0.0008952551477170994
BANK OF AMERICA,PNC FINANCIAL SERVICES,6,0.0026857654431512983
BANK OF AMERICA,PRINCIPAL FINANCIAL,1,0.0004476275738585497
BANK OF AMERICA,PRUDENTIAL FINANCIAL,1,0.0004476275738585497
BANK OF AMERICA,QURATE RETAIL,1,0.0004476275738585497
BANK OF AMERICA,RAYTHEON,1,0.0004476275738585497
BANK OF AMERICA,S&P GLOBAL,1,0.0004476275738585497
BANK OF AMERICA,SEMPRA ENERGY,1,0.0004476275738585497
BANK OF AMERICA,STATE FARM INSURANCE,2,0.0008952551477170994
BANK OF AMERICA,SYNCHRONY FINANCIAL,1,0.0004476275738585497
BANK OF AMERICA,TARGET,1,0.0004476275738585497
BANK OF AMERICA,TIAA,3,0.0013428827215756492
BANK OF AMERICA,UNITED AIRLINES HOLDINGS,3,0.0013428827215756492
BANK OF AMERICA,UNITED TECHNOLOGIES,1,0.0004476275738585497
BANK OF AMERICA,USAA,1,0.0004476275738585497
BANK OF AMERICA,VERIZON,1,0.0004476275738585497
BANK OF AMERICA,WELLS FARGO,4,0.0017905102954341987
BANK OF AMERICA,WESTERN UNION,3,0.0013428827215756492
BANK OF AMERICA,XEROX,1,0.0004476275738585497
BANK OF AMERICA,YUM BRANDS,2,0.0008952551477170994
BANK OF AMERICA,YUM CHINA HOLDINGS,2,0.0008952551477170994
BANK OF NEW YORK MELLON,BLACKROCK,1,0.0004476275738585497
BANK OF NEW YORK MELLON,CHARLES SCHWAB,1,0.0004476275738585497
BANK OF NEW YORK MELLON,CITIGROUP,1,0.0004476275738585497
BANK OF NEW YORK MELLON,CITIZENS FINANCIAL GROUP,1,0.0004476275738585497
BANK OF NEW YORK MELLON,CONSTELLATION BRANDS,1,0.0004476275738585497
BANK OF NEW YORK MELLON,DEAN FOODS,2,0.0008952551477170994
BANK OF NEW YORK MELLON,DISCOVER FINANCIAL SERVICES,1,0.0004476275738585497
BANK OF NEW YORK MELLON,FIFTH THIRD BANCORP,1,0.0004476275738585497
BANK OF NEW YORK MELLON,GOLDMAN SACHS GROUP,1,0.0004476275738585497
BANK OF NEW YORK MELLON,GUARDIAN LIFE INS. CO. OF AMERICA,1,0.0004476275738585497
BANK OF NEW YORK MELLON,HARTFORD FINANCIAL SERVICES,2,0.0008952551477170994
BANK OF NEW YORK MELLON,JPMORGAN CHASE & CO.,1,0.0004476275738585497
BANK OF NEW YORK MELLON,KELLOGG,2,0.0008952551477170994
BANK OF NEW YORK MELLON,KEYCORP,2,0.0008952551477170994
BANK OF NEW YORK MELLON,LINCOLN NATIONAL,1,0.0004476275738585497
BANK OF NEW YORK MELLON,MUTUAL OF OMAHA INSURANCE,1,0.0004476275738585497
BANK OF NEW YORK MELLON,NEW YORK LIFE INSURANCE,1,0.0004476275738585497
BANK OF NEW YORK MELLON,NORTHERN TRUST,1,0.0004476275738585497
BANK OF NEW YORK MELLON,NORTHWESTERN MUTUAL,2,0.0008952551477170994
BANK OF NEW YORK MELLON,PNC FINANCIAL SERVICES,2,0.0008952551477170994
BANK OF NEW YORK MELLON,PRUDENTIAL FINANCIAL,1,0.0004476275738585497
BANK OF NEW YORK MELLON,RAYTHEON,1,0.0004476275738585497
BANK OF NEW YORK MELLON,REGIONS FINANCIAL,1,0.0004476275738585497
BANK OF NEW YORK MELLON,STATE FARM INSURANCE,2,0.0008952551477170994
BANK OF NEW YORK MELLON,STATE STREET CORP.,1,0.0004476275738585497
BANK OF NEW YORK MELLON,SYNCHRONY FINANCIAL,1,0.0004476275738585497
BANK OF NEW YORK MELLON,TRAVELERS,1,0.0004476275738585497
BANK OF NEW YORK MELLON,U.S. BANCORP,2,0.0008952551477170994
BANK OF NEW YORK MELLON,VISA,1,0.0004476275738585497
BANK OF NEW YORK MELLON,WELLS FARGO,1,0.0004476275738585497
BAXTER INTERNATIONAL,CARDINAL HEALTH,1,0.0004476275738585497
BAXTER INTERNATIONAL,CHARTER COMMUNICATIONS,1,0.0004476275738585497
BAXTER INTERNATIONAL,CUMMINS,2,0.0008952551477170994
BAXTER INTERNATIONAL,CVS HEALTH,1,0.0004476275738585497
BAXTER INTERNATIONAL,DELL TECHNOLOGIES,2,0.0008952551477170994
BAXTER INTERNATIONAL,ECOLAB,1,0.0004476275738585497
BAXTER INTERNATIONAL,GENERAL ELECTRIC,1,0.0004476275738585497
BAXTER INTERNATIONAL,HONEYWELL INTERNATIONAL,2,0.0008952551477170994
BAXTER INTERNATIONAL,HP,1,0.0004476275738585497
BAXTER INTERNATIONAL,IBM,2,0.0008952551477170994
BAXTER INTERNATIONAL,INTEL,2,0.0008952551477170994
BAXTER INTERNATIONAL,JOHNSON & JOHNSON,1,0.0004476275738585497
BAXTER INTERNATIONAL,TEXAS INSTRUMENTS,2,0.0008952551477170994
BAXTER INTERNATIONAL,VERIZON,2,0.0008952551477170994
BECTON DICKINSON,BOSTON SCIENTIFIC,3,0.0013428827215756492
BECTON DICKINSON,BRISTOL-MYERS SQUIBB,3,0.0013428827215756492
BECTON DICKINSON,CAPITAL ONE FINANCIAL,1,0.0004476275738585497
BECTON DICKINSON,CARDINAL HEALTH,3,0.0013428827215756492
BECTON DICKINSON,CHEMOURS,1,0.0004476275738585497
BECTON DICKINSON,CHS,1,0.0004476275738585497
BECTON DICKINSON,CIGNA,1,0.0004476275738585497
BECTON DICKINSON,CORNING,2,0.0008952551477170994
BECTON DICKINSON,CUMMINS,1,0.0004476275738585497
BECTON DICKINSON,CVS HEALTH,2,0.0008952551477170994
BECTON DICKINSON,DANAHER,2,0.0008952551477170994
BECTON DICKINSON,DELL TECHNOLOGIES,1,0.0004476275738585497
BECTON DICKINSON,ECOLAB,2,0.0008952551477170994
BECTON DICKINSON,FACEBOOK,1,0.0004476275738585497
BECTON DICKINSON,GENERAL ELECTRIC,2,0.0008952551477170994
BECTON DICKINSON,GENERAL MILLS,1,0.0004476275738585497
BECTON DICKINSON,GENERAL MOTORS,1,0.0004476275738585497
BECTON DICKINSON,GUARDIAN LIFE INS. CO. OF AMERICA,1,0.0004476275738585497
BECTON DICKINSON,HEWLETT PACKARD ENTERPRISE,1,0.0004476275738585497
BECTON DICKINSON,HUMANA,2,0.0008952551477170994
BECTON DICKINSON,IBM,1,0.0004476275738585497
BECTON DICKINSON,JOHNSON & JOHNSON,2,0.0008952551477170994
BECTON DICKINSON,LABORATORY CORP. OF AMERICA,3,0.0013428827215756492
BECTON DICKINSON,MAGELLAN HEALTH,2,0.0008952551477170994
BECTON DICKINSON,MCKESSON,1,0.0004476275738585497
BECTON DICKINSON,MERCK,2,0.0008952551477170994
BECTON DICKINSON,MICRON TECHNOLOGY,1,0.0004476275738585497
BECTON DICKINSON,PNC FINANCIAL SERVICES,1,0.0004476275738585497
BECTON DICKINSON,PRINCIPAL FINANCIAL,1,0.0004476275738585497
BECTON DICKINSON,QUEST DIAGNOSTICS,2,0.0008952551477170994
BECTON DICKINSON,SALESFORCE,1,0.0004476275738585497
BECTON DICKINSON,STANLEY BLACK & DECKER,1,0.0004476275738585497
BECTON DICKINSON,THERMO FISHER SCIENTIFIC,2,0.0008952551477170994
BECTON DICKINSON,ZIMMER BIOMET HOLDINGS,1,0.0004476275738585497
BERKSHIRE HATHAWAY,BIOGEN,1,0.0004476275738585497
BERKSHIRE HATHAWAY,BLACKSTONE GROUP,1,0.0004476275738585497
BERKSHIRE HATHAWAY,BOEING,4,0.0017905102954341987
BERKSHIRE HATHAWAY,BOOZ ALLEN HAMILTON,1,0.0004476275738585497
BERKSHIRE HATHAWAY,BRISTOL-MYERS SQUIBB,1,0.0004476275738585497
BERKSHIRE HATHAWAY,CALPINE,18,0.008057296329453895
BERKSHIRE HATHAWAY,CAPITAL ONE FINANCIAL,1,0.0004476275738585497
BERKSHIRE HATHAWAY,CATERPILLAR,5,0.0022381378692927483
BERKSHIRE HATHAWAY,CELANESE,1,0.0004476275738585497
BERKSHIRE HATHAWAY,CENTENE,6,0.0026857654431512983
BERKSHIRE HATHAWAY,CENTERPOINT ENERGY,31,0.01387645478961504
BERKSHIRE HATHAWAY,CHARTER COMMUNICATIONS,5,0.0022381378692927483
BERKSHIRE HATHAWAY,CHEMOURS,3,0.0013428827215756492
BERKSHIRE HATHAWAY,CHEVRON,10,0.004476275738585497
BERKSHIRE HATHAWAY,CHS,2,0.0008952551477170994
BERKSHIRE HATHAWAY,CIGNA,3,0.0013428827215756492
BERKSHIRE HATHAWAY,CISCO SYSTEMS,1,0.0004476275738585497
BERKSHIRE HATHAWAY,CITIGROUP,1,0.0004476275738585497
BERKSHIRE HATHAWAY,CMS ENERGY,114,0.051029543419874666
BERKSHIRE HATHAWAY,COGNIZANT TECHNOLOGY SOLUTIONS,1,0.0004476275738585497
BERKSHIRE HATHAWAY,CONOCOPHILLIPS,8,0.0035810205908683975
BERKSHIRE HATHAWAY,CONSOLIDATED EDISON,4,0.0017905102954341987
BERKSHIRE HATHAWAY,CONSTELLATION BRANDS,2,0.0008952551477170994
BERKSHIRE HATHAWAY,CORNING,9,0.0040286481647269475
BERKSHIRE HATHAWAY,CSX,18,0.008057296329453895
BERKSHIRE HATHAWAY,CUMMINS,15,0.006714413607878245
BERKSHIRE HATHAWAY,CVS HEALTH,1,0.0004476275738585497
BERKSHIRE HATHAWAY,DANAHER,1,0.0004476275738585497
BERKSHIRE HATHAWAY,DAVITA,2,0.0008952551477170994
BERKSHIRE HATHAWAY,DELL TECHNOLOGIES,3,0.0013428827215756492
BERKSHIRE HATHAWAY,DELTA AIR LINES,10,0.004476275738585497
BERKSHIRE HATHAWAY,DOMINION ENERGY,4,0.0017905102954341987
BERKSHIRE HATHAWAY,DTE ENERGY,101,0.045210384959713516
BERKSHIRE HATHAWAY,DUKE ENERGY,32,0.01432408236347359
BERKSHIRE HATHAWAY,DUPONT DE NEMOURS,2,0.0008952551477170994
BERKSHIRE HATHAWAY,ECOLAB,5,0.0022381378692927483
BERKSHIRE HATHAWAY,EDISON INTERNATIONAL,8,0.0035810205908683975
BERKSHIRE HATHAWAY,ELI LILLY,1,0.0004476275738585497
BERKSHIRE HATHAWAY,ENERGY TRANSFER,2,0.0008952551477170994
BERKSHIRE HATHAWAY,ENTERGY,43,0.019247985675917637
BERKSHIRE HATHAWAY,EVERSOURCE ENERGY,13,0.005819158460161146
BERKSHIRE HATHAWAY,EXELON,72,0.03222918531781558
BERKSHIRE HATHAWAY,EXXONMOBIL,16,0.007162041181736795
BERKSHIRE HATHAWAY,FACEBOOK,1,0.0004476275738585497
BERKSHIRE HATHAWAY,FEDEX,6,0.0026857654431512983
BERKSHIRE HATHAWAY,FIRSTENERGY,33,0.01477170993733214
BERKSHIRE HATHAWAY,FLUOR,6,0.0026857654431512983
BERKSHIRE HATHAWAY,FORD,3,0.0013428827215756492
BERKSHIRE HATHAWAY,GENERAL DYNAMICS,9,0.0040286481647269475
BERKSHIRE HATHAWAY,GENERAL ELECTRIC,16,0.007162041181736795
BERKSHIRE HATHAWAY,GENERAL MOTORS,10,0.004476275738585497
BERKSHIRE HATHAWAY,GILEAD SCIENCES,5,0.0022381378692927483
BERKSHIRE HATHAWAY,GOODYEAR TIRE & RUBBER,1,0.0004476275738585497
BERKSHIRE HATHAWAY,GRAPHIC PACKAGING HOLDING,1,0.0004476275738585497
BERKSHIRE HATHAWAY,GUARDIAN LIFE INS. CO. OF AMERICA,2,0.0008952551477170994
BERKSHIRE HATHAWAY,HARTFORD FINANCIAL SERVICES,3,0.0013428827215756492
BERKSHIRE HATHAWAY,HCA HEALTHCARE,2,0.0008952551477170994
BERKSHIRE HATHAWAY,HERSHEY,1,0.0004476275738585497
BERKSHIRE HATHAWAY,HEWLETT PACKARD ENTERPRISE,1,0.0004476275738585497
BERKSHIRE HATHAWAY,HILTON WORLDWIDE HOLDINGS,1,0.0004476275738585497
BERKSHIRE HATHAWAY,HOLLYFRONTIER,5,0.0022381378692927483
BERKSHIRE HATHAWAY,HOME DEPOT,3,0.0013428827215756492
BERKSHIRE HATHAWAY,HONEYWELL INTERNATIONAL,3,0.0013428827215756492
BERKSHIRE HATHAWAY,HUMANA,2,0.0008952551477170994
BERKSHIRE HATHAWAY,HUNTSMAN,3,0.0013428827215756492
BERKSHIRE HATHAWAY,IBM,7,0.003133393017009848
BERKSHIRE HATHAWAY,ILLINOIS TOOL WORKS,1,0.0004476275738585497
BERKSHIRE HATHAWAY,INTEL,3,0.0013428827215756492
BERKSHIRE HATHAWAY,INTERNATIONAL PAPER,2,0.0008952551477170994
BERKSHIRE HATHAWAY,INTUIT,1,0.0004476275738585497
BERKSHIRE HATHAWAY,JACOBS ENGINEERING GROUP,2,0.0008952551477170994
BERKSHIRE HATHAWAY,JETBLUE AIRWAYS,1,0.0004476275738585497
BERKSHIRE HATHAWAY,JOHNSON & JOHNSON,1,0.0004476275738585497
BERKSHIRE HATHAWAY,JONES FINANCIAL (EDWARD JONES),2,0.0008952551477170994
BERKSHIRE HATHAWAY,JPMORGAN CHASE & CO.,1,0.0004476275738585497
BERKSHIRE HATHAWAY,KRAFT HEINZ,1,0.0004476275738585497
BERKSHIRE HATHAWAY,KROGER,1,0.0004476275738585497
BERKSHIRE HATHAWAY,L3HARRIS TECHNOLOGIES,1,0.0004476275738585497
BERKSHIRE HATHAWAY,LEIDOS HOLDINGS,7,0.003133393017009848
BERKSHIRE HATHAWAY,LIBERTY MEDIA,1,0.0004476275738585497
BERKSHIRE HATHAWAY,LIBERTY MUTUAL INSURANCE GROUP,1,0.0004476275738585497
BERKSHIRE HATHAWAY,LIVE NATION ENTERTAINMENT,1,0.0004476275738585497
BERKSHIRE HATHAWAY,LOCKHEED MARTIN,13,0.005819158460161146
BERKSHIRE HATHAWAY,LOEWS,3,0.0013428827215756492
BERKSHIRE HATHAWAY,LUMEN TECHNOLOGIES,2,0.0008952551477170994
BERKSHIRE HATHAWAY,MAGELLAN HEALTH,2,0.0008952551477170994
BERKSHIRE HATHAWAY,MARATHON PETROLEUM,6,0.0026857654431512983
BERKSHIRE HATHAWAY,MCKESSON,1,0.0004476275738585497
BERKSHIRE HATHAWAY,MICRON TECHNOLOGY,3,0.0013428827215756492
BERKSHIRE HATHAWAY,MICROSOFT,4,0.0017905102954341987
BERKSHIRE HATHAWAY,MOLINA HEALTHCARE,1,0.0004476275738585497
BERKSHIRE HATHAWAY,MOTOROLA SOLUTIONS,4,0.0017905102954341987
BERKSHIRE HATHAWAY,NATIONWIDE,7,0.003133393017009848
BERKSHIRE HATHAWAY,NAVISTAR INTERNATIONAL,1,0.0004476275738585497
BERKSHIRE HATHAWAY,NORFOLK SOUTHERN,7,0.003133393017009848
BERKSHIRE HATHAWAY,NORTHERN TRUST,1,0.0004476275738585497
BERKSHIRE HATHAWAY,NORTHROP GRUMMAN,7,0.003133393017009848
BERKSHIRE HATHAWAY,NRG ENERGY,1,0.0004476275738585497
BERKSHIRE HATHAWAY,ONEOK,2,0.0008952551477170994
BERKSHIRE HATHAWAY,ORACLE,4,0.0017905102954341987
BERKSHIRE HATHAWAY,OSHKOSH,2,0.0008952551477170994
BERKSHIRE HATHAWAY,OWENS CORNING,1,0.0004476275738585497
BERKSHIRE HATHAWAY,PEABODY ENERGY,2,0.0008952551477170994
BERKSHIRE HATHAWAY,PG&E,38,0.017009847806624886
BERKSHIRE HATHAWAY,PHILLIPS 66,4,0.0017905102954341987
BERKSHIRE HATHAWAY,PPG INDUSTRIES,8,0.0035810205908683975
BERKSHIRE HATHAWAY,PPL,52,0.023276633840644583
BERKSHIRE HATHAWAY,PRINCIPAL FINANCIAL,1,0.0004476275738585497
BERKSHIRE HATHAWAY,PROCTER & GAMBLE,1,0.0004476275738585497
BERKSHIRE HATHAWAY,PUBLIC SERVICE ENTERPRISE GROUP,14,0.006266786034019696
BERKSHIRE HATHAWAY,QUEST DIAGNOSTICS,1,0.0004476275738585497
BERKSHIRE HATHAWAY,QURATE RETAIL,1,0.0004476275738585497
BERKSHIRE HATHAWAY,RAYTHEON,8,0.0035810205908683975
BERKSHIRE HATHAWAY,REGIONS FINANCIAL,1,0.0004476275738585497
BERKSHIRE HATHAWAY,SALESFORCE,1,0.0004476275738585497
BERKSHIRE HATHAWAY,SEMPRA ENERGY,2,0.0008952551477170994
BERKSHIRE HATHAWAY,SHERWIN-WILLIAMS,2,0.0008952551477170994
BERKSHIRE HATHAWAY,SOUTHERN,12,0.005371530886302597
BERKSHIRE HATHAWAY,SOUTHWEST AIRLINES,5,0.0022381378692927483
BERKSHIRE HATHAWAY,STANLEY BLACK & DECKER,1,0.0004476275738585497
BERKSHIRE HATHAWAY,TENET HEALTHCARE,1,0.0004476275738585497
BERKSHIRE HATHAWAY,TESLA,7,0.003133393017009848
BERKSHIRE HATHAWAY,TEXTRON,3,0.0013428827215756492
BERKSHIRE HATHAWAY,THERMO FISHER SCIENTIFIC,2,0.0008952551477170994
BERKSHIRE HATHAWAY,UNION PACIFIC,32,0.01432408236347359
BERKSHIRE HATHAWAY,UNITED AIRLINES HOLDINGS,4,0.0017905102954341987
BERKSHIRE HATHAWAY,UNITED TECHNOLOGIES,5,0.0022381378692927483
BERKSHIRE HATHAWAY,USAA,2,0.0008952551477170994
BERKSHIRE HATHAWAY,VALERO ENERGY,1,0.0004476275738585497
BERKSHIRE HATHAWAY,VERIZON,4,0.0017905102954341987
BERKSHIRE HATHAWAY,VF,2,0.0008952551477170994
BERKSHIRE HATHAWAY,W.R. BERKLEY,1,0.0004476275738585497
BERKSHIRE HATHAWAY,WALGREENS BOOTS ALLIANCE,2,0.0008952551477170994
BERKSHIRE HATHAWAY,WEC ENERGY GROUP,2,0.0008952551477170994
BERKSHIRE HATHAWAY,WELLS FARGO,1,0.0004476275738585497
BERKSHIRE HATHAWAY,WESTROCK,1,0.0004476275738585497
BERKSHIRE HATHAWAY,WEYERHAEUSER,1,0.0004476275738585497
BERKSHIRE HATHAWAY,WHIRLPOOL,1,0.0004476275738585497
BERKSHIRE HATHAWAY,XCEL ENERGY,66,0.02954341987466428
BEST BUY,BOEING,1,0.0004476275738585497
BEST BUY,BORGWARNER,1,0.0004476275738585497
BEST BUY,CATERPILLAR,1,0.0004476275738585497
BEST BUY,CHS,1,0.0004476275738585497
BEST BUY,CITIGROUP,1,0.0004476275738585497
BEST BUY,COCA-COLA,2,0.0008952551477170994
BEST BUY,COSTCO,1,0.0004476275738585497
BEST BUY,CVS HEALTH,3,0.0013428827215756492
BEST BUY,DEERE,1,0.0004476275738585497
BEST BUY,DELL TECHNOLOGIES,1,0.0004476275738585497
BEST BUY,EXXONMOBIL,1,0.0004476275738585497
BEST BUY,FACEBOOK,1,0.0004476275738585497
BEST BUY,FIFTH THIRD BANCORP,1,0.0004476275738585497
BEST BUY,GENERAL ELECTRIC,1,0.0004476275738585497
BEST BUY,GENWORTH FINANCIAL,1,0.0004476275738585497
BEST BUY,GOLDMAN SACHS GROUP,1,0.0004476275738585497
BEST BUY,GUARDIAN LIFE INS. CO. OF AMERICA,1,0.0004476275738585497
BEST BUY,HARTFORD FINANCIAL SERVICES,1,0.0004476275738585497
BEST BUY,HOME DEPOT,3,0.0013428827215756492
BEST BUY,HONEYWELL INTERNATIONAL,1,0.0004476275738585497
BEST BUY,HP,1,0.0004476275738585497
BEST BUY,HUNTSMAN,1,0.0004476275738585497
BEST BUY,IBM,1,0.0004476275738585497
BEST BUY,INTERNATIONAL PAPER,1,0.0004476275738585497
BEST BUY,KROGER,1,0.0004476275738585497
BEST BUY,LEIDOS HOLDINGS,1,0.0004476275738585497
BEST BUY,LOEWS,1,0.0004476275738585497
BEST BUY,LOWE'S,2,0.0008952551477170994
BEST BUY,MARRIOTT INTERNATIONAL,1,0.0004476275738585497
BEST BUY,MASSACHUSETTS MUTUAL LIFE INSURANCE,1,0.0004476275738585497
BEST BUY,MCDONALD'S,4,0.0017905102954341987
BEST BUY,METLIFE,1,0.0004476275738585497
BEST BUY,MICROSOFT,1,0.0004476275738585497
BEST BUY,NATIONWIDE,2,0.0008952551477170994
BEST BUY,NEXTERA ENERGY,1,0.0004476275738585497
BEST BUY,ORACLE,1,0.0004476275738585497
BEST BUY,OWENS-ILLINOIS,1,0.0004476275738585497
BEST BUY,PPG INDUSTRIES,1,0.0004476275738585497
BEST BUY,PRUDENTIAL FINANCIAL,1,0.0004476275738585497
BEST BUY,RITE AID,3,0.0013428827215756492
BEST BUY,S&P GLOBAL,1,0.0004476275738585497
BEST BUY,TARGET,3,0.0013428827215756492
BEST BUY,VERIZON,2,0.0008952551477170994
BEST BUY,W.R. BERKLEY,1,0.0004476275738585497
BEST BUY,WALGREENS BOOTS ALLIANCE,1,0.0004476275738585497
BEST BUY,WALMART,2,0.0008952551477170994
BEST BUY,WESCO INTERNATIONAL,1,0.0004476275738585497
BEST BUY,WESTERN UNION,1,0.0004476275738585497
BEST BUY,YUM BRANDS,2,0.0008952551477170994
BIOGEN,BLACKSTONE GROUP,2,0.0008952551477170994
BIOGEN,BOEING,1,0.0004476275738585497
BIOGEN,BRISTOL-MYERS SQUIBB,10,0.004476275738585497
BIOGEN,CAPITAL ONE FINANCIAL,1,0.0004476275738585497
BIOGEN,CARDINAL HEALTH,1,0.0004476275738585497
BIOGEN,CATERPILLAR,2,0.0008952551477170994
BIOGEN,CENTENE,6,0.0026857654431512983
BIOGEN,CENTERPOINT ENERGY,1,0.0004476275738585497
BIOGEN,CIGNA,3,0.0013428827215756492
BIOGEN,CMS ENERGY,1,0.0004476275738585497
BIOGEN,CONOCOPHILLIPS,1,0.0004476275738585497
BIOGEN,CSX,1,0.0004476275738585497
BIOGEN,CVS HEALTH,6,0.0026857654431512983
BIOGEN,DANAHER,1,0.0004476275738585497
BIOGEN,DELL TECHNOLOGIES,1,0.0004476275738585497
BIOGEN,DTE ENERGY,1,0.0004476275738585497
BIOGEN,DUKE ENERGY,1,0.0004476275738585497
BIOGEN,ELI LILLY,3,0.0013428827215756492
BIOGEN,ENTERGY,2,0.0008952551477170994
BIOGEN,EVERSOURCE ENERGY,1,0.0004476275738585497
BIOGEN,EXELON,1,0.0004476275738585497
BIOGEN,GENERAL DYNAMICS,1,0.0004476275738585497
BIOGEN,GENERAL ELECTRIC,4,0.0017905102954341987
BIOGEN,GENERAL MOTORS,1,0.0004476275738585497
BIOGEN,GILEAD SCIENCES,9,0.0040286481647269475
BIOGEN,GUARDIAN LIFE INS. CO. OF AMERICA,2,0.0008952551477170994
BIOGEN,HARTFORD FINANCIAL SERVICES,1,0.0004476275738585497
BIOGEN,HCA HEALTHCARE,2,0.0008952551477170994
BIOGEN,HERSHEY,1,0.0004476275738585497
BIOGEN,HILTON WORLDWIDE HOLDINGS,1,0.0004476275738585497
BIOGEN,HUMANA,5,0.0022381378692927483
BIOGEN,IBM,1,0.0004476275738585497
BIOGEN,JOHNSON & JOHNSON,6,0.0026857654431512983
BIOGEN,LABORATORY CORP. OF AMERICA,1,0.0004476275738585497
BIOGEN,LEIDOS HOLDINGS,1,0.0004476275738585497
BIOGEN,LOCKHEED MARTIN,1,0.0004476275738585497
BIOGEN,MAGELLAN HEALTH,4,0.0017905102954341987
BIOGEN,MCKESSON,1,0.0004476275738585497
BIOGEN,MERCK,5,0.0022381378692927483
BIOGEN,MOLINA HEALTHCARE,2,0.0008952551477170994
BIOGEN,MUTUAL OF OMAHA INSURANCE,4,0.0017905102954341987
BIOGEN,NAVISTAR INTERNATIONAL,2,0.0008952551477170994
BIOGEN,PG&E,1,0.0004476275738585497
BIOGEN,PPG INDUSTRIES,2,0.0008952551477170994
BIOGEN,PPL,1,0.0004476275738585497
BIOGEN,PROCTER & GAMBLE,1,0.0004476275738585497
BIOGEN,RAYTHEON,1,0.0004476275738585497
BIOGEN,REGENERON PHARMACEUTICALS,2,0.0008952551477170994
BIOGEN,RITE AID,2,0.0008952551477170994
BIOGEN,UNION PACIFIC,2,0.0008952551477170994
BIOGEN,WALGREENS BOOTS ALLIANCE,2,0.0008952551477170994
BIOGEN,WALMART,1,0.0004476275738585497
BIOGEN,XCEL ENERGY,1,0.0004476275738585497
BLACKROCK,BOEING,2,0.0008952551477170994
BLACKROCK,CALPINE,1,0.0004476275738585497
BLACKROCK,CHARLES SCHWAB,2,0.0008952551477170994
BLACKROCK,CORNING,1,0.0004476275738585497
BLACKROCK,DEAN FOODS,1,0.0004476275738585497
BLACKROCK,ECOLAB,1,0.0004476275738585497
BLACKROCK,ENTERGY,1,0.0004476275738585497
BLACKROCK,EXXONMOBIL,1,0.0004476275738585497
BLACKROCK,FORD,3,0.0013428827215756492
BLACKROCK,GENWORTH FINANCIAL,1,0.0004476275738585497
BLACKROCK,GUARDIAN LIFE INS. CO. OF AMERICA,4,0.0017905102954341987
BLACKROCK,HARTFORD FINANCIAL SERVICES,1,0.0004476275738585497
BLACKROCK,HEWLETT PACKARD ENTERPRISE,1,0.0004476275738585497
BLACKROCK,INTERNATIONAL PAPER,1,0.0004476275738585497
BLACKROCK,JONES FINANCIAL (EDWARD JONES),4,0.0017905102954341987
BLACKROCK,JPMORGAN CHASE & CO.,3,0.0013428827215756492
BLACKROCK,KELLOGG,1,0.0004476275738585497
BLACKROCK,KROGER,1,0.0004476275738585497
BLACKROCK,LINCOLN NATIONAL,3,0.0013428827215756492
BLACKROCK,MASSACHUSETTS MUTUAL LIFE INSURANCE,1,0.0004476275738585497
BLACKROCK,MUTUAL OF OMAHA INSURANCE,5,0.0022381378692927483
BLACKROCK,NATIONWIDE,1,0.0004476275738585497
BLACKROCK,NEW YORK LIFE INSURANCE,3,0.0013428827215756492
BLACKROCK,NEXTERA ENERGY,1,0.0004476275738585497
BLACKROCK,NORTHERN TRUST,2,0.0008952551477170994
BLACKROCK,NORTHWESTERN MUTUAL,5,0.0022381378692927483
BLACKROCK,PHILLIPS 66,1,0.0004476275738585497
BLACKROCK,PPG INDUSTRIES,1,0.0004476275738585497
BLACKROCK,PRINCIPAL FINANCIAL,4,0.0017905102954341987
BLACKROCK,PRUDENTIAL FINANCIAL,3,0.0013428827215756492
BLACKROCK,RAYTHEON,1,0.0004476275738585497
BLACKROCK,STATE FARM INSURANCE,1,0.0004476275738585497
BLACKROCK,TESLA,1,0.0004476275738585497
BLACKROCK,TIAA,6,0.0026857654431512983
BLACKROCK,UNION PACIFIC,1,0.0004476275738585497
BLACKROCK,UNITED TECHNOLOGIES,2,0.0008952551477170994
BLACKROCK,USAA,1,0.0004476275738585497
BLACKROCK,XCEL ENERGY,1,0.0004476275738585497
BLACKROCK,XEROX,1,0.0004476275738585497
BLACKSTONE GROUP,BOEING,2,0.0008952551477170994
BLACKSTONE GROUP,BRISTOL-MYERS SQUIBB,3,0.0013428827215756492
BLACKSTONE GROUP,CAPITAL ONE FINANCIAL,2,0.0008952551477170994
BLACKSTONE GROUP,CATERPILLAR,1,0.0004476275738585497
BLACKSTONE GROUP,CENTENE,6,0.0026857654431512983
BLACKSTONE GROUP,CENTERPOINT ENERGY,1,0.0004476275738585497
BLACKSTONE GROUP,CHEVRON,1,0.0004476275738585497
BLACKSTONE GROUP,CIGNA,7,0.003133393017009848
BLACKSTONE GROUP,CITIGROUP,1,0.0004476275738585497
BLACKSTONE GROUP,CITIZENS FINANCIAL GROUP,1,0.0004476275738585497
BLACKSTONE GROUP,CMS ENERGY,1,0.0004476275738585497
BLACKSTONE GROUP,COMMUNITY HEALTH SYSTEMS,1,0.0004476275738585497
BLACKSTONE GROUP,CONOCOPHILLIPS,2,0.0008952551477170994
BLACKSTONE GROUP,CSX,1,0.0004476275738585497
BLACKSTONE GROUP,CVS HEALTH,5,0.0022381378692927483
BLACKSTONE GROUP,DANAHER,2,0.0008952551477170994
BLACKSTONE GROUP,DELL TECHNOLOGIES,1,0.0004476275738585497
BLACKSTONE GROUP,DTE ENERGY,1,0.0004476275738585497
BLACKSTONE GROUP,DUKE ENERGY,1,0.0004476275738585497
BLACKSTONE GROUP,ELI LILLY,1,0.0004476275738585497
BLACKSTONE GROUP,ENTERGY,3,0.0013428827215756492
BLACKSTONE GROUP,EVERSOURCE ENERGY,1,0.0004476275738585497
BLACKSTONE GROUP,EXELON,1,0.0004476275738585497
BLACKSTONE GROUP,GENERAL DYNAMICS,1,0.0004476275738585497
BLACKSTONE GROUP,GENERAL ELECTRIC,1,0.0004476275738585497
BLACKSTONE GROUP,GILEAD SCIENCES,2,0.0008952551477170994
BLACKSTONE GROUP,GUARDIAN LIFE INS. CO. OF AMERICA,1,0.0004476275738585497
BLACKSTONE GROUP,HARTFORD FINANCIAL SERVICES,1,0.0004476275738585497
BLACKSTONE GROUP,HCA HEALTHCARE,8,0.0035810205908683975
BLACKSTONE GROUP,HERSHEY,1,0.0004476275738585497
BLACKSTONE GROUP,HILTON WORLDWIDE HOLDINGS,2,0.0008952551477170994
BLACKSTONE GROUP,HUMANA,4,0.0017905102954341987
BLACKSTONE GROUP,IBM,1,0.0004476275738585497
BLACKSTONE GROUP,JOHNSON & JOHNSON,2,0.0008952551477170994
BLACKSTONE GROUP,LABORATORY CORP. OF AMERICA,6,0.0026857654431512983
BLACKSTONE GROUP,LEIDOS HOLDINGS,1,0.0004476275738585497
BLACKSTONE GROUP,LOCKHEED MARTIN,1,0.0004476275738585497
BLACKSTONE GROUP,MAGELLAN HEALTH,1,0.0004476275738585497
BLACKSTONE GROUP,MERCK,1,0.0004476275738585497
BLACKSTONE GROUP,MOLINA HEALTHCARE,4,0.0017905102954341987
BLACKSTONE GROUP,MUTUAL OF OMAHA INSURANCE,9,0.0040286481647269475
BLACKSTONE GROUP,NATIONWIDE,1,0.0004476275738585497
BLACKSTONE GROUP,NAVISTAR INTERNATIONAL,4,0.0017905102954341987
BLACKSTONE GROUP,PG&E,1,0.0004476275738585497
BLACKSTONE GROUP,PPG INDUSTRIES,1,0.0004476275738585497
BLACKSTONE GROUP,PPL,1,0.0004476275738585497
BLACKSTONE GROUP,PROCTER & GAMBLE,1,0.0004476275738585497
BLACKSTONE GROUP,QUEST DIAGNOSTICS,3,0.0013428827215756492
BLACKSTONE GROUP,RAYTHEON,1,0.0004476275738585497
BLACKSTONE GROUP,UNION PACIFIC,1,0.0004476275738585497
BLACKSTONE GROUP,WALMART,3,0.0013428827215756492
BLACKSTONE GROUP,XCEL ENERGY,1,0.0004476275738585497
BLACKSTONE GROUP,ZIMMER BIOMET HOLDINGS,1,0.0004476275738585497
BOEING,BOOZ ALLEN HAMILTON,2,0.0008952551477170994
BOEING,BORGWARNER,1,0.0004476275738585497
BOEING,BOSTON SCIENTIFIC,1,0.0004476275738585497
BOEING,BRISTOL-MYERS SQUIBB,1,0.0004476275738585497
BOEING,CATERPILLAR,8,0.0035810205908683975
BOEING,CELANESE,1,0.0004476275738585497
BOEING,CENTENE,6,0.0026857654431512983
BOEING,CHEMOURS,1,0.0004476275738585497
BOEING,CHEVRON,2,0.0008952551477170994
BOEING,CHS,2,0.0008952551477170994
BOEING,CIGNA,4,0.0017905102954341987
BOEING,CISCO SYSTEMS,1,0.0004476275738585497
BOEING,CITIGROUP,1,0.0004476275738585497
BOEING,CMS ENERGY,4,0.0017905102954341987
BOEING,COCA-COLA,2,0.0008952551477170994
BOEING,COGNIZANT TECHNOLOGY SOLUTIONS,1,0.0004476275738585497
BOEING,CONOCOPHILLIPS,3,0.0013428827215756492
BOEING,CONSOLIDATED EDISON,1,0.0004476275738585497
BOEING,CONSTELLATION BRANDS,1,0.0004476275738585497
BOEING,CORNING,5,0.0022381378692927483
BOEING,COSTCO,1,0.0004476275738585497
BOEING,CUMMINS,6,0.0026857654431512983
BOEING,CVS HEALTH,2,0.0008952551477170994
BOEING,DAVITA,2,0.0008952551477170994
BOEING,DEERE,1,0.0004476275738585497
BOEING,DELL TECHNOLOGIES,5,0.0022381378692927483
BOEING,DELTA AIR LINES,9,0.0040286481647269475
BOEING,DISH NETWORK,1,0.0004476275738585497
BOEING,DTE ENERGY,3,0.0013428827215756492
BOEING,DUKE ENERGY,4,0.0017905102954341987
BOEING,DUPONT DE NEMOURS,2,0.0008952551477170994
BOEING,ECOLAB,2,0.0008952551477170994
BOEING,EDISON INTERNATIONAL,1,0.0004476275738585497
BOEING,ELI LILLY,1,0.0004476275738585497
BOEING,EMERSON ELECTRIC,2,0.0008952551477170994
BOEING,ENTERGY,7,0.003133393017009848
BOEING,EVERSOURCE ENERGY,1,0.0004476275738585497
BOEING,EXELON,4,0.0017905102954341987
BOEING,EXXONMOBIL,4,0.0017905102954341987
BOEING,FACEBOOK,2,0.0008952551477170994
BOEING,FEDEX,4,0.0017905102954341987
BOEING,FIFTH THIRD BANCORP,1,0.0004476275738585497
BOEING,FIRSTENERGY,1,0.0004476275738585497
BOEING,FLUOR,2,0.0008952551477170994
BOEING,FORD,2,0.0008952551477170994
BOEING,GENERAL DYNAMICS,6,0.0026857654431512983
BOEING,GENERAL ELECTRIC,8,0.0035810205908683975
BOEING,GENERAL MOTORS,2,0.0008952551477170994
BOEING,GENWORTH FINANCIAL,1,0.0004476275738585497
BOEING,GILEAD SCIENCES,3,0.0013428827215756492
BOEING,GOLDMAN SACHS GROUP,1,0.0004476275738585497
BOEING,GOODYEAR TIRE & RUBBER,1,0.0004476275738585497
BOEING,GRAPHIC PACKAGING HOLDING,1,0.0004476275738585497
BOEING,GUARDIAN LIFE INS. CO. OF AMERICA,5,0.0022381378692927483
BOEING,HARTFORD FINANCIAL SERVICES,3,0.0013428827215756492
BOEING,HCA HEALTHCARE,3,0.0013428827215756492
BOEING,HEWLETT PACKARD ENTERPRISE,1,0.0004476275738585497
BOEING,HOLLYFRONTIER,6,0.0026857654431512983
BOEING,HOME DEPOT,1,0.0004476275738585497
BOEING,HONEYWELL INTERNATIONAL,7,0.003133393017009848
BOEING,HP,3,0.0013428827215756492
BOEING,HUMANA,2,0.0008952551477170994
BOEING,HUNTSMAN,5,0.0022381378692927483
BOEING,IBM,12,0.005371530886302597
BOEING,IHEARTMEDIA,2,0.0008952551477170994
BOEING,ILLINOIS TOOL WORKS,3,0.0013428827215756492
BOEING,INTERNATIONAL PAPER,4,0.0017905102954341987
BOEING,JACOBS ENGINEERING GROUP,3,0.0013428827215756492
BOEING,JONES FINANCIAL (EDWARD JONES),3,0.0013428827215756492
BOEING,JPMORGAN CHASE & CO.,3,0.0013428827215756492
BOEING,KELLOGG,1,0.0004476275738585497
BOEING,KROGER,1,0.0004476275738585497
BOEING,L3HARRIS TECHNOLOGIES,3,0.0013428827215756492
BOEING,LABORATORY CORP. OF AMERICA,3,0.0013428827215756492
BOEING,LEIDOS HOLDINGS,6,0.0026857654431512983
BOEING,LIBERTY MUTUAL INSURANCE GROUP,1,0.0004476275738585497
BOEING,LINCOLN NATIONAL,2,0.0008952551477170994
BOEING,LOCKHEED MARTIN,20,0.008952551477170993
BOEING,LOWE'S,1,0.0004476275738585497
BOEING,MAGELLAN HEALTH,1,0.0004476275738585497
BOEING,MARRIOTT INTERNATIONAL,2,0.0008952551477170994
BOEING,MARSH & MCLENNAN,1,0.0004476275738585497
BOEING,MASCO,1,0.0004476275738585497
BOEING,MASSACHUSETTS MUTUAL LIFE INSURANCE,2,0.0008952551477170994
BOEING,MERCK,1,0.0004476275738585497
BOEING,METLIFE,1,0.0004476275738585497
BOEING,MICRON TECHNOLOGY,2,0.0008952551477170994
BOEING,MICROSOFT,2,0.0008952551477170994
BOEING,MOLINA HEALTHCARE,2,0.0008952551477170994
BOEING,MOTOROLA SOLUTIONS,4,0.0017905102954341987
BOEING,MUTUAL OF OMAHA INSURANCE,5,0.0022381378692927483
BOEING,NATIONWIDE,4,0.0017905102954341987
BOEING,NAVISTAR INTERNATIONAL,1,0.0004476275738585497
BOEING,NEW YORK LIFE INSURANCE,3,0.0013428827215756492
BOEING,NEXTERA ENERGY,1,0.0004476275738585497
BOEING,NORTHERN TRUST,2,0.0008952551477170994
BOEING,NORTHROP GRUMMAN,10,0.004476275738585497
BOEING,NORTHWESTERN MUTUAL,3,0.0013428827215756492
BOEING,ORACLE,5,0.0022381378692927483
BOEING,OSHKOSH,1,0.0004476275738585497
BOEING,OWENS CORNING,1,0.0004476275738585497
BOEING,OWENS-ILLINOIS,1,0.0004476275738585497
BOEING,PG&E,3,0.0013428827215756492
BOEING,PHILLIPS 66,2,0.0008952551477170994
BOEING,PNC FINANCIAL SERVICES,2,0.0008952551477170994
BOEING,POLARIS INC,1,0.0004476275738585497
BOEING,PPG INDUSTRIES,6,0.0026857654431512983
BOEING,PPL,2,0.0008952551477170994
BOEING,PRINCIPAL FINANCIAL,2,0.0008952551477170994
BOEING,PRUDENTIAL FINANCIAL,3,0.0013428827215756492
BOEING,PUBLIC SERVICE ENTERPRISE GROUP,2,0.0008952551477170994
BOEING,RAYTHEON,16,0.007162041181736795
BOEING,RITE AID,1,0.0004476275738585497
BOEING,S&P GLOBAL,1,0.0004476275738585497
BOEING,SOUTHERN,1,0.0004476275738585497
BOEING,SOUTHWEST AIRLINES,3,0.0013428827215756492
BOEING,STATE FARM INSURANCE,2,0.0008952551477170994
BOEING,TEXAS INSTRUMENTS,1,0.0004476275738585497
BOEING,TEXTRON,2,0.0008952551477170994
BOEING,THERMO FISHER SCIENTIFIC,2,0.0008952551477170994
BOEING,TIAA,2,0.0008952551477170994
BOEING,UNION PACIFIC,6,0.0026857654431512983
BOEING,UNITED AIRLINES HOLDINGS,4,0.0017905102954341987
BOEING,UNITED TECHNOLOGIES,8,0.0035810205908683975
BOEING,USAA,1,0.0004476275738585497
BOEING,VERIZON,1,0.0004476275738585497
BOEING,W.R. BERKLEY,1,0.0004476275738585497
BOEING,WALMART,3,0.0013428827215756492
BOEING,WESCO INTERNATIONAL,1,0.0004476275738585497
BOEING,WESTERN UNION,1,0.0004476275738585497
BOEING,WESTROCK,1,0.0004476275738585497
BOEING,WEYERHAEUSER,2,0.0008952551477170994
BOEING,WHIRLPOOL,1,0.0004476275738585497
BOEING,XCEL ENERGY,1,0.0004476275738585497
BOEING,XEROX,1,0.0004476275738585497
BOEING,YUM BRANDS,1,0.0004476275738585497
BOOKING HOLDINGS,LOEWS,1,0.0004476275738585497
BOOZ ALLEN HAMILTON,CMS ENERGY,2,0.0008952551477170994
BOOZ ALLEN HAMILTON,CUMMINS,1,0.0004476275738585497
BOOZ ALLEN HAMILTON,DELL TECHNOLOGIES,1,0.0004476275738585497
BOOZ ALLEN HAMILTON,DELTA AIR LINES,1,0.0004476275738585497
BOOZ ALLEN HAMILTON,DISH NETWORK,1,0.0004476275738585497
BOOZ ALLEN HAMILTON,DTE ENERGY,1,0.0004476275738585497
BOOZ ALLEN HAMILTON,DUKE ENERGY,1,0.0004476275738585497
BOOZ ALLEN HAMILTON,ENTERGY,1,0.0004476275738585497
BOOZ ALLEN HAMILTON,EXELON,1,0.0004476275738585497
BOOZ ALLEN HAMILTON,GENERAL ELECTRIC,1,0.0004476275738585497
BOOZ ALLEN HAMILTON,HOLLYFRONTIER,1,0.0004476275738585497
BOOZ ALLEN HAMILTON,IBM,1,0.0004476275738585497
BOOZ ALLEN HAMILTON,L3HARRIS TECHNOLOGIES,1,0.0004476275738585497
BOOZ ALLEN HAMILTON,LOCKHEED MARTIN,3,0.0013428827215756492
BOOZ ALLEN HAMILTON,MASCO,1,0.0004476275738585497
BOOZ ALLEN HAMILTON,MICROSOFT,1,0.0004476275738585497
BOOZ ALLEN HAMILTON,MOTOROLA SOLUTIONS,1,0.0004476275738585497
BOOZ ALLEN HAMILTON,NORTHROP GRUMMAN,1,0.0004476275738585497
BOOZ ALLEN HAMILTON,ORACLE,1,0.0004476275738585497
BOOZ ALLEN HAMILTON,PG&E,1,0.0004476275738585497
BOOZ ALLEN HAMILTON,PPL,1,0.0004476275738585497
BOOZ ALLEN HAMILTON,PUBLIC SERVICE ENTERPRISE GROUP,1,0.0004476275738585497
BOOZ ALLEN HAMILTON,RAYTHEON,2,0.0008952551477170994
BOOZ ALLEN HAMILTON,SOUTHWEST AIRLINES,1,0.0004476275738585497
BOOZ ALLEN HAMILTON,UNION PACIFIC,2,0.0008952551477170994
BOOZ ALLEN HAMILTON,XCEL ENERGY,1,0.0004476275738585497
BORGWARNER,CATERPILLAR,1,0.0004476275738585497
BORGWARNER,CHS,1,0.0004476275738585497
BORGWARNER,CITIGROUP,1,0.0004476275738585497
BORGWARNER,COSTCO,1,0.0004476275738585497
BORGWARNER,DEERE,1,0.0004476275738585497
BORGWARNER,DELL TECHNOLOGIES,1,0.0004476275738585497
BORGWARNER,EXXONMOBIL,1,0.0004476275738585497
BORGWARNER,FACEBOOK,1,0.0004476275738585497
BORGWARNER,FIFTH THIRD BANCORP,1,0.0004476275738585497
BORGWARNER,GENERAL ELECTRIC,1,0.0004476275738585497
BORGWARNER,GENWORTH FINANCIAL,1,0.0004476275738585497
BORGWARNER,GOLDMAN SACHS GROUP,1,0.0004476275738585497
BORGWARNER,GUARDIAN LIFE INS. CO. OF AMERICA,1,0.0004476275738585497
BORGWARNER,HARTFORD FINANCIAL SERVICES,1,0.0004476275738585497
BORGWARNER,HONEYWELL INTERNATIONAL,1,0.0004476275738585497
BORGWARNER,HUNTSMAN,1,0.0004476275738585497
BORGWARNER,IBM,1,0.0004476275738585497
BORGWARNER,INTEL,1,0.0004476275738585497
BORGWARNER,INTERNATIONAL PAPER,1,0.0004476275738585497
BORGWARNER,LOCKHEED MARTIN,2,0.0008952551477170994
BORGWARNER,MASSACHUSETTS MUTUAL LIFE INSURANCE,1,0.0004476275738585497
BORGWARNER,METLIFE,1,0.0004476275738585497
BORGWARNER,MICROSOFT,3,0.0013428827215756492
BORGWARNER,NATIONWIDE,1,0.0004476275738585497
BORGWARNER,NEXTERA ENERGY,1,0.0004476275738585497
BORGWARNER,ORACLE,1,0.0004476275738585497
BORGWARNER,OWENS-ILLINOIS,1,0.0004476275738585497
BORGWARNER,PPG INDUSTRIES,1,0.0004476275738585497
BORGWARNER,PRUDENTIAL FINANCIAL,1,0.0004476275738585497
BORGWARNER,RAYTHEON,2,0.0008952551477170994
BORGWARNER,RITE AID,1,0.0004476275738585497
BORGWARNER,S&P GLOBAL,1,0.0004476275738585497
BORGWARNER,TEXAS INSTRUMENTS,1,0.0004476275738585497
BORGWARNER,W.R. BERKLEY,1,0.0004476275738585497
BORGWARNER,WESCO INTERNATIONAL,1,0.0004476275738585497
BORGWARNER,WESTERN UNION,1,0.0004476275738585497
BOSTON SCIENTIFIC,CAPITAL ONE FINANCIAL,1,0.0004476275738585497
BOSTON SCIENTIFIC,CARDINAL HEALTH,3,0.0013428827215756492
BOSTON SCIENTIFIC,CORNING,2,0.0008952551477170994
BOSTON SCIENTIFIC,CUMMINS,1,0.0004476275738585497
BOSTON SCIENTIFIC,DELL TECHNOLOGIES,1,0.0004476275738585497
BOSTON SCIENTIFIC,ECOLAB,2,0.0008952551477170994
BOSTON SCIENTIFIC,FACEBOOK,1,0.0004476275738585497
BOSTON SCIENTIFIC,GENERAL ELECTRIC,4,0.0017905102954341987
BOSTON SCIENTIFIC,GENERAL MILLS,1,0.0004476275738585497
BOSTON SCIENTIFIC,GENERAL MOTORS,1,0.0004476275738585497
BOSTON SCIENTIFIC,GUARDIAN LIFE INS. CO. OF AMERICA,1,0.0004476275738585497
BOSTON SCIENTIFIC,HEWLETT PACKARD ENTERPRISE,1,0.0004476275738585497
BOSTON SCIENTIFIC,IBM,1,0.0004476275738585497
BOSTON SCIENTIFIC,JOHNSON & JOHNSON,2,0.0008952551477170994
BOSTON SCIENTIFIC,MICRON TECHNOLOGY,1,0.0004476275738585497
BOSTON SCIENTIFIC,PNC FINANCIAL SERVICES,1,0.0004476275738585497
BOSTON SCIENTIFIC,PRINCIPAL FINANCIAL,1,0.0004476275738585497
BOSTON SCIENTIFIC,SALESFORCE,1,0.0004476275738585497
BOSTON SCIENTIFIC,STANLEY BLACK & DECKER,1,0.0004476275738585497
BOSTON SCIENTIFIC,ZIMMER BIOMET HOLDINGS,1,0.0004476275738585497
BRIGHTHOUSE FINANCIAL,NATIONWIDE,1,0.0004476275738585497
BRIGHTHOUSE FINANCIAL,NORTHWESTERN MUTUAL,1,0.0004476275738585497
BRISTOL-MYERS SQUIBB,CATERPILLAR,2,0.0008952551477170994
BRISTOL-MYERS SQUIBB,CBS,4,0.0017905102954341987
BRISTOL-MYERS SQUIBB,CENTENE,7,0.003133393017009848
BRISTOL-MYERS SQUIBB,CIGNA,15,0.006714413607878245
BRISTOL-MYERS SQUIBB,CMS ENERGY,1,0.0004476275738585497
BRISTOL-MYERS SQUIBB,COCA-COLA,1,0.0004476275738585497
BRISTOL-MYERS SQUIBB,COGNIZANT TECHNOLOGY SOLUTIONS,1,0.0004476275738585497
BRISTOL-MYERS SQUIBB,CORNING,1,0.0004476275738585497
BRISTOL-MYERS SQUIBB,CUMMINS,1,0.0004476275738585497
BRISTOL-MYERS SQUIBB,CVS HEALTH,19,0.008504923903312443
BRISTOL-MYERS SQUIBB,DELTA AIR LINES,1,0.0004476275738585497
BRISTOL-MYERS SQUIBB,DTE ENERGY,1,0.0004476275738585497
BRISTOL-MYERS SQUIBB,ELI LILLY,3,0.0013428827215756492
BRISTOL-MYERS SQUIBB,ENTERGY,2,0.0008952551477170994
BRISTOL-MYERS SQUIBB,EXELON,1,0.0004476275738585497
BRISTOL-MYERS SQUIBB,EXXONMOBIL,1,0.0004476275738585497
BRISTOL-MYERS SQUIBB,FACEBOOK,1,0.0004476275738585497
BRISTOL-MYERS SQUIBB,FIRSTENERGY,1,0.0004476275738585497
BRISTOL-MYERS SQUIBB,FOX CORP,2,0.0008952551477170994
BRISTOL-MYERS SQUIBB,GENERAL DYNAMICS,1,0.0004476275738585497
BRISTOL-MYERS SQUIBB,GENERAL ELECTRIC,5,0.0022381378692927483
BRISTOL-MYERS SQUIBB,GENERAL MOTORS,2,0.0008952551477170994
BRISTOL-MYERS SQUIBB,GILEAD SCIENCES,7,0.003133393017009848
BRISTOL-MYERS SQUIBB,GUARDIAN LIFE INS. CO. OF AMERICA,3,0.0013428827215756492
BRISTOL-MYERS SQUIBB,HCA HEALTHCARE,7,0.003133393017009848
BRISTOL-MYERS SQUIBB,HONEYWELL INTERNATIONAL,1,0.0004476275738585497
BRISTOL-MYERS SQUIBB,HUMANA,9,0.0040286481647269475
BRISTOL-MYERS SQUIBB,HUNTSMAN,1,0.0004476275738585497
BRISTOL-MYERS SQUIBB,IBM,2,0.0008952551477170994
BRISTOL-MYERS SQUIBB,JACOBS ENGINEERING GROUP,1,0.0004476275738585497
BRISTOL-MYERS SQUIBB,JETBLUE AIRWAYS,1,0.0004476275738585497
BRISTOL-MYERS SQUIBB,JOHNSON & JOHNSON,11,0.004923903312444047
BRISTOL-MYERS SQUIBB,LABORATORY CORP. OF AMERICA,1,0.0004476275738585497
BRISTOL-MYERS SQUIBB,LEIDOS HOLDINGS,1,0.0004476275738585497
BRISTOL-MYERS SQUIBB,LOCKHEED MARTIN,1,0.0004476275738585497
BRISTOL-MYERS SQUIBB,MAGELLAN HEALTH,9,0.0040286481647269475
BRISTOL-MYERS SQUIBB,MCKESSON,2,0.0008952551477170994
BRISTOL-MYERS SQUIBB,MERCK,14,0.006266786034019696
BRISTOL-MYERS SQUIBB,MICROSOFT,1,0.0004476275738585497
BRISTOL-MYERS SQUIBB,MOLINA HEALTHCARE,2,0.0008952551477170994
BRISTOL-MYERS SQUIBB,MUTUAL OF OMAHA INSURANCE,5,0.0022381378692927483
BRISTOL-MYERS SQUIBB,NAVISTAR INTERNATIONAL,1,0.0004476275738585497
BRISTOL-MYERS SQUIBB,NORTHROP GRUMMAN,1,0.0004476275738585497
BRISTOL-MYERS SQUIBB,ORACLE,1,0.0004476275738585497
BRISTOL-MYERS SQUIBB,PEPSICO,1,0.0004476275738585497
BRISTOL-MYERS SQUIBB,PG&E,1,0.0004476275738585497
BRISTOL-MYERS SQUIBB,PPG INDUSTRIES,2,0.0008952551477170994
BRISTOL-MYERS SQUIBB,PPL,1,0.0004476275738585497
BRISTOL-MYERS SQUIBB,RAYTHEON,2,0.0008952551477170994
BRISTOL-MYERS SQUIBB,REGENERON PHARMACEUTICALS,2,0.0008952551477170994
BRISTOL-MYERS SQUIBB,RITE AID,4,0.0017905102954341987
BRISTOL-MYERS SQUIBB,SOUTHWEST AIRLINES,1,0.0004476275738585497
BRISTOL-MYERS SQUIBB,TEXTRON,1,0.0004476275738585497
BRISTOL-MYERS SQUIBB,THERMO FISHER SCIENTIFIC,2,0.0008952551477170994
BRISTOL-MYERS SQUIBB,UNION PACIFIC,1,0.0004476275738585497
BRISTOL-MYERS SQUIBB,UNITED AIRLINES HOLDINGS,1,0.0004476275738585497
BRISTOL-MYERS SQUIBB,UNITED TECHNOLOGIES,1,0.0004476275738585497
BRISTOL-MYERS SQUIBB,USAA,1,0.0004476275738585497
BRISTOL-MYERS SQUIBB,WALGREENS BOOTS ALLIANCE,3,0.0013428827215756492
BRISTOL-MYERS SQUIBB,WALMART,5,0.0022381378692927483
BRISTOL-MYERS SQUIBB,XCEL ENERGY,1,0.0004476275738585497
BRISTOL-MYERS SQUIBB,ZIMMER BIOMET HOLDINGS,1,0.0004476275738585497
BROADCOM,HP,1,0.0004476275738585497
CALPINE,CENTERPOINT ENERGY,11,0.004923903312444047
CALPINE,CHARTER COMMUNICATIONS,1,0.0004476275738585497
CALPINE,CHEMOURS,1,0.0004476275738585497
CALPINE,CHEVRON,6,0.0026857654431512983
CALPINE,CHS,1,0.0004476275738585497
CALPINE,CMS ENERGY,21,0.009400179051029543
CALPINE,CONOCOPHILLIPS,1,0.0004476275738585497
CALPINE,CORNING,2,0.0008952551477170994
CALPINE,CUMMINS,3,0.0013428827215756492
CALPINE,DELL TECHNOLOGIES,1,0.0004476275738585497
CALPINE,DOMINION ENERGY,3,0.0013428827215756492
CALPINE,DTE ENERGY,18,0.008057296329453895
CALPINE,DUKE ENERGY,12,0.005371530886302597
CALPINE,DUPONT DE NEMOURS,2,0.0008952551477170994
CALPINE,ECOLAB,3,0.0013428827215756492
CALPINE,EDISON INTERNATIONAL,2,0.0008952551477170994
CALPINE,ENTERGY,17,0.007609668755595345
CALPINE,EVERSOURCE ENERGY,8,0.0035810205908683975
CALPINE,EXELON,18,0.008057296329453895
CALPINE,EXXONMOBIL,11,0.004923903312444047
CALPINE,FIRSTENERGY,12,0.005371530886302597
CALPINE,FLUOR,3,0.0013428827215756492
CALPINE,GENERAL ELECTRIC,2,0.0008952551477170994
CALPINE,GENERAL MOTORS,3,0.0013428827215756492
CALPINE,GENWORTH FINANCIAL,1,0.0004476275738585497
CALPINE,HEWLETT PACKARD ENTERPRISE,1,0.0004476275738585497
CALPINE,HOLLYFRONTIER,1,0.0004476275738585497
CALPINE,HONEYWELL INTERNATIONAL,1,0.0004476275738585497
CALPINE,INTEL,2,0.0008952551477170994
CALPINE,INTERNATIONAL PAPER,2,0.0008952551477170994
CALPINE,KROGER,1,0.0004476275738585497
CALPINE,LOCKHEED MARTIN,1,0.0004476275738585497
CALPINE,LOEWS,2,0.0008952551477170994
CALPINE,MARATHON PETROLEUM,4,0.0017905102954341987
CALPINE,MICROSOFT,3,0.0013428827215756492
CALPINE,MOLSON COORS BEVERAGE,1,0.0004476275738585497
CALPINE,MOTOROLA SOLUTIONS,1,0.0004476275738585497
CALPINE,NORTHWESTERN MUTUAL,1,0.0004476275738585497
CALPINE,PEABODY ENERGY,3,0.0013428827215756492
CALPINE,PG&E,20,0.008952551477170993
CALPINE,PHILLIPS 66,4,0.0017905102954341987
CALPINE,PPG INDUSTRIES,1,0.0004476275738585497
CALPINE,PPL,14,0.006266786034019696
CALPINE,PRINCIPAL FINANCIAL,2,0.0008952551477170994
CALPINE,PUBLIC SERVICE ENTERPRISE GROUP,4,0.0017905102954341987
CALPINE,SEMPRA ENERGY,1,0.0004476275738585497
CALPINE,SOUTHERN,8,0.0035810205908683975
CALPINE,TESLA,5,0.0022381378692927483
CALPINE,UNION PACIFIC,2,0.0008952551477170994
CALPINE,UNITED TECHNOLOGIES,1,0.0004476275738585497
CALPINE,VERIZON,1,0.0004476275738585497
CALPINE,VF,2,0.0008952551477170994
CALPINE,WEC ENERGY GROUP,2,0.0008952551477170994
CALPINE,WHIRLPOOL,1,0.0004476275738585497
CALPINE,XCEL ENERGY,22,0.009847806624888093
CAMPBELL SOUP,COCA-COLA,2,0.0008952551477170994
CAMPBELL SOUP,GAP,2,0.0008952551477170994
CAMPBELL SOUP,NIKE,2,0.0008952551477170994
CAPITAL ONE FINANCIAL,CARDINAL HEALTH,1,0.0004476275738585497
CAPITAL ONE FINANCIAL,CENTENE,1,0.0004476275738585497
CAPITAL ONE FINANCIAL,CENTERPOINT ENERGY,1,0.0004476275738585497
CAPITAL ONE FINANCIAL,CHARTER COMMUNICATIONS,1,0.0004476275738585497
CAPITAL ONE FINANCIAL,CHEVRON,1,0.0004476275738585497
CAPITAL ONE FINANCIAL,CITIGROUP,5,0.0022381378692927483
CAPITAL ONE FINANCIAL,CITIZENS FINANCIAL GROUP,3,0.0013428827215756492
CAPITAL ONE FINANCIAL,CMS ENERGY,1,0.0004476275738585497
CAPITAL ONE FINANCIAL,COCA-COLA,1,0.0004476275738585497
CAPITAL ONE FINANCIAL,CONOCOPHILLIPS,1,0.0004476275738585497
CAPITAL ONE FINANCIAL,CSX,1,0.0004476275738585497
CAPITAL ONE FINANCIAL,CUMMINS,2,0.0008952551477170994
CAPITAL ONE FINANCIAL,DANAHER,2,0.0008952551477170994
CAPITAL ONE FINANCIAL,DELL TECHNOLOGIES,4,0.0017905102954341987
CAPITAL ONE FINANCIAL,DELTA AIR LINES,2,0.0008952551477170994
CAPITAL ONE FINANCIAL,DTE ENERGY,1,0.0004476275738585497
CAPITAL ONE FINANCIAL,DUKE ENERGY,1,0.0004476275738585497
CAPITAL ONE FINANCIAL,ENTERGY,3,0.0013428827215756492
CAPITAL ONE FINANCIAL,EVERSOURCE ENERGY,1,0.0004476275738585497
CAPITAL ONE FINANCIAL,EXELON,1,0.0004476275738585497
CAPITAL ONE FINANCIAL,EXXONMOBIL,1,0.0004476275738585497
CAPITAL ONE FINANCIAL,FACEBOOK,1,0.0004476275738585497
CAPITAL ONE FINANCIAL,FIFTH THIRD BANCORP,1,0.0004476275738585497
CAPITAL ONE FINANCIAL,GENERAL DYNAMICS,3,0.0013428827215756492
CAPITAL ONE FINANCIAL,GENERAL ELECTRIC,1,0.0004476275738585497
CAPITAL ONE FINANCIAL,GENERAL MILLS,2,0.0008952551477170994
CAPITAL ONE FINANCIAL,GENERAL MOTORS,2,0.0008952551477170994
CAPITAL ONE FINANCIAL,GILEAD SCIENCES,1,0.0004476275738585497
CAPITAL ONE FINANCIAL,GUARDIAN LIFE INS. CO. OF AMERICA,2,0.0008952551477170994
CAPITAL ONE FINANCIAL,HARTFORD FINANCIAL SERVICES,3,0.0013428827215756492
CAPITAL ONE FINANCIAL,HCA HEALTHCARE,1,0.0004476275738585497
CAPITAL ONE FINANCIAL,HERSHEY,1,0.0004476275738585497
CAPITAL ONE FINANCIAL,HEWLETT PACKARD ENTERPRISE,2,0.0008952551477170994
CAPITAL ONE FINANCIAL,HILTON WORLDWIDE HOLDINGS,3,0.0013428827215756492
CAPITAL ONE FINANCIAL,HUMANA,2,0.0008952551477170994
CAPITAL ONE FINANCIAL,IBM,2,0.0008952551477170994
CAPITAL ONE FINANCIAL,INTUIT,1,0.0004476275738585497
CAPITAL ONE FINANCIAL,JETBLUE AIRWAYS,2,0.0008952551477170994
CAPITAL ONE FINANCIAL,JOHNSON & JOHNSON,2,0.0008952551477170994
CAPITAL ONE FINANCIAL,JPMORGAN CHASE & CO.,3,0.0013428827215756492
CAPITAL ONE FINANCIAL,KEYCORP,5,0.0022381378692927483
CAPITAL ONE FINANCIAL,LABORATORY CORP. OF AMERICA,1,0.0004476275738585497
CAPITAL ONE FINANCIAL,LEIDOS HOLDINGS,3,0.0013428827215756492
CAPITAL ONE FINANCIAL,LOCKHEED MARTIN,1,0.0004476275738585497
CAPITAL ONE FINANCIAL,MARRIOTT INTERNATIONAL,1,0.0004476275738585497
CAPITAL ONE FINANCIAL,MICRON TECHNOLOGY,2,0.0008952551477170994
CAPITAL ONE FINANCIAL,MICROSOFT,2,0.0008952551477170994
CAPITAL ONE FINANCIAL,MOLINA HEALTHCARE,1,0.0004476275738585497
CAPITAL ONE FINANCIAL,MUTUAL OF OMAHA INSURANCE,1,0.0004476275738585497
CAPITAL ONE FINANCIAL,NATIONWIDE,8,0.0035810205908683975
CAPITAL ONE FINANCIAL,NAVISTAR INTERNATIONAL,1,0.0004476275738585497
CAPITAL ONE FINANCIAL,NORTHERN TRUST,1,0.0004476275738585497
CAPITAL ONE FINANCIAL,NORTHWESTERN MUTUAL,2,0.0008952551477170994
CAPITAL ONE FINANCIAL,ORACLE,1,0.0004476275738585497
CAPITAL ONE FINANCIAL,PG&E,2,0.0008952551477170994
CAPITAL ONE FINANCIAL,PNC FINANCIAL SERVICES,2,0.0008952551477170994
CAPITAL ONE FINANCIAL,PPG INDUSTRIES,1,0.0004476275738585497
CAPITAL ONE FINANCIAL,PPL,1,0.0004476275738585497
CAPITAL ONE FINANCIAL,PRINCIPAL FINANCIAL,1,0.0004476275738585497
CAPITAL ONE FINANCIAL,PROCTER & GAMBLE,1,0.0004476275738585497
CAPITAL ONE FINANCIAL,QUEST DIAGNOSTICS,1,0.0004476275738585497
CAPITAL ONE FINANCIAL,SALESFORCE,2,0.0008952551477170994
CAPITAL ONE FINANCIAL,STANLEY BLACK & DECKER,1,0.0004476275738585497
CAPITAL ONE FINANCIAL,STATE FARM INSURANCE,1,0.0004476275738585497
CAPITAL ONE FINANCIAL,SYNCHRONY FINANCIAL,3,0.0013428827215756492
CAPITAL ONE FINANCIAL,TIAA,2,0.0008952551477170994
CAPITAL ONE FINANCIAL,UNION PACIFIC,1,0.0004476275738585497
CAPITAL ONE FINANCIAL,VERIZON,1,0.0004476275738585497
CAPITAL ONE FINANCIAL,WELLS FARGO,2,0.0008952551477170994
CAPITAL ONE FINANCIAL,WESTERN UNION,1,0.0004476275738585497
CAPITAL ONE FINANCIAL,XCEL ENERGY,1,0.0004476275738585497
CARDINAL HEALTH,CORNING,2,0.0008952551477170994
CARDINAL HEALTH,CUMMINS,1,0.0004476275738585497
CARDINAL HEALTH,DELL TECHNOLOGIES,1,0.0004476275738585497
CARDINAL HEALTH,ECOLAB,3,0.0013428827215756492
CARDINAL HEALTH,FACEBOOK,1,0.0004476275738585497
CARDINAL HEALTH,GENERAL ELECTRIC,3,0.0013428827215756492
CARDINAL HEALTH,GENERAL MILLS,1,0.0004476275738585497
CARDINAL HEALTH,GENERAL MOTORS,1,0.0004476275738585497
CARDINAL HEALTH,GUARDIAN LIFE INS. CO. OF AMERICA,1,0.0004476275738585497
CARDINAL HEALTH,HEWLETT PACKARD ENTERPRISE,1,0.0004476275738585497
CARDINAL HEALTH,IBM,1,0.0004476275738585497
CARDINAL HEALTH,JOHNSON & JOHNSON,3,0.0013428827215756492
CARDINAL HEALTH,MICRON TECHNOLOGY,1,0.0004476275738585497
CARDINAL HEALTH,PNC FINANCIAL SERVICES,1,0.0004476275738585497
CARDINAL HEALTH,PRINCIPAL FINANCIAL,1,0.0004476275738585497
CARDINAL HEALTH,SALESFORCE,1,0.0004476275738585497
CARDINAL HEALTH,STANLEY BLACK & DECKER,1,0.0004476275738585497
CARDINAL HEALTH,ZIMMER BIOMET HOLDINGS,1,0.0004476275738585497
CATERPILLAR,CENTENE,4,0.0017905102954341987
CATERPILLAR,CHEMOURS,1,0.0004476275738585497
CATERPILLAR,CHEVRON,1,0.0004476275738585497
CATERPILLAR,CHS,2,0.0008952551477170994
CATERPILLAR,CIGNA,3,0.0013428827215756492
CATERPILLAR,CISCO SYSTEMS,2,0.0008952551477170994
CATERPILLAR,CITIGROUP,1,0.0004476275738585497
CATERPILLAR,CMS ENERGY,5,0.0022381378692927483
CATERPILLAR,COCA-COLA,1,0.0004476275738585497
CATERPILLAR,COGNIZANT TECHNOLOGY SOLUTIONS,1,0.0004476275738585497
CATERPILLAR,CORNING,6,0.0026857654431512983
CATERPILLAR,COSTCO,1,0.0004476275738585497
CATERPILLAR,CSX,1,0.0004476275738585497
CATERPILLAR,CUMMINS,7,0.003133393017009848
CATERPILLAR,CVS HEALTH,2,0.0008952551477170994
CATERPILLAR,DAVITA,1,0.0004476275738585497
CATERPILLAR,DEERE,1,0.0004476275738585497
CATERPILLAR,DELL TECHNOLOGIES,3,0.0013428827215756492
CATERPILLAR,DELTA AIR LINES,3,0.0013428827215756492
CATERPILLAR,DTE ENERGY,5,0.0022381378692927483
CATERPILLAR,DUKE ENERGY,2,0.0008952551477170994
CATERPILLAR,ECOLAB,3,0.0013428827215756492
CATERPILLAR,EDISON INTERNATIONAL,1,0.0004476275738585497
CATERPILLAR,ELI LILLY,2,0.0008952551477170994
CATERPILLAR,ENTERGY,3,0.0013428827215756492
CATERPILLAR,EVERSOURCE ENERGY,1,0.0004476275738585497
CATERPILLAR,EXELON,6,0.0026857654431512983
CATERPILLAR,EXXONMOBIL,4,0.0017905102954341987
CATERPILLAR,FACEBOOK,2,0.0008952551477170994
CATERPILLAR,FEDEX,2,0.0008952551477170994
CATERPILLAR,FIFTH THIRD BANCORP,1,0.0004476275738585497
CATERPILLAR,FIRSTENERGY,3,0.0013428827215756492
CATERPILLAR,FORD,1,0.0004476275738585497
CATERPILLAR,GENERAL DYNAMICS,1,0.0004476275738585497
CATERPILLAR,GENERAL ELECTRIC,5,0.0022381378692927483
CATERPILLAR,GENERAL MOTORS,3,0.0013428827215756492
CATERPILLAR,GENWORTH FINANCIAL,1,0.0004476275738585497
CATERPILLAR,GILEAD SCIENCES,3,0.0013428827215756492
CATERPILLAR,GOLDMAN SACHS GROUP,1,0.0004476275738585497
CATERPILLAR,GUARDIAN LIFE INS. CO. OF AMERICA,3,0.0013428827215756492
CATERPILLAR,HARTFORD FINANCIAL SERVICES,1,0.0004476275738585497
CATERPILLAR,HCA HEALTHCARE,1,0.0004476275738585497
CATERPILLAR,HEWLETT PACKARD ENTERPRISE,1,0.0004476275738585497
CATERPILLAR,HOLLYFRONTIER,2,0.0008952551477170994
CATERPILLAR,HOME DEPOT,1,0.0004476275738585497
CATERPILLAR,HONEYWELL INTERNATIONAL,1,0.0004476275738585497
CATERPILLAR,HUMANA,2,0.0008952551477170994
CATERPILLAR,HUNTSMAN,1,0.0004476275738585497
CATERPILLAR,IBM,7,0.003133393017009848
CATERPILLAR,ILLINOIS TOOL WORKS,1,0.0004476275738585497
CATERPILLAR,INTERNATIONAL PAPER,2,0.0008952551477170994
CATERPILLAR,JOHNSON & JOHNSON,1,0.0004476275738585497
CATERPILLAR,JPMORGAN CHASE & CO.,1,0.0004476275738585497
CATERPILLAR,KELLOGG,1,0.0004476275738585497
CATERPILLAR,LABORATORY CORP. OF AMERICA,2,0.0008952551477170994
CATERPILLAR,LEIDOS HOLDINGS,1,0.0004476275738585497
CATERPILLAR,LIBERTY MUTUAL INSURANCE GROUP,2,0.0008952551477170994
CATERPILLAR,LOCKHEED MARTIN,5,0.0022381378692927483
CATERPILLAR,LUMEN TECHNOLOGIES,1,0.0004476275738585497
CATERPILLAR,MAGELLAN HEALTH,2,0.0008952551477170994
CATERPILLAR,MARSH & MCLENNAN,1,0.0004476275738585497
CATERPILLAR,MASSACHUSETTS MUTUAL LIFE INSURANCE,1,0.0004476275738585497
CATERPILLAR,MCDONALD'S,1,0.0004476275738585497
CATERPILLAR,MCKESSON,1,0.0004476275738585497
CATERPILLAR,MERCK,2,0.0008952551477170994
CATERPILLAR,METLIFE,1,0.0004476275738585497
CATERPILLAR,MICROSOFT,2,0.0008952551477170994
CATERPILLAR,MOLINA HEALTHCARE,1,0.0004476275738585497
CATERPILLAR,MOTOROLA SOLUTIONS,1,0.0004476275738585497
CATERPILLAR,MUTUAL OF OMAHA INSURANCE,2,0.0008952551477170994
CATERPILLAR,NATIONWIDE,1,0.0004476275738585497
CATERPILLAR,NAVISTAR INTERNATIONAL,1,0.0004476275738585497
CATERPILLAR,NEXTERA ENERGY,1,0.0004476275738585497
CATERPILLAR,NORTHROP GRUMMAN,1,0.0004476275738585497
CATERPILLAR,ORACLE,3,0.0013428827215756492
CATERPILLAR,OWENS CORNING,1,0.0004476275738585497
CATERPILLAR,OWENS-ILLINOIS,1,0.0004476275738585497
CATERPILLAR,PG&E,2,0.0008952551477170994
CATERPILLAR,PHILLIPS 66,2,0.0008952551477170994
CATERPILLAR,PNC FINANCIAL SERVICES,1,0.0004476275738585497
CATERPILLAR,PPG INDUSTRIES,3,0.0013428827215756492
CATERPILLAR,PRUDENTIAL FINANCIAL,1,0.0004476275738585497
CATERPILLAR,PUBLIC SERVICE ENTERPRISE GROUP,2,0.0008952551477170994
CATERPILLAR,QUALCOMM,1,0.0004476275738585497
CATERPILLAR,RAYTHEON,3,0.0013428827215756492
CATERPILLAR,REGENERON PHARMACEUTICALS,1,0.0004476275738585497
CATERPILLAR,RITE AID,2,0.0008952551477170994
CATERPILLAR,S&P GLOBAL,1,0.0004476275738585497
CATERPILLAR,SEMPRA ENERGY,1,0.0004476275738585497
CATERPILLAR,SOUTHERN,1,0.0004476275738585497
CATERPILLAR,STANLEY BLACK & DECKER,1,0.0004476275738585497
CATERPILLAR,SYNCHRONY FINANCIAL,1,0.0004476275738585497
CATERPILLAR,TESLA,1,0.0004476275738585497
CATERPILLAR,TEXAS INSTRUMENTS,1,0.0004476275738585497
CATERPILLAR,TEXTRON,1,0.0004476275738585497
CATERPILLAR,THERMO FISHER SCIENTIFIC,1,0.0004476275738585497
CATERPILLAR,UNION PACIFIC,5,0.0022381378692927483
CATERPILLAR,UNITED TECHNOLOGIES,4,0.0017905102954341987
CATERPILLAR,VALERO ENERGY,1,0.0004476275738585497
CATERPILLAR,VERIZON,2,0.0008952551477170994
CATERPILLAR,W.R. BERKLEY,1,0.0004476275738585497
CATERPILLAR,WALGREENS BOOTS ALLIANCE,1,0.0004476275738585497
CATERPILLAR,WALMART,2,0.0008952551477170994
CATERPILLAR,WESCO INTERNATIONAL,1,0.0004476275738585497
CATERPILLAR,WESTERN UNION,1,0.0004476275738585497
CATERPILLAR,WEYERHAEUSER,2,0.0008952551477170994
CBS,CHARTER COMMUNICATIONS,9,0.0040286481647269475
CBS,CISCO SYSTEMS,1,0.0004476275738585497
CBS,COCA-COLA,1,0.0004476275738585497
CBS,CUMMINS,1,0.0004476275738585497
CBS,DISH NETWORK,2,0.0008952551477170994
CBS,FACEBOOK,5,0.0022381378692927483
CBS,FOX CORP,17,0.007609668755595345
CBS,HARTFORD FINANCIAL SERVICES,3,0.0013428827215756492
CBS,HEWLETT PACKARD ENTERPRISE,1,0.0004476275738585497
CBS,HONEYWELL INTERNATIONAL,1,0.0004476275738585497
CBS,IBM,2,0.0008952551477170994
CBS,IHEARTMEDIA,2,0.0008952551477170994
CBS,JOHNSON & JOHNSON,1,0.0004476275738585497
CBS,KROGER,1,0.0004476275738585497
CBS,LIBERTY MUTUAL INSURANCE GROUP,2,0.0008952551477170994
CBS,LOCKHEED MARTIN,1,0.0004476275738585497
CBS,LOEWS,1,0.0004476275738585497
CBS,MARSH & MCLENNAN,1,0.0004476275738585497
CBS,MERCK,2,0.0008952551477170994
CBS,MICROSOFT,1,0.0004476275738585497
CBS,MUTUAL OF OMAHA INSURANCE,1,0.0004476275738585497
CBS,NATIONWIDE,3,0.0013428827215756492
CBS,NORTHWESTERN MUTUAL,1,0.0004476275738585497
CBS,PEPSICO,1,0.0004476275738585497
CBS,SEMPRA ENERGY,1,0.0004476275738585497
CBS,STATE FARM INSURANCE,2,0.0008952551477170994
CBS,SYNCHRONY FINANCIAL,1,0.0004476275738585497
CBS,TARGET,1,0.0004476275738585497
CBS,TESLA,1,0.0004476275738585497
CBS,UNITED AIRLINES HOLDINGS,1,0.0004476275738585497
CBS,USAA,1,0.0004476275738585497
CBS,VERIZON,2,0.0008952551477170994
CBS,W.R. BERKLEY,1,0.0004476275738585497
CBS,YUM BRANDS,1,0.0004476275738585497
CELANESE,CIGNA,1,0.0004476275738585497
CELANESE,CONOCOPHILLIPS,1,0.0004476275738585497
CELANESE,CONSTELLATION BRANDS,1,0.0004476275738585497
CELANESE,CVS HEALTH,1,0.0004476275738585497
CELANESE,EXXONMOBIL,2,0.0008952551477170994
CELANESE,GENERAL DYNAMICS,1,0.0004476275738585497
CELANESE,GENERAL ELECTRIC,1,0.0004476275738585497
CELANESE,GUARDIAN LIFE INS. CO. OF AMERICA,1,0.0004476275738585497
CELANESE,HARTFORD FINANCIAL SERVICES,1,0.0004476275738585497
CELANESE,HCA HEALTHCARE,1,0.0004476275738585497
CELANESE,IHEARTMEDIA,1,0.0004476275738585497
CELANESE,INTUIT,1,0.0004476275738585497
CELANESE,JPMORGAN CHASE & CO.,1,0.0004476275738585497
CELANESE,KRAFT HEINZ,1,0.0004476275738585497
CELANESE,LOCKHEED MARTIN,1,0.0004476275738585497
CELANESE,MARRIOTT INTERNATIONAL,1,0.0004476275738585497
CELANESE,NATIONWIDE,1,0.0004476275738585497
CELANESE,NORTHERN TRUST,2,0.0008952551477170994
CELANESE,RAYTHEON,1,0.0004476275738585497
CELANESE,SOUTHWEST AIRLINES,1,0.0004476275738585497
CELANESE,W.R. BERKLEY,1,0.0004476275738585497
CENTENE,CENTERPOINT ENERGY,1,0.0004476275738585497
CENTENE,CHEVRON,1,0.0004476275738585497
CENTENE,CIGNA,13,0.005819158460161146
CENTENE,CISCO SYSTEMS,1,0.0004476275738585497
CENTENE,CMS ENERGY,6,0.0026857654431512983
CENTENE,COGNIZANT TECHNOLOGY SOLUTIONS,1,0.0004476275738585497
CENTENE,CONOCOPHILLIPS,2,0.0008952551477170994
CENTENE,CONSOLIDATED EDISON,1,0.0004476275738585497
CENTENE,CONSTELLATION BRANDS,1,0.0004476275738585497
CENTENE,CORNING,4,0.0017905102954341987
CENTENE,CSX,2,0.0008952551477170994
CENTENE,CUMMINS,2,0.0008952551477170994
CENTENE,CVS HEALTH,11,0.004923903312444047
CENTENE,DANAHER,1,0.0004476275738585497
CENTENE,DAVITA,2,0.0008952551477170994
CENTENE,DELL TECHNOLOGIES,1,0.0004476275738585497
CENTENE,DELTA AIR LINES,5,0.0022381378692927483
CENTENE,DTE ENERGY,6,0.0026857654431512983
CENTENE,DUKE ENERGY,2,0.0008952551477170994
CENTENE,ELI LILLY,4,0.0017905102954341987
CENTENE,ENTERGY,8,0.0035810205908683975
CENTENE,EVERSOURCE ENERGY,2,0.0008952551477170994
CENTENE,EXELON,6,0.0026857654431512983
CENTENE,EXXONMOBIL,3,0.0013428827215756492
CENTENE,FACEBOOK,1,0.0004476275738585497
CENTENE,FIRSTENERGY,2,0.0008952551477170994
CENTENE,FLUOR,2,0.0008952551477170994
CENTENE,GENERAL DYNAMICS,6,0.0026857654431512983
CENTENE,GENERAL ELECTRIC,6,0.0026857654431512983
CENTENE,GENERAL MOTORS,3,0.0013428827215756492
CENTENE,GILEAD SCIENCES,10,0.004476275738585497
CENTENE,GRAPHIC PACKAGING HOLDING,1,0.0004476275738585497
CENTENE,GUARDIAN LIFE INS. CO. OF AMERICA,5,0.0022381378692927483
CENTENE,HARTFORD FINANCIAL SERVICES,2,0.0008952551477170994
CENTENE,HCA HEALTHCARE,3,0.0013428827215756492
CENTENE,HERSHEY,1,0.0004476275738585497
CENTENE,HEWLETT PACKARD ENTERPRISE,1,0.0004476275738585497
CENTENE,HILTON WORLDWIDE HOLDINGS,1,0.0004476275738585497
CENTENE,HOLLYFRONTIER,2,0.0008952551477170994
CENTENE,HUMANA,11,0.004923903312444047
CENTENE,HUNTSMAN,2,0.0008952551477170994
CENTENE,IBM,6,0.0026857654431512983
CENTENE,JACOBS ENGINEERING GROUP,2,0.0008952551477170994
CENTENE,JETBLUE AIRWAYS,1,0.0004476275738585497
CENTENE,JOHNSON & JOHNSON,5,0.0022381378692927483
CENTENE,JONES FINANCIAL (EDWARD JONES),1,0.0004476275738585497
CENTENE,KELLOGG,1,0.0004476275738585497
CENTENE,KROGER,1,0.0004476275738585497
CENTENE,LABORATORY CORP. OF AMERICA,4,0.0017905102954341987
CENTENE,LEIDOS HOLDINGS,5,0.0022381378692927483
CENTENE,LIVE NATION ENTERTAINMENT,1,0.0004476275738585497
CENTENE,LOCKHEED MARTIN,8,0.0035810205908683975
CENTENE,LUMEN TECHNOLOGIES,1,0.0004476275738585497
CENTENE,MAGELLAN HEALTH,6,0.0026857654431512983
CENTENE,MARSH & MCLENNAN,1,0.0004476275738585497
CENTENE,MCKESSON,3,0.0013428827215756492
CENTENE,MERCK,5,0.0022381378692927483
CENTENE,MICRON TECHNOLOGY,1,0.0004476275738585497
CENTENE,MICROSOFT,1,0.0004476275738585497
CENTENE,MOLINA HEALTHCARE,11,0.004923903312444047
CENTENE,MOTOROLA SOLUTIONS,1,0.0004476275738585497
CENTENE,MUTUAL OF OMAHA INSURANCE,6,0.0026857654431512983
CENTENE,NATIONWIDE,1,0.0004476275738585497
CENTENE,NAVISTAR INTERNATIONAL,2,0.0008952551477170994
CENTENE,NORTHROP GRUMMAN,4,0.0017905102954341987
CENTENE,ORACLE,2,0.0008952551477170994
CENTENE,PG&E,5,0.0022381378692927483
CENTENE,PHILLIPS 66,1,0.0004476275738585497
CENTENE,POLARIS INC,1,0.0004476275738585497
CENTENE,PPG INDUSTRIES,6,0.0026857654431512983
CENTENE,PPL,5,0.0022381378692927483
CENTENE,PROCTER & GAMBLE,1,0.0004476275738585497
CENTENE,PUBLIC SERVICE ENTERPRISE GROUP,2,0.0008952551477170994
CENTENE,QUEST DIAGNOSTICS,1,0.0004476275738585497
CENTENE,RAYTHEON,5,0.0022381378692927483
CENTENE,REGENERON PHARMACEUTICALS,2,0.0008952551477170994
CENTENE,RITE AID,2,0.0008952551477170994
CENTENE,SOUTHWEST AIRLINES,2,0.0008952551477170994
CENTENE,TEXTRON,3,0.0013428827215756492
CENTENE,THERMO FISHER SCIENTIFIC,2,0.0008952551477170994
CENTENE,UNION PACIFIC,4,0.0017905102954341987
CENTENE,UNITED AIRLINES HOLDINGS,1,0.0004476275738585497
CENTENE,UNITED TECHNOLOGIES,3,0.0013428827215756492
CENTENE,USAA,2,0.0008952551477170994
CENTENE,WALGREENS BOOTS ALLIANCE,3,0.0013428827215756492
CENTENE,WALMART,1,0.0004476275738585497
CENTENE,WESTROCK,1,0.0004476275738585497
CENTENE,XCEL ENERGY,5,0.0022381378692927483
CENTENE,ZIMMER BIOMET HOLDINGS,1,0.0004476275738585497
CENTERPOINT ENERGY,CHEMOURS,1,0.0004476275738585497
CENTERPOINT ENERGY,CHEVRON,6,0.0026857654431512983
CENTERPOINT ENERGY,CHS,1,0.0004476275738585497
CENTERPOINT ENERGY,CIGNA,1,0.0004476275738585497
CENTERPOINT ENERGY,CMS ENERGY,35,0.01566696508504924
CENTERPOINT ENERGY,CONOCOPHILLIPS,3,0.0013428827215756492
CENTERPOINT ENERGY,CONSOLIDATED EDISON,2,0.0008952551477170994
CENTERPOINT ENERGY,CORNING,2,0.0008952551477170994
CENTERPOINT ENERGY,CSX,1,0.0004476275738585497
CENTERPOINT ENERGY,CUMMINS,1,0.0004476275738585497
CENTERPOINT ENERGY,DANAHER,1,0.0004476275738585497
CENTERPOINT ENERGY,DELL TECHNOLOGIES,1,0.0004476275738585497
CENTERPOINT ENERGY,DOMINION ENERGY,2,0.0008952551477170994
CENTERPOINT ENERGY,DTE ENERGY,32,0.01432408236347359
CENTERPOINT ENERGY,DUKE ENERGY,19,0.008504923903312443
CENTERPOINT ENERGY,DUPONT DE NEMOURS,1,0.0004476275738585497
CENTERPOINT ENERGY,ECOLAB,3,0.0013428827215756492
CENTERPOINT ENERGY,ENERGY TRANSFER,2,0.0008952551477170994
CENTERPOINT ENERGY,ENTERGY,21,0.009400179051029543
CENTERPOINT ENERGY,EVERSOURCE ENERGY,7,0.003133393017009848
CENTERPOINT ENERGY,EXELON,19,0.008504923903312443
CENTERPOINT ENERGY,EXXONMOBIL,10,0.004476275738585497
CENTERPOINT ENERGY,FIRSTENERGY,13,0.005819158460161146
CENTERPOINT ENERGY,FLUOR,1,0.0004476275738585497
CENTERPOINT ENERGY,GENERAL DYNAMICS,1,0.0004476275738585497
CENTERPOINT ENERGY,GENERAL ELECTRIC,4,0.0017905102954341987
CENTERPOINT ENERGY,GENERAL MOTORS,3,0.0013428827215756492
CENTERPOINT ENERGY,GILEAD SCIENCES,1,0.0004476275738585497
CENTERPOINT ENERGY,HARTFORD FINANCIAL SERVICES,1,0.0004476275738585497
CENTERPOINT ENERGY,HCA HEALTHCARE,1,0.0004476275738585497
CENTERPOINT ENERGY,HERSHEY,1,0.0004476275738585497
CENTERPOINT ENERGY,HILTON WORLDWIDE HOLDINGS,1,0.0004476275738585497
CENTERPOINT ENERGY,HOLLYFRONTIER,1,0.0004476275738585497
CENTERPOINT ENERGY,HONEYWELL INTERNATIONAL,3,0.0013428827215756492
CENTERPOINT ENERGY,HUMANA,1,0.0004476275738585497
CENTERPOINT ENERGY,ILLINOIS TOOL WORKS,1,0.0004476275738585497
CENTERPOINT ENERGY,INTEL,2,0.0008952551477170994
CENTERPOINT ENERGY,INTERNATIONAL PAPER,1,0.0004476275738585497
CENTERPOINT ENERGY,JOHNSON & JOHNSON,1,0.0004476275738585497
CENTERPOINT ENERGY,LEIDOS HOLDINGS,1,0.0004476275738585497
CENTERPOINT ENERGY,LOCKHEED MARTIN,3,0.0013428827215756492
CENTERPOINT ENERGY,LOEWS,5,0.0022381378692927483
CENTERPOINT ENERGY,MARATHON PETROLEUM,5,0.0022381378692927483
CENTERPOINT ENERGY,MICROSOFT,1,0.0004476275738585497
CENTERPOINT ENERGY,MOLINA HEALTHCARE,1,0.0004476275738585497
CENTERPOINT ENERGY,NATIONWIDE,1,0.0004476275738585497
CENTERPOINT ENERGY,NAVISTAR INTERNATIONAL,1,0.0004476275738585497
CENTERPOINT ENERGY,ONEOK,2,0.0008952551477170994
CENTERPOINT ENERGY,PEABODY ENERGY,2,0.0008952551477170994
CENTERPOINT ENERGY,PG&E,16,0.007162041181736795
CENTERPOINT ENERGY,PHILLIPS 66,4,0.0017905102954341987
CENTERPOINT ENERGY,PPG INDUSTRIES,1,0.0004476275738585497
CENTERPOINT ENERGY,PPL,19,0.008504923903312443
CENTERPOINT ENERGY,PRINCIPAL FINANCIAL,1,0.0004476275738585497
CENTERPOINT ENERGY,PROCTER & GAMBLE,1,0.0004476275738585497
CENTERPOINT ENERGY,PUBLIC SERVICE ENTERPRISE GROUP,7,0.003133393017009848
CENTERPOINT ENERGY,SEMPRA ENERGY,2,0.0008952551477170994
CENTERPOINT ENERGY,SOUTHERN,3,0.0013428827215756492
CENTERPOINT ENERGY,TENET HEALTHCARE,1,0.0004476275738585497
CENTERPOINT ENERGY,UNION PACIFIC,2,0.0008952551477170994
CENTERPOINT ENERGY,WALGREENS BOOTS ALLIANCE,1,0.0004476275738585497
CENTERPOINT ENERGY,WEC ENERGY GROUP,3,0.0013428827215756492
CENTERPOINT ENERGY,WHIRLPOOL,1,0.0004476275738585497
CENTERPOINT ENERGY,XCEL ENERGY,27,0.012085944494180842
CHARLES SCHWAB,CITIGROUP,1,0.0004476275738585497
CHARLES SCHWAB,CITIZENS FINANCIAL GROUP,2,0.0008952551477170994
CHARLES SCHWAB,CONSTELLATION BRANDS,2,0.0008952551477170994
CHARLES SCHWAB,HARTFORD FINANCIAL SERVICES,1,0.0004476275738585497
CHARLES SCHWAB,JPMORGAN CHASE & CO.,2,0.0008952551477170994
CHARLES SCHWAB,KEYCORP,1,0.0004476275738585497
CHARLES SCHWAB,LINCOLN NATIONAL,2,0.0008952551477170994
CHARLES SCHWAB,MUTUAL OF OMAHA INSURANCE,1,0.0004476275738585497
CHARLES SCHWAB,NATIONWIDE,2,0.0008952551477170994
CHARLES SCHWAB,NEW YORK LIFE INSURANCE,1,0.0004476275738585497
CHARLES SCHWAB,NORTHERN TRUST,1,0.0004476275738585497
CHARLES SCHWAB,NORTHWESTERN MUTUAL,3,0.0013428827215756492
CHARLES SCHWAB,PNC FINANCIAL SERVICES,2,0.0008952551477170994
CHARLES SCHWAB,PRINCIPAL FINANCIAL,1,0.0004476275738585497
CHARLES SCHWAB,PRUDENTIAL FINANCIAL,1,0.0004476275738585497
CHARLES SCHWAB,STATE FARM INSURANCE,2,0.0008952551477170994
CHARLES SCHWAB,TIAA,1,0.0004476275738585497
CHARLES SCHWAB,TRAVELERS,1,0.0004476275738585497
CHARLES SCHWAB,U.S. BANCORP,1,0.0004476275738585497
CHARLES SCHWAB,WELLS FARGO,1,0.0004476275738585497
CHARLES SCHWAB,YUM CHINA HOLDINGS,1,0.0004476275738585497
CHARTER COMMUNICATIONS,CISCO SYSTEMS,5,0.0022381378692927483
CHARTER COMMUNICATIONS,CITIGROUP,2,0.0008952551477170994
CHARTER COMMUNICATIONS,CMS ENERGY,5,0.0022381378692927483
CHARTER COMMUNICATIONS,COMCAST,3,0.0013428827215756492
CHARTER COMMUNICATIONS,CORNING,5,0.0022381378692927483
CHARTER COMMUNICATIONS,CSX,1,0.0004476275738585497
CHARTER COMMUNICATIONS,CUMMINS,2,0.0008952551477170994
CHARTER COMMUNICATIONS,DEERE,2,0.0008952551477170994
CHARTER COMMUNICATIONS,DELL TECHNOLOGIES,4,0.0017905102954341987
CHARTER COMMUNICATIONS,DELTA AIR LINES,2,0.0008952551477170994
CHARTER COMMUNICATIONS,DISH NETWORK,6,0.0026857654431512983
CHARTER COMMUNICATIONS,DTE ENERGY,4,0.0017905102954341987
CHARTER COMMUNICATIONS,DUKE ENERGY,2,0.0008952551477170994
CHARTER COMMUNICATIONS,DUPONT DE NEMOURS,1,0.0004476275738585497
CHARTER COMMUNICATIONS,ENTERGY,5,0.0022381378692927483
CHARTER COMMUNICATIONS,EXELON,3,0.0013428827215756492
CHARTER COMMUNICATIONS,FACEBOOK,5,0.0022381378692927483
CHARTER COMMUNICATIONS,FEDEX,3,0.0013428827215756492
CHARTER COMMUNICATIONS,FIRSTENERGY,2,0.0008952551477170994
CHARTER COMMUNICATIONS,FOX CORP,9,0.0040286481647269475
CHARTER COMMUNICATIONS,GENERAL DYNAMICS,1,0.0004476275738585497
CHARTER COMMUNICATIONS,GENERAL MILLS,1,0.0004476275738585497
CHARTER COMMUNICATIONS,GENERAL MOTORS,2,0.0008952551477170994
CHARTER COMMUNICATIONS,HCA HEALTHCARE,2,0.0008952551477170994
CHARTER COMMUNICATIONS,HOME DEPOT,3,0.0013428827215756492
CHARTER COMMUNICATIONS,HONEYWELL INTERNATIONAL,1,0.0004476275738585497
CHARTER COMMUNICATIONS,HP,1,0.0004476275738585497
CHARTER COMMUNICATIONS,IBM,6,0.0026857654431512983
CHARTER COMMUNICATIONS,IHEARTMEDIA,6,0.0026857654431512983
CHARTER COMMUNICATIONS,INTEL,3,0.0013428827215756492
CHARTER COMMUNICATIONS,JETBLUE AIRWAYS,1,0.0004476275738585497
CHARTER COMMUNICATIONS,KRAFT HEINZ,1,0.0004476275738585497
CHARTER COMMUNICATIONS,KROGER,1,0.0004476275738585497
CHARTER COMMUNICATIONS,LEIDOS HOLDINGS,2,0.0008952551477170994
CHARTER COMMUNICATIONS,LIBERTY MEDIA,4,0.0017905102954341987
CHARTER COMMUNICATIONS,LOCKHEED MARTIN,1,0.0004476275738585497
CHARTER COMMUNICATIONS,LUMEN TECHNOLOGIES,4,0.0017905102954341987
CHARTER COMMUNICATIONS,MICROSOFT,20,0.008952551477170993
CHARTER COMMUNICATIONS,MOTOROLA SOLUTIONS,2,0.0008952551477170994
CHARTER COMMUNICATIONS,MUTUAL OF OMAHA INSURANCE,2,0.0008952551477170994
CHARTER COMMUNICATIONS,NATIONWIDE,5,0.0022381378692927483
CHARTER COMMUNICATIONS,NAVIENT,2,0.0008952551477170994
CHARTER COMMUNICATIONS,ORACLE,3,0.0013428827215756492
CHARTER COMMUNICATIONS,PG&E,2,0.0008952551477170994
CHARTER COMMUNICATIONS,PHILLIPS 66,1,0.0004476275738585497
CHARTER COMMUNICATIONS,PPL,1,0.0004476275738585497
CHARTER COMMUNICATIONS,PUBLIC SERVICE ENTERPRISE GROUP,1,0.0004476275738585497
CHARTER COMMUNICATIONS,QURATE RETAIL,3,0.0013428827215756492
CHARTER COMMUNICATIONS,REGIONS FINANCIAL,1,0.0004476275738585497
CHARTER COMMUNICATIONS,SOUTHERN,1,0.0004476275738585497
CHARTER COMMUNICATIONS,STATE FARM INSURANCE,1,0.0004476275738585497
CHARTER COMMUNICATIONS,TARGET,2,0.0008952551477170994
CHARTER COMMUNICATIONS,TEXAS INSTRUMENTS,1,0.0004476275738585497
CHARTER COMMUNICATIONS,UNITED AIRLINES HOLDINGS,2,0.0008952551477170994
CHARTER COMMUNICATIONS,VERIZON,33,0.01477170993733214
CHARTER COMMUNICATIONS,WALT DISNEY,1,0.0004476275738585497
CHARTER COMMUNICATIONS,WINDSTREAM HOLDINGS,4,0.0017905102954341987
CHARTER COMMUNICATIONS,XCEL ENERGY,3,0.0013428827215756492
CHARTER COMMUNICATIONS,YUM BRANDS,1,0.0004476275738585497
CHEMOURS,CHEVRON,3,0.0013428827215756492
CHEMOURS,CISCO SYSTEMS,1,0.0004476275738585497
CHEMOURS,CMS ENERGY,2,0.0008952551477170994
CHEMOURS,CONOCOPHILLIPS,2,0.0008952551477170994
CHEMOURS,CORNING,1,0.0004476275738585497
CHEMOURS,CSX,1,0.0004476275738585497
CHEMOURS,CUMMINS,1,0.0004476275738585497
CHEMOURS,DTE ENERGY,2,0.0008952551477170994
CHEMOURS,DUKE ENERGY,1,0.0004476275738585497
CHEMOURS,DUPONT DE NEMOURS,4,0.0017905102954341987
CHEMOURS,ECOLAB,1,0.0004476275738585497
CHEMOURS,EDISON INTERNATIONAL,1,0.0004476275738585497
CHEMOURS,EMERSON ELECTRIC,1,0.0004476275738585497
CHEMOURS,ENTERGY,1,0.0004476275738585497
CHEMOURS,EVERSOURCE ENERGY,1,0.0004476275738585497
CHEMOURS,EXELON,2,0.0008952551477170994
CHEMOURS,EXXONMOBIL,2,0.0008952551477170994
CHEMOURS,FIRSTENERGY,2,0.0008952551477170994
CHEMOURS,FORD,1,0.0004476275738585497
CHEMOURS,GENERAL ELECTRIC,2,0.0008952551477170994
CHEMOURS,HOLLYFRONTIER,1,0.0004476275738585497
CHEMOURS,HOME DEPOT,1,0.0004476275738585497
CHEMOURS,IBM,1,0.0004476275738585497
CHEMOURS,ILLINOIS TOOL WORKS,1,0.0004476275738585497
CHEMOURS,INTEL,2,0.0008952551477170994
CHEMOURS,LIBERTY MUTUAL INSURANCE GROUP,1,0.0004476275738585497
CHEMOURS,MCKESSON,1,0.0004476275738585497
CHEMOURS,MICRON TECHNOLOGY,1,0.0004476275738585497
CHEMOURS,MICROSOFT,1,0.0004476275738585497
CHEMOURS,NATIONWIDE,1,0.0004476275738585497
CHEMOURS,OWENS CORNING,2,0.0008952551477170994
CHEMOURS,PEABODY ENERGY,1,0.0004476275738585497
CHEMOURS,PG&E,2,0.0008952551477170994
CHEMOURS,PHILLIPS 66,1,0.0004476275738585497
CHEMOURS,PPG INDUSTRIES,2,0.0008952551477170994
CHEMOURS,PPL,1,0.0004476275738585497
CHEMOURS,QUALCOMM,1,0.0004476275738585497
CHEMOURS,RAYTHEON,1,0.0004476275738585497
CHEMOURS,SHERWIN-WILLIAMS,1,0.0004476275738585497
CHEMOURS,SOUTHERN,1,0.0004476275738585497
CHEMOURS,STANLEY BLACK & DECKER,1,0.0004476275738585497
CHEMOURS,TESLA,1,0.0004476275738585497
CHEMOURS,TEXAS INSTRUMENTS,1,0.0004476275738585497
CHEMOURS,UNION PACIFIC,1,0.0004476275738585497
CHEMOURS,UNITED TECHNOLOGIES,1,0.0004476275738585497
CHEMOURS,VALERO ENERGY,1,0.0004476275738585497
CHEMOURS,WEC ENERGY GROUP,1,0.0004476275738585497
CHEMOURS,WESTERN DIGITAL,1,0.0004476275738585497
CHEMOURS,WHIRLPOOL,1,0.0004476275738585497
CHEMOURS,XCEL ENERGY,1,0.0004476275738585497
CHEVRON,CHS,1,0.0004476275738585497
CHEVRON,CITIGROUP,1,0.0004476275738585497
CHEVRON,CITIZENS FINANCIAL GROUP,1,0.0004476275738585497
CHEVRON,CMS ENERGY,9,0.0040286481647269475
CHEVRON,COCA-COLA,1,0.0004476275738585497
CHEVRON,CONOCOPHILLIPS,7,0.003133393017009848
CHEVRON,CONSOLIDATED EDISON,2,0.0008952551477170994
CHEVRON,CORNING,4,0.0017905102954341987
CHEVRON,CUMMINS,3,0.0013428827215756492
CHEVRON,DANAHER,1,0.0004476275738585497
CHEVRON,DAVITA,1,0.0004476275738585497
CHEVRON,DELTA AIR LINES,5,0.0022381378692927483
CHEVRON,DTE ENERGY,10,0.004476275738585497
CHEVRON,DUKE ENERGY,6,0.0026857654431512983
CHEVRON,DUPONT DE NEMOURS,2,0.0008952551477170994
CHEVRON,ECOLAB,4,0.0017905102954341987
CHEVRON,ENERGY TRANSFER,1,0.0004476275738585497
CHEVRON,ENTERGY,7,0.003133393017009848
CHEVRON,EVERSOURCE ENERGY,5,0.0022381378692927483
CHEVRON,EXELON,3,0.0013428827215756492
CHEVRON,EXXONMOBIL,13,0.005819158460161146
CHEVRON,FIRSTENERGY,3,0.0013428827215756492
CHEVRON,FLUOR,2,0.0008952551477170994
CHEVRON,GENERAL DYNAMICS,4,0.0017905102954341987
CHEVRON,GENERAL ELECTRIC,5,0.0022381378692927483
CHEVRON,GENERAL MOTORS,2,0.0008952551477170994
CHEVRON,GILEAD SCIENCES,2,0.0008952551477170994
CHEVRON,GRAPHIC PACKAGING HOLDING,1,0.0004476275738585497
CHEVRON,HILTON WORLDWIDE HOLDINGS,1,0.0004476275738585497
CHEVRON,HOLLYFRONTIER,3,0.0013428827215756492
CHEVRON,HONEYWELL INTERNATIONAL,3,0.0013428827215756492
CHEVRON,HUMANA,1,0.0004476275738585497
CHEVRON,HUNTSMAN,1,0.0004476275738585497
CHEVRON,IBM,2,0.0008952551477170994
CHEVRON,INTEL,1,0.0004476275738585497
CHEVRON,JACOBS ENGINEERING GROUP,1,0.0004476275738585497
CHEVRON,L3HARRIS TECHNOLOGIES,1,0.0004476275738585497
CHEVRON,LABORATORY CORP. OF AMERICA,1,0.0004476275738585497
CHEVRON,LEIDOS HOLDINGS,2,0.0008952551477170994
CHEVRON,LOCKHEED MARTIN,6,0.0026857654431512983
CHEVRON,LOEWS,5,0.0022381378692927483
CHEVRON,MARATHON PETROLEUM,2,0.0008952551477170994
CHEVRON,MICRON TECHNOLOGY,1,0.0004476275738585497
CHEVRON,MICROSOFT,1,0.0004476275738585497
CHEVRON,MOTOROLA SOLUTIONS,1,0.0004476275738585497
CHEVRON,NATIONWIDE,2,0.0008952551477170994
CHEVRON,NORTHROP GRUMMAN,2,0.0008952551477170994
CHEVRON,ONEOK,3,0.0013428827215756492
CHEVRON,ORACLE,1,0.0004476275738585497
CHEVRON,PEABODY ENERGY,2,0.0008952551477170994
CHEVRON,PG&E,6,0.0026857654431512983
CHEVRON,PHILLIPS 66,6,0.0026857654431512983
CHEVRON,POLARIS INC,1,0.0004476275738585497
CHEVRON,PPG INDUSTRIES,2,0.0008952551477170994
CHEVRON,PPL,3,0.0013428827215756492
CHEVRON,PUBLIC SERVICE ENTERPRISE GROUP,5,0.0022381378692927483
CHEVRON,QUEST DIAGNOSTICS,1,0.0004476275738585497
CHEVRON,RAYTHEON,3,0.0013428827215756492
CHEVRON,SEMPRA ENERGY,3,0.0013428827215756492
CHEVRON,SHERWIN-WILLIAMS,3,0.0013428827215756492
CHEVRON,TEXTRON,1,0.0004476275738585497
CHEVRON,THERMO FISHER SCIENTIFIC,1,0.0004476275738585497
CHEVRON,UNION PACIFIC,2,0.0008952551477170994
CHEVRON,VF,1,0.0004476275738585497
CHEVRON,WEC ENERGY GROUP,2,0.0008952551477170994
CHEVRON,WESTROCK,1,0.0004476275738585497
CHEVRON,WEYERHAEUSER,2,0.0008952551477170994
CHEVRON,WHIRLPOOL,1,0.0004476275738585497
CHEVRON,XCEL ENERGY,8,0.0035810205908683975
CHS,CISCO SYSTEMS,1,0.0004476275738585497
CHS,CITIGROUP,1,0.0004476275738585497
CHS,CMS ENERGY,1,0.0004476275738585497
CHS,COCA-COLA,1,0.0004476275738585497
CHS,COGNIZANT TECHNOLOGY SOLUTIONS,1,0.0004476275738585497
CHS,CONOCOPHILLIPS,1,0.0004476275738585497
CHS,CORNING,1,0.0004476275738585497
CHS,COSTCO,1,0.0004476275738585497
CHS,CUMMINS,2,0.0008952551477170994
CHS,DANAHER,1,0.0004476275738585497
CHS,DEERE,1,0.0004476275738585497
CHS,DELL TECHNOLOGIES,2,0.0008952551477170994
CHS,DTE ENERGY,1,0.0004476275738585497
CHS,DUKE ENERGY,1,0.0004476275738585497
CHS,ECOLAB,3,0.0013428827215756492
CHS,ENTERGY,1,0.0004476275738585497
CHS,EVERSOURCE ENERGY,1,0.0004476275738585497
CHS,EXELON,1,0.0004476275738585497
CHS,EXXONMOBIL,4,0.0017905102954341987
CHS,FACEBOOK,2,0.0008952551477170994
CHS,FEDEX,1,0.0004476275738585497
CHS,FIFTH THIRD BANCORP,1,0.0004476275738585497
CHS,FIRSTENERGY,1,0.0004476275738585497
CHS,GENERAL ELECTRIC,2,0.0008952551477170994
CHS,GENERAL MOTORS,2,0.0008952551477170994
CHS,GENWORTH FINANCIAL,1,0.0004476275738585497
CHS,GOLDMAN SACHS GROUP,1,0.0004476275738585497
CHS,GUARDIAN LIFE INS. CO. OF AMERICA,1,0.0004476275738585497
CHS,HARTFORD FINANCIAL SERVICES,1,0.0004476275738585497
CHS,HONEYWELL INTERNATIONAL,1,0.0004476275738585497
CHS,HUNTSMAN,1,0.0004476275738585497
CHS,IBM,2,0.0008952551477170994
CHS,ILLINOIS TOOL WORKS,1,0.0004476275738585497
CHS,INTERNATIONAL PAPER,3,0.0013428827215756492
CHS,LABORATORY CORP. OF AMERICA,1,0.0004476275738585497
CHS,LIBERTY MUTUAL INSURANCE GROUP,1,0.0004476275738585497
CHS,MARATHON PETROLEUM,1,0.0004476275738585497
CHS,MASSACHUSETTS MUTUAL LIFE INSURANCE,1,0.0004476275738585497
CHS,METLIFE,1,0.0004476275738585497
CHS,MICROSOFT,1,0.0004476275738585497
CHS,NATIONWIDE,1,0.0004476275738585497
CHS,NEXTERA ENERGY,1,0.0004476275738585497
CHS,ORACLE,2,0.0008952551477170994
CHS,OWENS-ILLINOIS,1,0.0004476275738585497
CHS,PG&E,1,0.0004476275738585497
CHS,PHILLIPS 66,3,0.0013428827215756492
CHS,PPG INDUSTRIES,2,0.0008952551477170994
CHS,PPL,1,0.0004476275738585497
CHS,PRINCIPAL FINANCIAL,1,0.0004476275738585497
CHS,PRUDENTIAL FINANCIAL,1,0.0004476275738585497
CHS,QUEST DIAGNOSTICS,1,0.0004476275738585497
CHS,RITE AID,1,0.0004476275738585497
CHS,S&P GLOBAL,1,0.0004476275738585497
CHS,SHERWIN-WILLIAMS,1,0.0004476275738585497
CHS,TEXAS INSTRUMENTS,1,0.0004476275738585497
CHS,UNION PACIFIC,2,0.0008952551477170994
CHS,UNITED TECHNOLOGIES,1,0.0004476275738585497
CHS,W.R. BERKLEY,1,0.0004476275738585497
CHS,WALMART,1,0.0004476275738585497
CHS,WESCO INTERNATIONAL,1,0.0004476275738585497
CHS,WESTERN UNION,1,0.0004476275738585497
CHS,XCEL ENERGY,1,0.0004476275738585497
CIGNA,CMS ENERGY,3,0.0013428827215756492
CIGNA,COCA-COLA,1,0.0004476275738585497
CIGNA,CONOCOPHILLIPS,2,0.0008952551477170994
CIGNA,CONSTELLATION BRANDS,1,0.0004476275738585497
CIGNA,CUMMINS,1,0.0004476275738585497
CIGNA,CVS HEALTH,19,0.008504923903312443
CIGNA,DTE ENERGY,2,0.0008952551477170994
CIGNA,DUKE ENERGY,1,0.0004476275738585497
CIGNA,ECOLAB,1,0.0004476275738585497
CIGNA,ELI LILLY,3,0.0013428827215756492
CIGNA,ENTERGY,5,0.0022381378692927483
CIGNA,EVERSOURCE ENERGY,1,0.0004476275738585497
CIGNA,EXELON,3,0.0013428827215756492
CIGNA,EXXONMOBIL,1,0.0004476275738585497
CIGNA,GENERAL ELECTRIC,1,0.0004476275738585497
CIGNA,GENERAL MOTORS,2,0.0008952551477170994
CIGNA,GILEAD SCIENCES,2,0.0008952551477170994
CIGNA,GUARDIAN LIFE INS. CO. OF AMERICA,6,0.0026857654431512983
CIGNA,HARTFORD FINANCIAL SERVICES,2,0.0008952551477170994
CIGNA,HCA HEALTHCARE,5,0.0022381378692927483
CIGNA,HOME DEPOT,1,0.0004476275738585497
CIGNA,HUMANA,9,0.0040286481647269475
CIGNA,IBM,2,0.0008952551477170994
CIGNA,INTUIT,1,0.0004476275738585497
CIGNA,JETBLUE AIRWAYS,1,0.0004476275738585497
CIGNA,JOHNSON & JOHNSON,3,0.0013428827215756492
CIGNA,JONES FINANCIAL (EDWARD JONES),2,0.0008952551477170994
CIGNA,JPMORGAN CHASE & CO.,1,0.0004476275738585497
CIGNA,KELLOGG,1,0.0004476275738585497
CIGNA,KRAFT HEINZ,1,0.0004476275738585497
CIGNA,LABORATORY CORP. OF AMERICA,6,0.0026857654431512983
CIGNA,LINCOLN NATIONAL,2,0.0008952551477170994
CIGNA,LIVE NATION ENTERTAINMENT,1,0.0004476275738585497
CIGNA,LOCKHEED MARTIN,3,0.0013428827215756492
CIGNA,LUMEN TECHNOLOGIES,1,0.0004476275738585497
CIGNA,MAGELLAN HEALTH,6,0.0026857654431512983
CIGNA,MARSH & MCLENNAN,1,0.0004476275738585497
CIGNA,MCKESSON,3,0.0013428827215756492
CIGNA,MERCK,3,0.0013428827215756492
CIGNA,MICRON TECHNOLOGY,1,0.0004476275738585497
CIGNA,MICROSOFT,1,0.0004476275738585497
CIGNA,MOLINA HEALTHCARE,6,0.0026857654431512983
CIGNA,MUTUAL OF OMAHA INSURANCE,8,0.0035810205908683975
CIGNA,NATIONWIDE,7,0.003133393017009848
CIGNA,NAVISTAR INTERNATIONAL,2,0.0008952551477170994
CIGNA,NCR,1,0.0004476275738585497
CIGNA,NORTHERN TRUST,1,0.0004476275738585497
CIGNA,PHILLIPS 66,1,0.0004476275738585497
CIGNA,PPL,3,0.0013428827215756492
CIGNA,PRINCIPAL FINANCIAL,2,0.0008952551477170994
CIGNA,PRUDENTIAL FINANCIAL,2,0.0008952551477170994
CIGNA,PUBLIC SERVICE ENTERPRISE GROUP,1,0.0004476275738585497
CIGNA,PUBLIX SUPER MARKETS,2,0.0008952551477170994
CIGNA,QUEST DIAGNOSTICS,1,0.0004476275738585497
CIGNA,RAYTHEON,3,0.0013428827215756492
CIGNA,REGENERON PHARMACEUTICALS,1,0.0004476275738585497
CIGNA,RITE AID,3,0.0013428827215756492
CIGNA,SOUTHWEST AIRLINES,1,0.0004476275738585497
CIGNA,TENET HEALTHCARE,1,0.0004476275738585497
CIGNA,THERMO FISHER SCIENTIFIC,1,0.0004476275738585497
CIGNA,VERIZON,1,0.0004476275738585497
CIGNA,W.R. BERKLEY,1,0.0004476275738585497
CIGNA,WALGREENS BOOTS ALLIANCE,4,0.0017905102954341987
CIGNA,WALMART,6,0.0026857654431512983
CIGNA,XCEL ENERGY,2,0.0008952551477170994
CIGNA,ZIMMER BIOMET HOLDINGS,1,0.0004476275738585497
CISCO SYSTEMS,CMS ENERGY,1,0.0004476275738585497
CISCO SYSTEMS,COCA-COLA,3,0.0013428827215756492
CISCO SYSTEMS,COGNIZANT TECHNOLOGY SOLUTIONS,3,0.0013428827215756492
CISCO SYSTEMS,CORNING,2,0.0008952551477170994
CISCO SYSTEMS,CSX,1,0.0004476275738585497
CISCO SYSTEMS,CUMMINS,3,0.0013428827215756492
CISCO SYSTEMS,DELL TECHNOLOGIES,3,0.0013428827215756492
CISCO SYSTEMS,DELTA AIR LINES,1,0.0004476275738585497
CISCO SYSTEMS,DISH NETWORK,2,0.0008952551477170994
CISCO SYSTEMS,DTE ENERGY,1,0.0004476275738585497
CISCO SYSTEMS,DUPONT DE NEMOURS,1,0.0004476275738585497
CISCO SYSTEMS,ECOLAB,1,0.0004476275738585497
CISCO SYSTEMS,ENTERGY,1,0.0004476275738585497
CISCO SYSTEMS,EXELON,1,0.0004476275738585497
CISCO SYSTEMS,EXXONMOBIL,3,0.0013428827215756492
CISCO SYSTEMS,FACEBOOK,3,0.0013428827215756492
CISCO SYSTEMS,FEDEX,1,0.0004476275738585497
CISCO SYSTEMS,FLUOR,1,0.0004476275738585497
CISCO SYSTEMS,GENERAL DYNAMICS,1,0.0004476275738585497
CISCO SYSTEMS,GENERAL ELECTRIC,2,0.0008952551477170994
CISCO SYSTEMS,GENERAL MOTORS,2,0.0008952551477170994
CISCO SYSTEMS,GILEAD SCIENCES,1,0.0004476275738585497
CISCO SYSTEMS,HARTFORD FINANCIAL SERVICES,1,0.0004476275738585497
CISCO SYSTEMS,HEWLETT PACKARD ENTERPRISE,2,0.0008952551477170994
CISCO SYSTEMS,HOME DEPOT,1,0.0004476275738585497
CISCO SYSTEMS,HP,1,0.0004476275738585497
CISCO SYSTEMS,IBM,10,0.004476275738585497
CISCO SYSTEMS,IHEARTMEDIA,2,0.0008952551477170994
CISCO SYSTEMS,ILLINOIS TOOL WORKS,1,0.0004476275738585497
CISCO SYSTEMS,INTEL,2,0.0008952551477170994
CISCO SYSTEMS,INTERNATIONAL PAPER,1,0.0004476275738585497
CISCO SYSTEMS,INTUIT,2,0.0008952551477170994
CISCO SYSTEMS,JACOBS ENGINEERING GROUP,1,0.0004476275738585497
CISCO SYSTEMS,KROGER,1,0.0004476275738585497
CISCO SYSTEMS,LIBERTY MUTUAL INSURANCE GROUP,1,0.0004476275738585497
CISCO SYSTEMS,LOCKHEED MARTIN,1,0.0004476275738585497
CISCO SYSTEMS,MAGELLAN HEALTH,1,0.0004476275738585497
CISCO SYSTEMS,MICRON TECHNOLOGY,3,0.0013428827215756492
CISCO SYSTEMS,MICROSOFT,3,0.0013428827215756492
CISCO SYSTEMS,ORACLE,5,0.0022381378692927483
CISCO SYSTEMS,PG&E,1,0.0004476275738585497
CISCO SYSTEMS,PHILLIPS 66,1,0.0004476275738585497
CISCO SYSTEMS,PPG INDUSTRIES,1,0.0004476275738585497
CISCO SYSTEMS,PPL,1,0.0004476275738585497
CISCO SYSTEMS,PRINCIPAL FINANCIAL,2,0.0008952551477170994
CISCO SYSTEMS,PUBLIC SERVICE ENTERPRISE GROUP,1,0.0004476275738585497
CISCO SYSTEMS,QUALCOMM,4,0.0017905102954341987
CISCO SYSTEMS,SALESFORCE,2,0.0008952551477170994
CISCO SYSTEMS,SOUTHWEST AIRLINES,1,0.0004476275738585497
CISCO SYSTEMS,TEXAS INSTRUMENTS,4,0.0017905102954341987
CISCO SYSTEMS,TEXTRON,1,0.0004476275738585497
CISCO SYSTEMS,UNION PACIFIC,2,0.0008952551477170994
CISCO SYSTEMS,UNITED TECHNOLOGIES,1,0.0004476275738585497
CISCO SYSTEMS,USAA,1,0.0004476275738585497
CISCO SYSTEMS,VERIZON,6,0.0026857654431512983
CISCO SYSTEMS,WALMART,1,0.0004476275738585497
CISCO SYSTEMS,WESTERN DIGITAL,1,0.0004476275738585497
CISCO SYSTEMS,XCEL ENERGY,1,0.0004476275738585497
CITIGROUP,CITIZENS FINANCIAL GROUP,4,0.0017905102954341987
CITIGROUP,CMS ENERGY,1,0.0004476275738585497
CITIGROUP,COCA-COLA,1,0.0004476275738585497
CITIGROUP,CONSTELLATION BRANDS,1,0.0004476275738585497
CITIGROUP,COSTCO,1,0.0004476275738585497
CITIGROUP,DANAHER,1,0.0004476275738585497
CITIGROUP,DEERE,1,0.0004476275738585497
CITIGROUP,DELL TECHNOLOGIES,1,0.0004476275738585497
CITIGROUP,DTE ENERGY,1,0.0004476275738585497
CITIGROUP,ENTERGY,1,0.0004476275738585497
CITIGROUP,EXXONMOBIL,2,0.0008952551477170994
CITIGROUP,FACEBOOK,1,0.0004476275738585497
CITIGROUP,FEDEX,2,0.0008952551477170994
CITIGROUP,FIFTH THIRD BANCORP,2,0.0008952551477170994
CITIGROUP,GENERAL ELECTRIC,1,0.0004476275738585497
CITIGROUP,GENERAL MOTORS,1,0.0004476275738585497
CITIGROUP,GENWORTH FINANCIAL,1,0.0004476275738585497
CITIGROUP,GOLDMAN SACHS GROUP,1,0.0004476275738585497
CITIGROUP,GUARDIAN LIFE INS. CO. OF AMERICA,1,0.0004476275738585497
CITIGROUP,HARTFORD FINANCIAL SERVICES,4,0.0017905102954341987
CITIGROUP,HCA HEALTHCARE,2,0.0008952551477170994
CITIGROUP,HILTON WORLDWIDE HOLDINGS,2,0.0008952551477170994
CITIGROUP,HOME DEPOT,1,0.0004476275738585497
CITIGROUP,HONEYWELL INTERNATIONAL,1,0.0004476275738585497
CITIGROUP,HUMANA,1,0.0004476275738585497
CITIGROUP,HUNTSMAN,1,0.0004476275738585497
CITIGROUP,IBM,1,0.0004476275738585497
CITIGROUP,INTERNATIONAL PAPER,1,0.0004476275738585497
CITIGROUP,INTUIT,1,0.0004476275738585497
CITIGROUP,JPMORGAN CHASE & CO.,5,0.0022381378692927483
CITIGROUP,KEYCORP,3,0.0013428827215756492
CITIGROUP,LABORATORY CORP. OF AMERICA,1,0.0004476275738585497
CITIGROUP,LIBERTY MEDIA,2,0.0008952551477170994
CITIGROUP,LINCOLN NATIONAL,1,0.0004476275738585497
CITIGROUP,LUMEN TECHNOLOGIES,1,0.0004476275738585497
CITIGROUP,MARRIOTT INTERNATIONAL,1,0.0004476275738585497
CITIGROUP,MASSACHUSETTS MUTUAL LIFE INSURANCE,1,0.0004476275738585497
CITIGROUP,METLIFE,1,0.0004476275738585497
CITIGROUP,MICROSOFT,2,0.0008952551477170994
CITIGROUP,MUTUAL OF OMAHA INSURANCE,1,0.0004476275738585497
CITIGROUP,NATIONWIDE,6,0.0026857654431512983
CITIGROUP,NAVIENT,1,0.0004476275738585497
CITIGROUP,NEW YORK LIFE INSURANCE,1,0.0004476275738585497
CITIGROUP,NEXTERA ENERGY,1,0.0004476275738585497
CITIGROUP,NORTHERN TRUST,1,0.0004476275738585497
CITIGROUP,NORTHWESTERN MUTUAL,1,0.0004476275738585497
CITIGROUP,ORACLE,2,0.0008952551477170994
CITIGROUP,OWENS-ILLINOIS,1,0.0004476275738585497
CITIGROUP,PNC FINANCIAL SERVICES,2,0.0008952551477170994
CITIGROUP,PPG INDUSTRIES,1,0.0004476275738585497
CITIGROUP,PRUDENTIAL FINANCIAL,2,0.0008952551477170994
CITIGROUP,QUEST DIAGNOSTICS,1,0.0004476275738585497
CITIGROUP,QURATE RETAIL,1,0.0004476275738585497
CITIGROUP,RITE AID,1,0.0004476275738585497
CITIGROUP,S&P GLOBAL,2,0.0008952551477170994
CITIGROUP,STATE FARM INSURANCE,1,0.0004476275738585497
CITIGROUP,TIAA,1,0.0004476275738585497
CITIGROUP,TRAVELERS,1,0.0004476275738585497
CITIGROUP,U.S. BANCORP,1,0.0004476275738585497
CITIGROUP,VERIZON,2,0.0008952551477170994
CITIGROUP,W.R. BERKLEY,1,0.0004476275738585497
CITIGROUP,WELLS FARGO,3,0.0013428827215756492
CITIGROUP,WESCO INTERNATIONAL,1,0.0004476275738585497
CITIGROUP,WESTERN UNION,2,0.0008952551477170994
CITIGROUP,XCEL ENERGY,1,0.0004476275738585497
CITIZENS FINANCIAL GROUP,COCA-COLA,1,0.0004476275738585497
CITIZENS FINANCIAL GROUP,CONSTELLATION BRANDS,2,0.0008952551477170994
CITIZENS FINANCIAL GROUP,DANAHER,1,0.0004476275738585497
CITIZENS FINANCIAL GROUP,EXXONMOBIL,1,0.0004476275738585497
CITIZENS FINANCIAL GROUP,HARTFORD FINANCIAL SERVICES,3,0.0013428827215756492
CITIZENS FINANCIAL GROUP,HILTON WORLDWIDE HOLDINGS,2,0.0008952551477170994
CITIZENS FINANCIAL GROUP,HUMANA,1,0.0004476275738585497
CITIZENS FINANCIAL GROUP,INTUIT,1,0.0004476275738585497
CITIZENS FINANCIAL GROUP,JPMORGAN CHASE & CO.,2,0.0008952551477170994
CITIZENS FINANCIAL GROUP,KEYCORP,1,0.0004476275738585497
CITIZENS FINANCIAL GROUP,LABORATORY CORP. OF AMERICA,1,0.0004476275738585497
CITIZENS FINANCIAL GROUP,LINCOLN NATIONAL,1,0.0004476275738585497
CITIZENS FINANCIAL GROUP,MARRIOTT INTERNATIONAL,1,0.0004476275738585497
CITIZENS FINANCIAL GROUP,MUTUAL OF OMAHA INSURANCE,2,0.0008952551477170994
CITIZENS FINANCIAL GROUP,NATIONWIDE,3,0.0013428827215756492
CITIZENS FINANCIAL GROUP,NEW YORK LIFE INSURANCE,1,0.0004476275738585497
CITIZENS FINANCIAL GROUP,NORTHWESTERN MUTUAL,2,0.0008952551477170994
CITIZENS FINANCIAL GROUP,PNC FINANCIAL SERVICES,1,0.0004476275738585497
CITIZENS FINANCIAL GROUP,PRUDENTIAL FINANCIAL,1,0.0004476275738585497
CITIZENS FINANCIAL GROUP,QUEST DIAGNOSTICS,1,0.0004476275738585497
CITIZENS FINANCIAL GROUP,STATE FARM INSURANCE,2,0.0008952551477170994
CITIZENS FINANCIAL GROUP,TRAVELERS,1,0.0004476275738585497
CITIZENS FINANCIAL GROUP,U.S. BANCORP,1,0.0004476275738585497
CITIZENS FINANCIAL GROUP,WELLS FARGO,1,0.0004476275738585497
CLOROX,ECOLAB,1,0.0004476275738585497
CLOROX,ESTEE LAUDER,1,0.0004476275738585497
CLOROX,JOHNSON & JOHNSON,2,0.0008952551477170994
CLOROX,PROCTER & GAMBLE,1,0.0004476275738585497
CMS ENERGY,COGNIZANT TECHNOLOGY SOLUTIONS,1,0.0004476275738585497
CMS ENERGY,CONOCOPHILLIPS,4,0.0017905102954341987
CMS ENERGY,CONSOLIDATED EDISON,4,0.0017905102954341987
CMS ENERGY,CONSTELLATION BRANDS,1,0.0004476275738585497
CMS ENERGY,CORNING,8,0.0035810205908683975
CMS ENERGY,CSX,3,0.0013428827215756492
CMS ENERGY,CUMMINS,13,0.005819158460161146
CMS ENERGY,DANAHER,1,0.0004476275738585497
CMS ENERGY,DAVITA,2,0.0008952551477170994
CMS ENERGY,DELL TECHNOLOGIES,4,0.0017905102954341987
CMS ENERGY,DELTA AIR LINES,7,0.003133393017009848
CMS ENERGY,DISH NETWORK,2,0.0008952551477170994
CMS ENERGY,DOMINION ENERGY,4,0.0017905102954341987
CMS ENERGY,DTE ENERGY,108,0.048343777976723366
CMS ENERGY,DUKE ENERGY,32,0.01432408236347359
CMS ENERGY,DUPONT DE NEMOURS,2,0.0008952551477170994
CMS ENERGY,ECOLAB,4,0.0017905102954341987
CMS ENERGY,EDISON INTERNATIONAL,8,0.0035810205908683975
CMS ENERGY,ELI LILLY,1,0.0004476275738585497
CMS ENERGY,ENERGY TRANSFER,1,0.0004476275738585497
CMS ENERGY,ENTERGY,48,0.021486123545210387
CMS ENERGY,EVERSOURCE ENERGY,16,0.007162041181736795
CMS ENERGY,EXELON,74,0.03312444046553268
CMS ENERGY,EXXONMOBIL,13,0.005819158460161146
CMS ENERGY,FACEBOOK,1,0.0004476275738585497
CMS ENERGY,FEDEX,4,0.0017905102954341987
CMS ENERGY,FIRSTENERGY,33,0.01477170993733214
CMS ENERGY,FLUOR,5,0.0022381378692927483
CMS ENERGY,FORD,3,0.0013428827215756492
CMS ENERGY,GENERAL DYNAMICS,7,0.003133393017009848
CMS ENERGY,GENERAL ELECTRIC,13,0.005819158460161146
CMS ENERGY,GENERAL MOTORS,10,0.004476275738585497
CMS ENERGY,GILEAD SCIENCES,5,0.0022381378692927483
CMS ENERGY,GOODYEAR TIRE & RUBBER,1,0.0004476275738585497
CMS ENERGY,GRAPHIC PACKAGING HOLDING,1,0.0004476275738585497
CMS ENERGY,GUARDIAN LIFE INS. CO. OF AMERICA,1,0.0004476275738585497
CMS ENERGY,HARLEY-DAVIDSON,1,0.0004476275738585497
CMS ENERGY,HARTFORD FINANCIAL SERVICES,3,0.0013428827215756492
CMS ENERGY,HCA HEALTHCARE,2,0.0008952551477170994
CMS ENERGY,HERSHEY,1,0.0004476275738585497
CMS ENERGY,HEWLETT PACKARD ENTERPRISE,1,0.0004476275738585497
CMS ENERGY,HILTON WORLDWIDE HOLDINGS,1,0.0004476275738585497
CMS ENERGY,HOLLYFRONTIER,5,0.0022381378692927483
CMS ENERGY,HOME DEPOT,3,0.0013428827215756492
CMS ENERGY,HONEYWELL INTERNATIONAL,4,0.0017905102954341987
CMS ENERGY,HUMANA,1,0.0004476275738585497
CMS ENERGY,HUNTSMAN,3,0.0013428827215756492
CMS ENERGY,IBM,7,0.003133393017009848
CMS ENERGY,ILLINOIS TOOL WORKS,1,0.0004476275738585497
CMS ENERGY,INTEL,3,0.0013428827215756492
CMS ENERGY,INTERNATIONAL PAPER,2,0.0008952551477170994
CMS ENERGY,JACOBS ENGINEERING GROUP,2,0.0008952551477170994
CMS ENERGY,JETBLUE AIRWAYS,2,0.0008952551477170994
CMS ENERGY,JOHNSON & JOHNSON,1,0.0004476275738585497
CMS ENERGY,JONES FINANCIAL (EDWARD JONES),2,0.0008952551477170994
CMS ENERGY,JPMORGAN CHASE & CO.,1,0.0004476275738585497
CMS ENERGY,KROGER,1,0.0004476275738585497
CMS ENERGY,L3HARRIS TECHNOLOGIES,2,0.0008952551477170994
CMS ENERGY,LEIDOS HOLDINGS,4,0.0017905102954341987
CMS ENERGY,LIBERTY MEDIA,1,0.0004476275738585497
CMS ENERGY,LIBERTY MUTUAL INSURANCE GROUP,1,0.0004476275738585497
CMS ENERGY,LIVE NATION ENTERTAINMENT,1,0.0004476275738585497
CMS ENERGY,LOCKHEED MARTIN,15,0.006714413607878245
CMS ENERGY,LOEWS,4,0.0017905102954341987
CMS ENERGY,LUMEN TECHNOLOGIES,2,0.0008952551477170994
CMS ENERGY,MAGELLAN HEALTH,2,0.0008952551477170994
CMS ENERGY,MARATHON PETROLEUM,7,0.003133393017009848
CMS ENERGY,MCKESSON,1,0.0004476275738585497
CMS ENERGY,MICRON TECHNOLOGY,3,0.0013428827215756492
CMS ENERGY,MICROSOFT,4,0.0017905102954341987
CMS ENERGY,MOLINA HEALTHCARE,1,0.0004476275738585497
CMS ENERGY,MOLSON COORS BEVERAGE,1,0.0004476275738585497
CMS ENERGY,MOTOROLA SOLUTIONS,4,0.0017905102954341987
CMS ENERGY,NATIONWIDE,5,0.0022381378692927483
CMS ENERGY,NAVISTAR INTERNATIONAL,1,0.0004476275738585497
CMS ENERGY,NORTHROP GRUMMAN,8,0.0035810205908683975
CMS ENERGY,NRG ENERGY,1,0.0004476275738585497
CMS ENERGY,ONEOK,1,0.0004476275738585497
CMS ENERGY,ORACLE,5,0.0022381378692927483
CMS ENERGY,OSHKOSH,2,0.0008952551477170994
CMS ENERGY,OWENS CORNING,1,0.0004476275738585497
CMS ENERGY,PEABODY ENERGY,2,0.0008952551477170994
CMS ENERGY,PG&E,39,0.017457475380483437
CMS ENERGY,PHILLIPS 66,4,0.0017905102954341987
CMS ENERGY,PPG INDUSTRIES,8,0.0035810205908683975
CMS ENERGY,PPL,53,0.023724261414503133
CMS ENERGY,PRINCIPAL FINANCIAL,1,0.0004476275738585497
CMS ENERGY,PROCTER & GAMBLE,1,0.0004476275738585497
CMS ENERGY,PUBLIC SERVICE ENTERPRISE GROUP,14,0.006266786034019696
CMS ENERGY,QUEST DIAGNOSTICS,1,0.0004476275738585497
CMS ENERGY,QURATE RETAIL,1,0.0004476275738585497
CMS ENERGY,RAYTHEON,6,0.0026857654431512983
CMS ENERGY,REGIONS FINANCIAL,1,0.0004476275738585497
CMS ENERGY,SALESFORCE,1,0.0004476275738585497
CMS ENERGY,SEMPRA ENERGY,3,0.0013428827215756492
CMS ENERGY,SOUTHERN,12,0.005371530886302597
CMS ENERGY,SOUTHWEST AIRLINES,3,0.0013428827215756492
CMS ENERGY,STANLEY BLACK & DECKER,1,0.0004476275738585497
CMS ENERGY,TENET HEALTHCARE,1,0.0004476275738585497
CMS ENERGY,TESLA,7,0.003133393017009848
CMS ENERGY,TEXTRON,3,0.0013428827215756492
CMS ENERGY,THERMO FISHER SCIENTIFIC,2,0.0008952551477170994
CMS ENERGY,UNION PACIFIC,10,0.004476275738585497
CMS ENERGY,UNITED AIRLINES HOLDINGS,2,0.0008952551477170994
CMS ENERGY,UNITED TECHNOLOGIES,2,0.0008952551477170994
CMS ENERGY,USAA,2,0.0008952551477170994
CMS ENERGY,VALERO ENERGY,1,0.0004476275738585497
CMS ENERGY,VERIZON,3,0.0013428827215756492
CMS ENERGY,VF,2,0.0008952551477170994
CMS ENERGY,WALGREENS BOOTS ALLIANCE,2,0.0008952551477170994
CMS ENERGY,WEC ENERGY GROUP,2,0.0008952551477170994
CMS ENERGY,WELLS FARGO,1,0.0004476275738585497
CMS ENERGY,WESTROCK,1,0.0004476275738585497
CMS ENERGY,WEYERHAEUSER,1,0.0004476275738585497
CMS ENERGY,WHIRLPOOL,1,0.0004476275738585497
CMS ENERGY,XCEL ENERGY,65,0.02909579230080573
COCA-COLA,COGNIZANT TECHNOLOGY SOLUTIONS,1,0.0004476275738585497
COCA-COLA,CORNING,1,0.0004476275738585497
COCA-COLA,CUMMINS,3,0.0013428827215756492
COCA-COLA,DEAN FOODS,2,0.0008952551477170994
COCA-COLA,DELL TECHNOLOGIES,1,0.0004476275738585497
COCA-COLA,DUPONT DE NEMOURS,1,0.0004476275738585497
COCA-COLA,ECOLAB,1,0.0004476275738585497
COCA-COLA,EXELON,3,0.0013428827215756492
COCA-COLA,EXXONMOBIL,6,0.0026857654431512983
COCA-COLA,FACEBOOK,2,0.0008952551477170994
COCA-COLA,FEDEX,4,0.0017905102954341987
COCA-COLA,GAP,2,0.0008952551477170994
COCA-COLA,GENERAL ELECTRIC,2,0.0008952551477170994
COCA-COLA,GENERAL MOTORS,2,0.0008952551477170994
COCA-COLA,GRAPHIC PACKAGING HOLDING,4,0.0017905102954341987
COCA-COLA,HARTFORD FINANCIAL SERVICES,3,0.0013428827215756492
COCA-COLA,HEWLETT PACKARD ENTERPRISE,1,0.0004476275738585497
COCA-COLA,HILTON WORLDWIDE HOLDINGS,1,0.0004476275738585497
COCA-COLA,HOME DEPOT,3,0.0013428827215756492
COCA-COLA,HP,1,0.0004476275738585497
COCA-COLA,IBM,5,0.0022381378692927483
COCA-COLA,ILLINOIS TOOL WORKS,6,0.0026857654431512983
COCA-COLA,INTERNATIONAL PAPER,5,0.0022381378692927483
COCA-COLA,JACOBS ENGINEERING GROUP,1,0.0004476275738585497
COCA-COLA,JONES FINANCIAL (EDWARD JONES),1,0.0004476275738585497
COCA-COLA,JPMORGAN CHASE & CO.,2,0.0008952551477170994
COCA-COLA,KEURIG DR PEPPER,2,0.0008952551477170994
COCA-COLA,KROGER,1,0.0004476275738585497
COCA-COLA,LIBERTY MUTUAL INSURANCE GROUP,1,0.0004476275738585497
COCA-COLA,LOCKHEED MARTIN,3,0.0013428827215756492
COCA-COLA,LOWE'S,4,0.0017905102954341987
COCA-COLA,MARRIOTT INTERNATIONAL,1,0.0004476275738585497
COCA-COLA,MCDONALD'S,2,0.0008952551477170994
COCA-COLA,MICROSOFT,2,0.0008952551477170994
COCA-COLA,MOLSON COORS BEVERAGE,4,0.0017905102954341987
COCA-COLA,MUTUAL OF OMAHA INSURANCE,1,0.0004476275738585497
COCA-COLA,NATIONWIDE,2,0.0008952551477170994
COCA-COLA,NAVISTAR INTERNATIONAL,1,0.0004476275738585497
COCA-COLA,NIKE,2,0.0008952551477170994
COCA-COLA,NUCOR,3,0.0013428827215756492
COCA-COLA,ORACLE,1,0.0004476275738585497
COCA-COLA,PEPSICO,5,0.0022381378692927483
COCA-COLA,PHILLIPS 66,4,0.0017905102954341987
COCA-COLA,POLARIS INC,1,0.0004476275738585497
COCA-COLA,PPG INDUSTRIES,2,0.0008952551477170994
COCA-COLA,RITE AID,2,0.0008952551477170994
COCA-COLA,S&P GLOBAL,2,0.0008952551477170994
COCA-COLA,SEMPRA ENERGY,1,0.0004476275738585497
COCA-COLA,SYNCHRONY FINANCIAL,2,0.0008952551477170994
COCA-COLA,SYSCO,2,0.0008952551477170994
COCA-COLA,TEXAS INSTRUMENTS,2,0.0008952551477170994
COCA-COLA,UNION PACIFIC,1,0.0004476275738585497
COCA-COLA,UNITED TECHNOLOGIES,1,0.0004476275738585497
COCA-COLA,VERIZON,6,0.0026857654431512983
COCA-COLA,VF,1,0.0004476275738585497
COCA-COLA,WALMART,1,0.0004476275738585497
COCA-COLA,WASTE MANAGEMENT,2,0.0008952551477170994
COCA-COLA,WESTROCK,4,0.0017905102954341987
COCA-COLA,WEYERHAEUSER,3,0.0013428827215756492
COCA-COLA,WHIRLPOOL,1,0.0004476275738585497
COCA-COLA,YUM BRANDS,2,0.0008952551477170994
COGNIZANT TECHNOLOGY SOLUTIONS,CORNING,2,0.0008952551477170994
COGNIZANT TECHNOLOGY SOLUTIONS,CUMMINS,4,0.0017905102954341987
COGNIZANT TECHNOLOGY SOLUTIONS,DELL TECHNOLOGIES,1,0.0004476275738585497
COGNIZANT TECHNOLOGY SOLUTIONS,DELTA AIR LINES,3,0.0013428827215756492
COGNIZANT TECHNOLOGY SOLUTIONS,DTE ENERGY,1,0.0004476275738585497
COGNIZANT TECHNOLOGY SOLUTIONS,DUKE ENERGY,2,0.0008952551477170994
COGNIZANT TECHNOLOGY SOLUTIONS,ECOLAB,1,0.0004476275738585497
COGNIZANT TECHNOLOGY SOLUTIONS,ENTERGY,1,0.0004476275738585497
COGNIZANT TECHNOLOGY SOLUTIONS,EXELON,1,0.0004476275738585497
COGNIZANT TECHNOLOGY SOLUTIONS,EXXONMOBIL,2,0.0008952551477170994
COGNIZANT TECHNOLOGY SOLUTIONS,FACEBOOK,4,0.0017905102954341987
COGNIZANT TECHNOLOGY SOLUTIONS,FEDEX,1,0.0004476275738585497
COGNIZANT TECHNOLOGY SOLUTIONS,FIRSTENERGY,1,0.0004476275738585497
COGNIZANT TECHNOLOGY SOLUTIONS,GENERAL DYNAMICS,3,0.0013428827215756492
COGNIZANT TECHNOLOGY SOLUTIONS,GENERAL ELECTRIC,2,0.0008952551477170994
COGNIZANT TECHNOLOGY SOLUTIONS,GENERAL MOTORS,2,0.0008952551477170994
COGNIZANT TECHNOLOGY SOLUTIONS,HEWLETT PACKARD ENTERPRISE,2,0.0008952551477170994
COGNIZANT TECHNOLOGY SOLUTIONS,HOME DEPOT,1,0.0004476275738585497
COGNIZANT TECHNOLOGY SOLUTIONS,HUNTSMAN,1,0.0004476275738585497
COGNIZANT TECHNOLOGY SOLUTIONS,IBM,4,0.0017905102954341987
COGNIZANT TECHNOLOGY SOLUTIONS,ILLINOIS TOOL WORKS,1,0.0004476275738585497
COGNIZANT TECHNOLOGY SOLUTIONS,INTEL,1,0.0004476275738585497
COGNIZANT TECHNOLOGY SOLUTIONS,INTERNATIONAL PAPER,1,0.0004476275738585497
COGNIZANT TECHNOLOGY SOLUTIONS,INTUIT,2,0.0008952551477170994
COGNIZANT TECHNOLOGY SOLUTIONS,JACOBS ENGINEERING GROUP,1,0.0004476275738585497
COGNIZANT TECHNOLOGY SOLUTIONS,JETBLUE AIRWAYS,1,0.0004476275738585497
COGNIZANT TECHNOLOGY SOLUTIONS,LEIDOS HOLDINGS,3,0.0013428827215756492
COGNIZANT TECHNOLOGY SOLUTIONS,LIBERTY MUTUAL INSURANCE GROUP,1,0.0004476275738585497
COGNIZANT TECHNOLOGY SOLUTIONS,LOCKHEED MARTIN,3,0.0013428827215756492
COGNIZANT TECHNOLOGY SOLUTIONS,MAGELLAN HEALTH,1,0.0004476275738585497
COGNIZANT TECHNOLOGY SOLUTIONS,MICRON TECHNOLOGY,2,0.0008952551477170994
COGNIZANT TECHNOLOGY SOLUTIONS,MICROSOFT,3,0.0013428827215756492
COGNIZANT TECHNOLOGY SOLUTIONS,NORTHROP GRUMMAN,3,0.0013428827215756492
COGNIZANT TECHNOLOGY SOLUTIONS,ORACLE,4,0.0017905102954341987
COGNIZANT TECHNOLOGY SOLUTIONS,PG&E,1,0.0004476275738585497
COGNIZANT TECHNOLOGY SOLUTIONS,PHILLIPS 66,1,0.0004476275738585497
COGNIZANT TECHNOLOGY SOLUTIONS,PPG INDUSTRIES,1,0.0004476275738585497
COGNIZANT TECHNOLOGY SOLUTIONS,PPL,1,0.0004476275738585497
COGNIZANT TECHNOLOGY SOLUTIONS,PRINCIPAL FINANCIAL,2,0.0008952551477170994
COGNIZANT TECHNOLOGY SOLUTIONS,RAYTHEON,3,0.0013428827215756492
COGNIZANT TECHNOLOGY SOLUTIONS,SALESFORCE,2,0.0008952551477170994
COGNIZANT TECHNOLOGY SOLUTIONS,SOUTHWEST AIRLINES,1,0.0004476275738585497
COGNIZANT TECHNOLOGY SOLUTIONS,TEXAS INSTRUMENTS,3,0.0013428827215756492
COGNIZANT TECHNOLOGY SOLUTIONS,TEXTRON,1,0.0004476275738585497
COGNIZANT TECHNOLOGY SOLUTIONS,UNION PACIFIC,3,0.0013428827215756492
COGNIZANT TECHNOLOGY SOLUTIONS,UNITED AIRLINES HOLDINGS,3,0.0013428827215756492
COGNIZANT TECHNOLOGY SOLUTIONS,UNITED TECHNOLOGIES,2,0.0008952551477170994
COGNIZANT TECHNOLOGY SOLUTIONS,USAA,1,0.0004476275738585497
COGNIZANT TECHNOLOGY SOLUTIONS,WALMART,1,0.0004476275738585497
COGNIZANT TECHNOLOGY SOLUTIONS,XCEL ENERGY,1,0.0004476275738585497
COMCAST,FACEBOOK,1,0.0004476275738585497
COMCAST,LUMEN TECHNOLOGIES,1,0.0004476275738585497
COMCAST,ORACLE,1,0.0004476275738585497
COMCAST,VERIZON,1,0.0004476275738585497
CONOCOPHILLIPS,CORNING,1,0.0004476275738585497
CONOCOPHILLIPS,CSX,1,0.0004476275738585497
CONOCOPHILLIPS,CUMMINS,3,0.0013428827215756492
CONOCOPHILLIPS,CVS HEALTH,2,0.0008952551477170994
CONOCOPHILLIPS,DANAHER,1,0.0004476275738585497
CONOCOPHILLIPS,DELL TECHNOLOGIES,2,0.0008952551477170994
CONOCOPHILLIPS,DELTA AIR LINES,2,0.0008952551477170994
CONOCOPHILLIPS,DTE ENERGY,5,0.0022381378692927483
CONOCOPHILLIPS,DUKE ENERGY,4,0.0017905102954341987
CONOCOPHILLIPS,DUPONT DE NEMOURS,1,0.0004476275738585497
CONOCOPHILLIPS,ECOLAB,2,0.0008952551477170994
CONOCOPHILLIPS,ENTERGY,5,0.0022381378692927483
CONOCOPHILLIPS,EVERSOURCE ENERGY,1,0.0004476275738585497
CONOCOPHILLIPS,EXELON,4,0.0017905102954341987
CONOCOPHILLIPS,EXXONMOBIL,4,0.0017905102954341987
CONOCOPHILLIPS,FIRSTENERGY,1,0.0004476275738585497
CONOCOPHILLIPS,FLUOR,1,0.0004476275738585497
CONOCOPHILLIPS,GENERAL DYNAMICS,3,0.0013428827215756492
CONOCOPHILLIPS,GENERAL ELECTRIC,4,0.0017905102954341987
CONOCOPHILLIPS,GILEAD SCIENCES,1,0.0004476275738585497
CONOCOPHILLIPS,GOODYEAR TIRE & RUBBER,1,0.0004476275738585497
CONOCOPHILLIPS,GUARDIAN LIFE INS. CO. OF AMERICA,1,0.0004476275738585497
CONOCOPHILLIPS,HARTFORD FINANCIAL SERVICES,1,0.0004476275738585497
CONOCOPHILLIPS,HCA HEALTHCARE,2,0.0008952551477170994
CONOCOPHILLIPS,HERSHEY,1,0.0004476275738585497
CONOCOPHILLIPS,HILTON WORLDWIDE HOLDINGS,1,0.0004476275738585497
CONOCOPHILLIPS,HOLLYFRONTIER,3,0.0013428827215756492
CONOCOPHILLIPS,HONEYWELL INTERNATIONAL,2,0.0008952551477170994
CONOCOPHILLIPS,HUMANA,2,0.0008952551477170994
CONOCOPHILLIPS,HUNTSMAN,1,0.0004476275738585497
CONOCOPHILLIPS,IBM,1,0.0004476275738585497
CONOCOPHILLIPS,INTEL,1,0.0004476275738585497
CONOCOPHILLIPS,INTUIT,1,0.0004476275738585497
CONOCOPHILLIPS,JOHNSON & JOHNSON,1,0.0004476275738585497
CONOCOPHILLIPS,KRAFT HEINZ,1,0.0004476275738585497
CONOCOPHILLIPS,LABORATORY CORP. OF AMERICA,2,0.0008952551477170994
CONOCOPHILLIPS,LEIDOS HOLDINGS,1,0.0004476275738585497
CONOCOPHILLIPS,LOCKHEED MARTIN,3,0.0013428827215756492
CONOCOPHILLIPS,LOEWS,1,0.0004476275738585497
CONOCOPHILLIPS,MARATHON PETROLEUM,1,0.0004476275738585497
CONOCOPHILLIPS,MICRON TECHNOLOGY,1,0.0004476275738585497
CONOCOPHILLIPS,MICROSOFT,1,0.0004476275738585497
CONOCOPHILLIPS,MOLINA HEALTHCARE,2,0.0008952551477170994
CONOCOPHILLIPS,MOTOROLA SOLUTIONS,1,0.0004476275738585497
CONOCOPHILLIPS,MUTUAL OF OMAHA INSURANCE,1,0.0004476275738585497
CONOCOPHILLIPS,NATIONWIDE,1,0.0004476275738585497
CONOCOPHILLIPS,NAVISTAR INTERNATIONAL,1,0.0004476275738585497
CONOCOPHILLIPS,NORTHERN TRUST,1,0.0004476275738585497
CONOCOPHILLIPS,NORTHROP GRUMMAN,2,0.0008952551477170994
CONOCOPHILLIPS,ONEOK,1,0.0004476275738585497
CONOCOPHILLIPS,OSHKOSH,1,0.0004476275738585497
CONOCOPHILLIPS,PEABODY ENERGY,1,0.0004476275738585497
CONOCOPHILLIPS,PG&E,4,0.0017905102954341987
CONOCOPHILLIPS,PHILLIPS 66,1,0.0004476275738585497
CONOCOPHILLIPS,PPG INDUSTRIES,2,0.0008952551477170994
CONOCOPHILLIPS,PPL,3,0.0013428827215756492
CONOCOPHILLIPS,PROCTER & GAMBLE,1,0.0004476275738585497
CONOCOPHILLIPS,PUBLIC SERVICE ENTERPRISE GROUP,1,0.0004476275738585497
CONOCOPHILLIPS,RAYTHEON,3,0.0013428827215756492
CONOCOPHILLIPS,SEMPRA ENERGY,1,0.0004476275738585497
CONOCOPHILLIPS,SHERWIN-WILLIAMS,2,0.0008952551477170994
CONOCOPHILLIPS,SOUTHERN,1,0.0004476275738585497
CONOCOPHILLIPS,SOUTHWEST AIRLINES,1,0.0004476275738585497
CONOCOPHILLIPS,UNION PACIFIC,2,0.0008952551477170994
CONOCOPHILLIPS,W.R. BERKLEY,1,0.0004476275738585497
CONOCOPHILLIPS,WEC ENERGY GROUP,1,0.0004476275738585497
CONOCOPHILLIPS,XCEL ENERGY,3,0.0013428827215756492
CONSOLIDATED EDISON,CORNING,2,0.0008952551477170994
CONSOLIDATED EDISON,CUMMINS,1,0.0004476275738585497
CONSOLIDATED EDISON,DAVITA,1,0.0004476275738585497
CONSOLIDATED EDISON,DELTA AIR LINES,1,0.0004476275738585497
CONSOLIDATED EDISON,DOMINION ENERGY,1,0.0004476275738585497
CONSOLIDATED EDISON,DTE ENERGY,4,0.0017905102954341987
CONSOLIDATED EDISON,DUKE ENERGY,3,0.0013428827215756492
CONSOLIDATED EDISON,EDISON INTERNATIONAL,1,0.0004476275738585497
CONSOLIDATED EDISON,ENERGY TRANSFER,2,0.0008952551477170994
CONSOLIDATED EDISON,ENTERGY,2,0.0008952551477170994
CONSOLIDATED EDISON,EVERSOURCE ENERGY,3,0.0013428827215756492
CONSOLIDATED EDISON,EXELON,3,0.0013428827215756492
CONSOLIDATED EDISON,EXXONMOBIL,1,0.0004476275738585497
CONSOLIDATED EDISON,FIRSTENERGY,2,0.0008952551477170994
CONSOLIDATED EDISON,FLUOR,1,0.0004476275738585497
CONSOLIDATED EDISON,FORD,2,0.0008952551477170994
CONSOLIDATED EDISON,GENERAL DYNAMICS,1,0.0004476275738585497
CONSOLIDATED EDISON,GENERAL ELECTRIC,1,0.0004476275738585497
CONSOLIDATED EDISON,GENERAL MOTORS,2,0.0008952551477170994
CONSOLIDATED EDISON,GILEAD SCIENCES,1,0.0004476275738585497
CONSOLIDATED EDISON,GRAPHIC PACKAGING HOLDING,1,0.0004476275738585497
CONSOLIDATED EDISON,HOLLYFRONTIER,1,0.0004476275738585497
CONSOLIDATED EDISON,HUNTSMAN,1,0.0004476275738585497
CONSOLIDATED EDISON,IBM,1,0.0004476275738585497
CONSOLIDATED EDISON,INTEL,1,0.0004476275738585497
CONSOLIDATED EDISON,LEIDOS HOLDINGS,1,0.0004476275738585497
CONSOLIDATED EDISON,LOCKHEED MARTIN,1,0.0004476275738585497
CONSOLIDATED EDISON,LOEWS,2,0.0008952551477170994
CONSOLIDATED EDISON,MARATHON PETROLEUM,2,0.0008952551477170994
CONSOLIDATED EDISON,MICRON TECHNOLOGY,1,0.0004476275738585497
CONSOLIDATED EDISON,NORTHROP GRUMMAN,1,0.0004476275738585497
CONSOLIDATED EDISON,ONEOK,1,0.0004476275738585497
CONSOLIDATED EDISON,ORACLE,1,0.0004476275738585497
CONSOLIDATED EDISON,PG&E,5,0.0022381378692927483
CONSOLIDATED EDISON,PHILLIPS 66,2,0.0008952551477170994
CONSOLIDATED EDISON,PPG INDUSTRIES,1,0.0004476275738585497
CONSOLIDATED EDISON,PPL,3,0.0013428827215756492
CONSOLIDATED EDISON,PUBLIC SERVICE ENTERPRISE GROUP,2,0.0008952551477170994
CONSOLIDATED EDISON,SEMPRA ENERGY,1,0.0004476275738585497
CONSOLIDATED EDISON,TESLA,2,0.0008952551477170994
CONSOLIDATED EDISON,THERMO FISHER SCIENTIFIC,1,0.0004476275738585497
CONSOLIDATED EDISON,UNION PACIFIC,1,0.0004476275738585497
CONSOLIDATED EDISON,VF,2,0.0008952551477170994
CONSOLIDATED EDISON,WEC ENERGY GROUP,1,0.0004476275738585497
CONSOLIDATED EDISON,WESTROCK,1,0.0004476275738585497
CONSOLIDATED EDISON,XCEL ENERGY,4,0.0017905102954341987
CONSTELLATION BRANDS,DTE ENERGY,1,0.0004476275738585497
CONSTELLATION BRANDS,ELI LILLY,1,0.0004476275738585497
CONSTELLATION BRANDS,ENTERGY,1,0.0004476275738585497
CONSTELLATION BRANDS,EXELON,1,0.0004476275738585497
CONSTELLATION BRANDS,GENERAL DYNAMICS,1,0.0004476275738585497
CONSTELLATION BRANDS,GENERAL ELECTRIC,1,0.0004476275738585497
CONSTELLATION BRANDS,GUARDIAN LIFE INS. CO. OF AMERICA,1,0.0004476275738585497
CONSTELLATION BRANDS,HARTFORD FINANCIAL SERVICES,2,0.0008952551477170994
CONSTELLATION BRANDS,HCA HEALTHCARE,1,0.0004476275738585497
CONSTELLATION BRANDS,IHEARTMEDIA,1,0.0004476275738585497
CONSTELLATION BRANDS,JONES FINANCIAL (EDWARD JONES),1,0.0004476275738585497
CONSTELLATION BRANDS,JPMORGAN CHASE & CO.,2,0.0008952551477170994
CONSTELLATION BRANDS,KEYCORP,2,0.0008952551477170994
CONSTELLATION BRANDS,LINCOLN NATIONAL,1,0.0004476275738585497
CONSTELLATION BRANDS,LIVE NATION ENTERTAINMENT,1,0.0004476275738585497
CONSTELLATION BRANDS,LOCKHEED MARTIN,2,0.0008952551477170994
CONSTELLATION BRANDS,LUMEN TECHNOLOGIES,1,0.0004476275738585497
CONSTELLATION BRANDS,MARRIOTT INTERNATIONAL,1,0.0004476275738585497
CONSTELLATION BRANDS,MUTUAL OF OMAHA INSURANCE,1,0.0004476275738585497
CONSTELLATION BRANDS,NATIONWIDE,3,0.0013428827215756492
CONSTELLATION BRANDS,NEW YORK LIFE INSURANCE,1,0.0004476275738585497
CONSTELLATION BRANDS,NORTHERN TRUST,1,0.0004476275738585497
CONSTELLATION BRANDS,NORTHWESTERN MUTUAL,2,0.0008952551477170994
CONSTELLATION BRANDS,PNC FINANCIAL SERVICES,2,0.0008952551477170994
CONSTELLATION BRANDS,PPL,1,0.0004476275738585497
CONSTELLATION BRANDS,PRUDENTIAL FINANCIAL,1,0.0004476275738585497
CONSTELLATION BRANDS,QUEST DIAGNOSTICS,1,0.0004476275738585497
CONSTELLATION BRANDS,STATE FARM INSURANCE,2,0.0008952551477170994
CONSTELLATION BRANDS,TRAVELERS,1,0.0004476275738585497
CONSTELLATION BRANDS,U.S. BANCORP,1,0.0004476275738585497
CONSTELLATION BRANDS,UNION PACIFIC,1,0.0004476275738585497
CONSTELLATION BRANDS,WALGREENS BOOTS ALLIANCE,1,0.0004476275738585497
CONSTELLATION BRANDS,WELLS FARGO,1,0.0004476275738585497
CONSTELLATION BRANDS,XCEL ENERGY,1,0.0004476275738585497
CORNING,CSX,1,0.0004476275738585497
CORNING,CUMMINS,9,0.0040286481647269475
CORNING,DAVITA,2,0.0008952551477170994
CORNING,DELL TECHNOLOGIES,6,0.0026857654431512983
CORNING,DELTA AIR LINES,7,0.003133393017009848
CORNING,DTE ENERGY,9,0.0040286481647269475
CORNING,DUKE ENERGY,7,0.003133393017009848
CORNING,DUPONT DE NEMOURS,2,0.0008952551477170994
CORNING,ECOLAB,6,0.0026857654431512983
CORNING,ENERGY TRANSFER,1,0.0004476275738585497
CORNING,ENTERGY,5,0.0022381378692927483
CORNING,EVERSOURCE ENERGY,2,0.0008952551477170994
CORNING,EXELON,6,0.0026857654431512983
CORNING,EXXONMOBIL,6,0.0026857654431512983
CORNING,FACEBOOK,2,0.0008952551477170994
CORNING,FEDEX,1,0.0004476275738585497
CORNING,FIRSTENERGY,4,0.0017905102954341987
CORNING,FLUOR,1,0.0004476275738585497
CORNING,GENERAL DYNAMICS,5,0.0022381378692927483
CORNING,GENERAL ELECTRIC,7,0.003133393017009848
CORNING,GENERAL MOTORS,3,0.0013428827215756492
CORNING,GENWORTH FINANCIAL,1,0.0004476275738585497
CORNING,GILEAD SCIENCES,2,0.0008952551477170994
CORNING,GRAPHIC PACKAGING HOLDING,1,0.0004476275738585497
CORNING,HEWLETT PACKARD ENTERPRISE,4,0.0017905102954341987
CORNING,HOLLYFRONTIER,3,0.0013428827215756492
CORNING,HONEYWELL INTERNATIONAL,3,0.0013428827215756492
CORNING,HP,1,0.0004476275738585497
CORNING,HUNTSMAN,2,0.0008952551477170994
CORNING,IBM,9,0.0040286481647269475
CORNING,ILLINOIS TOOL WORKS,1,0.0004476275738585497
CORNING,INTEL,3,0.0013428827215756492
CORNING,INTERNATIONAL PAPER,2,0.0008952551477170994
CORNING,JACOBS ENGINEERING GROUP,2,0.0008952551477170994
CORNING,JETBLUE AIRWAYS,1,0.0004476275738585497
CORNING,JOHNSON & JOHNSON,1,0.0004476275738585497
CORNING,JPMORGAN CHASE & CO.,1,0.0004476275738585497
CORNING,KROGER,1,0.0004476275738585497
CORNING,LABORATORY CORP. OF AMERICA,1,0.0004476275738585497
CORNING,LEIDOS HOLDINGS,5,0.0022381378692927483
CORNING,LIBERTY MUTUAL INSURANCE GROUP,1,0.0004476275738585497
CORNING,LOCKHEED MARTIN,5,0.0022381378692927483
CORNING,LOEWS,2,0.0008952551477170994
CORNING,MAGELLAN HEALTH,1,0.0004476275738585497
CORNING,MARATHON PETROLEUM,2,0.0008952551477170994
CORNING,MICRON TECHNOLOGY,3,0.0013428827215756492
CORNING,MICROSOFT,5,0.0022381378692927483
CORNING,MOTOROLA SOLUTIONS,4,0.0017905102954341987
CORNING,NORTHROP GRUMMAN,5,0.0022381378692927483
CORNING,NORTHWESTERN MUTUAL,1,0.0004476275738585497
CORNING,ONEOK,2,0.0008952551477170994
CORNING,ORACLE,7,0.003133393017009848
CORNING,PG&E,6,0.0026857654431512983
CORNING,PHILLIPS 66,4,0.0017905102954341987
CORNING,POLARIS INC,2,0.0008952551477170994
CORNING,PPG INDUSTRIES,6,0.0026857654431512983
CORNING,PPL,3,0.0013428827215756492
CORNING,PRINCIPAL FINANCIAL,1,0.0004476275738585497
CORNING,PUBLIC SERVICE ENTERPRISE GROUP,4,0.0017905102954341987
CORNING,QUALCOMM,1,0.0004476275738585497
CORNING,RAYTHEON,4,0.0017905102954341987
CORNING,SEMPRA ENERGY,2,0.0008952551477170994
CORNING,SOUTHERN,1,0.0004476275738585497
CORNING,SOUTHWEST AIRLINES,1,0.0004476275738585497
CORNING,TESLA,1,0.0004476275738585497
CORNING,TEXAS INSTRUMENTS,4,0.0017905102954341987
CORNING,TEXTRON,3,0.0013428827215756492
CORNING,THERMO FISHER SCIENTIFIC,2,0.0008952551477170994
CORNING,UNION PACIFIC,6,0.0026857654431512983
CORNING,UNITED AIRLINES HOLDINGS,1,0.0004476275738585497
CORNING,UNITED TECHNOLOGIES,6,0.0026857654431512983
CORNING,USAA,1,0.0004476275738585497
CORNING,VERIZON,9,0.0040286481647269475
CORNING,WALMART,1,0.0004476275738585497
CORNING,WESTERN DIGITAL,2,0.0008952551477170994
CORNING,WESTROCK,1,0.0004476275738585497
CORNING,WEYERHAEUSER,2,0.0008952551477170994
CORNING,WINDSTREAM HOLDINGS,3,0.0013428827215756492
CORNING,XCEL ENERGY,7,0.003133393017009848
CORNING,ZIMMER BIOMET HOLDINGS,1,0.0004476275738585497
COSTCO,DEERE,1,0.0004476275738585497
COSTCO,DELL TECHNOLOGIES,1,0.0004476275738585497
COSTCO,EXXONMOBIL,1,0.0004476275738585497
COSTCO,FACEBOOK,1,0.0004476275738585497
COSTCO,FIFTH THIRD BANCORP,1,0.0004476275738585497
COSTCO,GENERAL ELECTRIC,1,0.0004476275738585497
COSTCO,GENWORTH FINANCIAL,1,0.0004476275738585497
COSTCO,GOLDMAN SACHS GROUP,1,0.0004476275738585497
COSTCO,GUARDIAN LIFE INS. CO. OF AMERICA,1,0.0004476275738585497
COSTCO,HARTFORD FINANCIAL SERVICES,1,0.0004476275738585497
COSTCO,HONEYWELL INTERNATIONAL,1,0.0004476275738585497
COSTCO,HUNTSMAN,1,0.0004476275738585497
COSTCO,IBM,1,0.0004476275738585497
COSTCO,INTERNATIONAL PAPER,1,0.0004476275738585497
COSTCO,MASSACHUSETTS MUTUAL LIFE INSURANCE,1,0.0004476275738585497
COSTCO,METLIFE,1,0.0004476275738585497
COSTCO,MICROSOFT,1,0.0004476275738585497
COSTCO,NATIONWIDE,1,0.0004476275738585497
COSTCO,NEXTERA ENERGY,1,0.0004476275738585497
COSTCO,ORACLE,1,0.0004476275738585497
COSTCO,OWENS-ILLINOIS,1,0.0004476275738585497
COSTCO,PPG INDUSTRIES,1,0.0004476275738585497
COSTCO,PRUDENTIAL FINANCIAL,1,0.0004476275738585497
COSTCO,RITE AID,1,0.0004476275738585497
COSTCO,S&P GLOBAL,1,0.0004476275738585497
COSTCO,W.R. BERKLEY,1,0.0004476275738585497
COSTCO,WESCO INTERNATIONAL,1,0.0004476275738585497
COSTCO,WESTERN UNION,1,0.0004476275738585497
CSX,CUMMINS,2,0.0008952551477170994
CSX,DANAHER,1,0.0004476275738585497
CSX,DELL TECHNOLOGIES,1,0.0004476275738585497
CSX,DELTA AIR LINES,2,0.0008952551477170994
CSX,DTE ENERGY,3,0.0013428827215756492
CSX,DUKE ENERGY,2,0.0008952551477170994
CSX,EDISON INTERNATIONAL,1,0.0004476275738585497
CSX,ENTERGY,3,0.0013428827215756492
CSX,EVERSOURCE ENERGY,2,0.0008952551477170994
CSX,EXELON,3,0.0013428827215756492
CSX,EXXONMOBIL,1,0.0004476275738585497
CSX,FEDEX,1,0.0004476275738585497
CSX,FIRSTENERGY,1,0.0004476275738585497
CSX,FLUOR,1,0.0004476275738585497
CSX,FORD,1,0.0004476275738585497
CSX,GENERAL DYNAMICS,3,0.0013428827215756492
CSX,GENERAL ELECTRIC,6,0.0026857654431512983
CSX,GILEAD SCIENCES,2,0.0008952551477170994
CSX,HARTFORD FINANCIAL SERVICES,2,0.0008952551477170994
CSX,HCA HEALTHCARE,1,0.0004476275738585497
CSX,HERSHEY,1,0.0004476275738585497
CSX,HILTON WORLDWIDE HOLDINGS,1,0.0004476275738585497
CSX,HOME DEPOT,1,0.0004476275738585497
CSX,HUMANA,1,0.0004476275738585497
CSX,IBM,1,0.0004476275738585497
CSX,JACOBS ENGINEERING GROUP,1,0.0004476275738585497
CSX,JOHNSON & JOHNSON,1,0.0004476275738585497
CSX,KROGER,1,0.0004476275738585497
CSX,LEIDOS HOLDINGS,3,0.0013428827215756492
CSX,LIBERTY MUTUAL INSURANCE GROUP,1,0.0004476275738585497
CSX,LOCKHEED MARTIN,2,0.0008952551477170994
CSX,MAGELLAN HEALTH,1,0.0004476275738585497
CSX,MICROSOFT,1,0.0004476275738585497
CSX,MOLINA HEALTHCARE,1,0.0004476275738585497
CSX,NAVISTAR INTERNATIONAL,1,0.0004476275738585497
CSX,NORFOLK SOUTHERN,7,0.003133393017009848
CSX,OWENS CORNING,1,0.0004476275738585497
CSX,PG&E,3,0.0013428827215756492
CSX,PPG INDUSTRIES,3,0.0013428827215756492
CSX,PPL,2,0.0008952551477170994
CSX,PROCTER & GAMBLE,1,0.0004476275738585497
CSX,PUBLIC SERVICE ENTERPRISE GROUP,1,0.0004476275738585497
CSX,RAYTHEON,1,0.0004476275738585497
CSX,SOUTHERN,2,0.0008952551477170994
CSX,SOUTHWEST AIRLINES,1,0.0004476275738585497
CSX,STANLEY BLACK & DECKER,1,0.0004476275738585497
CSX,TESLA,1,0.0004476275738585497
CSX,TEXTRON,1,0.0004476275738585497
CSX,UNION PACIFIC,18,0.008057296329453895
CSX,UNITED AIRLINES HOLDINGS,1,0.0004476275738585497
CSX,UNITED TECHNOLOGIES,1,0.0004476275738585497
CSX,USAA,1,0.0004476275738585497
CSX,VALERO ENERGY,1,0.0004476275738585497
CSX,VERIZON,1,0.0004476275738585497
CSX,XCEL ENERGY,2,0.0008952551477170994
CUMMINS,DELL TECHNOLOGIES,7,0.003133393017009848
CUMMINS,DELTA AIR LINES,14,0.006266786034019696
CUMMINS,DTE ENERGY,12,0.005371530886302597
CUMMINS,DUKE ENERGY,10,0.004476275738585497
CUMMINS,DUPONT DE NEMOURS,1,0.0004476275738585497
CUMMINS,ECOLAB,4,0.0017905102954341987
CUMMINS,EDISON INTERNATIONAL,4,0.0017905102954341987
CUMMINS,ENERGY TRANSFER,2,0.0008952551477170994
CUMMINS,ENTERGY,8,0.0035810205908683975
CUMMINS,EVERSOURCE ENERGY,3,0.0013428827215756492
CUMMINS,EXELON,14,0.006266786034019696
CUMMINS,EXXONMOBIL,6,0.0026857654431512983
CUMMINS,FACEBOOK,6,0.0026857654431512983
CUMMINS,FEDEX,4,0.0017905102954341987
CUMMINS,FIRSTENERGY,6,0.0026857654431512983
CUMMINS,FLUOR,3,0.0013428827215756492
CUMMINS,FORD,2,0.0008952551477170994
CUMMINS,GENERAL DYNAMICS,7,0.003133393017009848
CUMMINS,GENERAL ELECTRIC,15,0.006714413607878245
CUMMINS,GENERAL MILLS,2,0.0008952551477170994
CUMMINS,GENERAL MOTORS,8,0.0035810205908683975
CUMMINS,GOODYEAR TIRE & RUBBER,1,0.0004476275738585497
CUMMINS,GRAPHIC PACKAGING HOLDING,1,0.0004476275738585497
CUMMINS,GUARDIAN LIFE INS. CO. OF AMERICA,2,0.0008952551477170994
CUMMINS,HARTFORD FINANCIAL SERVICES,2,0.0008952551477170994
CUMMINS,HEWLETT PACKARD ENTERPRISE,9,0.0040286481647269475
CUMMINS,HOLLYFRONTIER,5,0.0022381378692927483
CUMMINS,HOME DEPOT,2,0.0008952551477170994
CUMMINS,HONEYWELL INTERNATIONAL,5,0.0022381378692927483
CUMMINS,HP,1,0.0004476275738585497
CUMMINS,HUNTSMAN,2,0.0008952551477170994
CUMMINS,IBM,15,0.006714413607878245
CUMMINS,ILLINOIS TOOL WORKS,2,0.0008952551477170994
CUMMINS,INTEL,4,0.0017905102954341987
CUMMINS,INTERNATIONAL PAPER,2,0.0008952551477170994
CUMMINS,INTUIT,2,0.0008952551477170994
CUMMINS,JACOBS ENGINEERING GROUP,2,0.0008952551477170994
CUMMINS,JETBLUE AIRWAYS,2,0.0008952551477170994
CUMMINS,JOHNSON & JOHNSON,1,0.0004476275738585497
CUMMINS,L3HARRIS TECHNOLOGIES,1,0.0004476275738585497
CUMMINS,LABORATORY CORP. OF AMERICA,1,0.0004476275738585497
CUMMINS,LAS VEGAS SANDS,1,0.0004476275738585497
CUMMINS,LEIDOS HOLDINGS,7,0.003133393017009848
CUMMINS,LIBERTY MUTUAL INSURANCE GROUP,2,0.0008952551477170994
CUMMINS,LOCKHEED MARTIN,8,0.0035810205908683975
CUMMINS,LUMEN TECHNOLOGIES,1,0.0004476275738585497
CUMMINS,MAGELLAN HEALTH,1,0.0004476275738585497
CUMMINS,MARATHON PETROLEUM,3,0.0013428827215756492
CUMMINS,MASCO,1,0.0004476275738585497
CUMMINS,MCDONALD'S,1,0.0004476275738585497
CUMMINS,MCKESSON,1,0.0004476275738585497
CUMMINS,MICRON TECHNOLOGY,9,0.0040286481647269475
CUMMINS,MICROSOFT,5,0.0022381378692927483
CUMMINS,MOTOROLA SOLUTIONS,3,0.0013428827215756492
CUMMINS,NAVISTAR INTERNATIONAL,3,0.0013428827215756492
CUMMINS,NORTHROP GRUMMAN,7,0.003133393017009848
CUMMINS,ORACLE,5,0.0022381378692927483
CUMMINS,OSHKOSH,2,0.0008952551477170994
CUMMINS,OWENS CORNING,2,0.0008952551477170994
CUMMINS,PG&E,8,0.0035810205908683975
CUMMINS,PHILLIPS 66,3,0.0013428827215756492
CUMMINS,PNC FINANCIAL SERVICES,1,0.0004476275738585497
CUMMINS,POLARIS INC,2,0.0008952551477170994
CUMMINS,PPG INDUSTRIES,7,0.003133393017009848
CUMMINS,PPL,7,0.003133393017009848
CUMMINS,PRINCIPAL FINANCIAL,6,0.0026857654431512983
CUMMINS,PUBLIC SERVICE ENTERPRISE GROUP,5,0.0022381378692927483
CUMMINS,RAYTHEON,8,0.0035810205908683975
CUMMINS,RYDER SYSTEM,1,0.0004476275738585497
CUMMINS,SALESFORCE,4,0.0017905102954341987
CUMMINS,SEMPRA ENERGY,1,0.0004476275738585497
CUMMINS,SOUTHERN,5,0.0022381378692927483
CUMMINS,SOUTHWEST AIRLINES,3,0.0013428827215756492
CUMMINS,STANLEY BLACK & DECKER,2,0.0008952551477170994
CUMMINS,SYNCHRONY FINANCIAL,1,0.0004476275738585497
CUMMINS,TESLA,3,0.0013428827215756492
CUMMINS,TEXAS INSTRUMENTS,6,0.0026857654431512983
CUMMINS,TEXTRON,2,0.0008952551477170994
CUMMINS,UNION PACIFIC,9,0.0040286481647269475
CUMMINS,UNITED AIRLINES HOLDINGS,3,0.0013428827215756492
CUMMINS,UNITED PARCEL SERVICE,1,0.0004476275738585497
CUMMINS,UNITED TECHNOLOGIES,9,0.0040286481647269475
CUMMINS,USAA,1,0.0004476275738585497
CUMMINS,VALERO ENERGY,1,0.0004476275738585497
CUMMINS,VERIZON,5,0.0022381378692927483
CUMMINS,VF,1,0.0004476275738585497
CUMMINS,WALMART,1,0.0004476275738585497
CUMMINS,WESTROCK,1,0.0004476275738585497
CUMMINS,WEYERHAEUSER,2,0.0008952551477170994
CUMMINS,XCEL ENERGY,7,0.003133393017009848
CVS HEALTH,DAVITA,1,0.0004476275738585497
CVS HEALTH,ELI LILLY,3,0.0013428827215756492
CVS HEALTH,ENTERGY,2,0.0008952551477170994
CVS HEALTH,EXXONMOBIL,1,0.0004476275738585497
CVS HEALTH,GENERAL ELECTRIC,1,0.0004476275738585497
CVS HEALTH,GENERAL MOTORS,1,0.0004476275738585497
CVS HEALTH,GILEAD SCIENCES,5,0.0022381378692927483
CVS HEALTH,GUARDIAN LIFE INS. CO. OF AMERICA,5,0.0022381378692927483
CVS HEALTH,HCA HEALTHCARE,3,0.0013428827215756492
CVS HEALTH,HOME DEPOT,3,0.0013428827215756492
CVS HEALTH,HONEYWELL INTERNATIONAL,1,0.0004476275738585497
CVS HEALTH,HUMANA,13,0.005819158460161146
CVS HEALTH,IBM,1,0.0004476275738585497
CVS HEALTH,INTERNATIONAL PAPER,1,0.0004476275738585497
CVS HEALTH,INTUIT,1,0.0004476275738585497
CVS HEALTH,JOHNSON & JOHNSON,5,0.0022381378692927483
CVS HEALTH,KRAFT HEINZ,1,0.0004476275738585497
CVS HEALTH,LABORATORY CORP. OF AMERICA,3,0.0013428827215756492
CVS HEALTH,LEIDOS HOLDINGS,1,0.0004476275738585497
CVS HEALTH,LOEWS,1,0.0004476275738585497
CVS HEALTH,LOWE'S,2,0.0008952551477170994
CVS HEALTH,MAGELLAN HEALTH,7,0.003133393017009848
CVS HEALTH,MARRIOTT INTERNATIONAL,1,0.0004476275738585497
CVS HEALTH,MCDONALD'S,2,0.0008952551477170994
CVS HEALTH,MCKESSON,1,0.0004476275738585497
CVS HEALTH,MERCK,5,0.0022381378692927483
CVS HEALTH,MOLINA HEALTHCARE,5,0.0022381378692927483
CVS HEALTH,MUTUAL OF OMAHA INSURANCE,7,0.003133393017009848
CVS HEALTH,NATIONWIDE,2,0.0008952551477170994
CVS HEALTH,NAVISTAR INTERNATIONAL,2,0.0008952551477170994
CVS HEALTH,NORTHERN TRUST,1,0.0004476275738585497
CVS HEALTH,RAYTHEON,2,0.0008952551477170994
CVS HEALTH,REGENERON PHARMACEUTICALS,2,0.0008952551477170994
CVS HEALTH,RITE AID,5,0.0022381378692927483
CVS HEALTH,SOUTHWEST AIRLINES,1,0.0004476275738585497
CVS HEALTH,TARGET,1,0.0004476275738585497
CVS HEALTH,THERMO FISHER SCIENTIFIC,1,0.0004476275738585497
CVS HEALTH,W.R. BERKLEY,1,0.0004476275738585497
CVS HEALTH,WALGREENS BOOTS ALLIANCE,4,0.0017905102954341987
CVS HEALTH,WALMART,8,0.0035810205908683975
CVS HEALTH,ZIMMER BIOMET HOLDINGS,1,0.0004476275738585497
DANAHER,DELL TECHNOLOGIES,1,0.0004476275738585497
DANAHER,DTE ENERGY,1,0.0004476275738585497
DANAHER,DUKE ENERGY,1,0.0004476275738585497
DANAHER,ECOLAB,1,0.0004476275738585497
DANAHER,ENTERGY,1,0.0004476275738585497
DANAHER,EVERSOURCE ENERGY,1,0.0004476275738585497
DANAHER,EXELON,1,0.0004476275738585497
DANAHER,FLUOR,1,0.0004476275738585497
DANAHER,GENERAL DYNAMICS,1,0.0004476275738585497
DANAHER,GENERAL ELECTRIC,1,0.0004476275738585497
DANAHER,GILEAD SCIENCES,1,0.0004476275738585497
DANAHER,HARTFORD FINANCIAL SERVICES,1,0.0004476275738585497
DANAHER,HCA HEALTHCARE,1,0.0004476275738585497
DANAHER,HERSHEY,1,0.0004476275738585497
DANAHER,HEWLETT PACKARD ENTERPRISE,1,0.0004476275738585497
DANAHER,HILTON WORLDWIDE HOLDINGS,3,0.0013428827215756492
DANAHER,HUMANA,3,0.0013428827215756492
DANAHER,JOHNSON & JOHNSON,1,0.0004476275738585497
DANAHER,LABORATORY CORP. OF AMERICA,3,0.0013428827215756492
DANAHER,LEIDOS HOLDINGS,1,0.0004476275738585497
DANAHER,LOCKHEED MARTIN,1,0.0004476275738585497
DANAHER,MOLINA HEALTHCARE,1,0.0004476275738585497
DANAHER,NATIONWIDE,2,0.0008952551477170994
DANAHER,NAVISTAR INTERNATIONAL,1,0.0004476275738585497
DANAHER,ONEOK,1,0.0004476275738585497
DANAHER,PG&E,1,0.0004476275738585497
DANAHER,PPG INDUSTRIES,1,0.0004476275738585497
DANAHER,PPL,1,0.0004476275738585497
DANAHER,PROCTER & GAMBLE,1,0.0004476275738585497
DANAHER,QUEST DIAGNOSTICS,3,0.0013428827215756492
DANAHER,SEMPRA ENERGY,1,0.0004476275738585497
DANAHER,UNION PACIFIC,2,0.0008952551477170994
DANAHER,UNITED PARCEL SERVICE,1,0.0004476275738585497
DANAHER,XCEL ENERGY,1,0.0004476275738585497
DAVITA,DELTA AIR LINES,2,0.0008952551477170994
DAVITA,DTE ENERGY,2,0.0008952551477170994
DAVITA,DUKE ENERGY,1,0.0004476275738585497
DAVITA,ENTERGY,1,0.0004476275738585497
DAVITA,EVERSOURCE ENERGY,1,0.0004476275738585497
DAVITA,EXELON,2,0.0008952551477170994
DAVITA,EXXONMOBIL,1,0.0004476275738585497
DAVITA,FIRSTENERGY,1,0.0004476275738585497
DAVITA,FLUOR,1,0.0004476275738585497
DAVITA,GENERAL DYNAMICS,2,0.0008952551477170994
DAVITA,GENERAL ELECTRIC,1,0.0004476275738585497
DAVITA,GILEAD SCIENCES,2,0.0008952551477170994
DAVITA,GRAPHIC PACKAGING HOLDING,1,0.0004476275738585497
DAVITA,HEWLETT PACKARD ENTERPRISE,1,0.0004476275738585497
DAVITA,HOLLYFRONTIER,2,0.0008952551477170994
DAVITA,HUNTSMAN,1,0.0004476275738585497
DAVITA,IBM,2,0.0008952551477170994
DAVITA,LEIDOS HOLDINGS,2,0.0008952551477170994
DAVITA,LOCKHEED MARTIN,2,0.0008952551477170994
DAVITA,MICRON TECHNOLOGY,1,0.0004476275738585497
DAVITA,MOTOROLA SOLUTIONS,1,0.0004476275738585497
DAVITA,NATIONWIDE,1,0.0004476275738585497
DAVITA,NORTHROP GRUMMAN,2,0.0008952551477170994
DAVITA,NORTHWESTERN MUTUAL,1,0.0004476275738585497
DAVITA,ORACLE,1,0.0004476275738585497
DAVITA,PG&E,2,0.0008952551477170994
DAVITA,PPG INDUSTRIES,2,0.0008952551477170994
DAVITA,PPL,1,0.0004476275738585497
DAVITA,PUBLIC SERVICE ENTERPRISE GROUP,1,0.0004476275738585497
DAVITA,RAYTHEON,1,0.0004476275738585497
DAVITA,TEXTRON,1,0.0004476275738585497
DAVITA,THERMO FISHER SCIENTIFIC,2,0.0008952551477170994
DAVITA,UNION PACIFIC,2,0.0008952551477170994
DAVITA,UNITED TECHNOLOGIES,1,0.0004476275738585497
DAVITA,WESTROCK,1,0.0004476275738585497
DAVITA,XCEL ENERGY,1,0.0004476275738585497
DEAN FOODS,FEDEX,2,0.0008952551477170994
DEAN FOODS,HOME DEPOT,2,0.0008952551477170994
DEAN FOODS,KELLOGG,3,0.0013428827215756492
DEAN FOODS,LAND O'LAKES,1,0.0004476275738585497
DEAN FOODS,LOWE'S,2,0.0008952551477170994
DEAN FOODS,MUTUAL OF OMAHA INSURANCE,1,0.0004476275738585497
DEAN FOODS,PEPSICO,2,0.0008952551477170994
DEAN FOODS,RAYTHEON,1,0.0004476275738585497
DEAN FOODS,SYSCO,2,0.0008952551477170994
DEAN FOODS,WEYERHAEUSER,2,0.0008952551477170994
DEERE,DELL TECHNOLOGIES,1,0.0004476275738585497
DEERE,EXXONMOBIL,1,0.0004476275738585497
DEERE,FACEBOOK,1,0.0004476275738585497
DEERE,FIFTH THIRD BANCORP,1,0.0004476275738585497
DEERE,GENERAL ELECTRIC,1,0.0004476275738585497
DEERE,GENWORTH FINANCIAL,1,0.0004476275738585497
DEERE,GOLDMAN SACHS GROUP,1,0.0004476275738585497
DEERE,GUARDIAN LIFE INS. CO. OF AMERICA,1,0.0004476275738585497
DEERE,HARTFORD FINANCIAL SERVICES,1,0.0004476275738585497
DEERE,HONEYWELL INTERNATIONAL,1,0.0004476275738585497
DEERE,HUNTSMAN,1,0.0004476275738585497
DEERE,IBM,1,0.0004476275738585497
DEERE,INTERNATIONAL PAPER,1,0.0004476275738585497
DEERE,MASSACHUSETTS MUTUAL LIFE INSURANCE,1,0.0004476275738585497
DEERE,METLIFE,1,0.0004476275738585497
DEERE,MICROSOFT,3,0.0013428827215756492
DEERE,NATIONWIDE,1,0.0004476275738585497
DEERE,NEXTERA ENERGY,1,0.0004476275738585497
DEERE,ORACLE,1,0.0004476275738585497
DEERE,OWENS-ILLINOIS,1,0.0004476275738585497
DEERE,PPG INDUSTRIES,1,0.0004476275738585497
DEERE,PRUDENTIAL FINANCIAL,1,0.0004476275738585497
DEERE,RITE AID,1,0.0004476275738585497
DEERE,S&P GLOBAL,1,0.0004476275738585497
DEERE,W.R. BERKLEY,1,0.0004476275738585497
DEERE,WESCO INTERNATIONAL,1,0.0004476275738585497
DEERE,WESTERN UNION,1,0.0004476275738585497
DELL TECHNOLOGIES,DELTA AIR LINES,3,0.0013428827215756492
DELL TECHNOLOGIES,DISCOVER FINANCIAL SERVICES,1,0.0004476275738585497
DELL TECHNOLOGIES,DISH NETWORK,2,0.0008952551477170994
DELL TECHNOLOGIES,DTE ENERGY,3,0.0013428827215756492
DELL TECHNOLOGIES,DUKE ENERGY,3,0.0013428827215756492
DELL TECHNOLOGIES,DUPONT DE NEMOURS,1,0.0004476275738585497
DELL TECHNOLOGIES,ECOLAB,1,0.0004476275738585497
DELL TECHNOLOGIES,ENTERGY,4,0.0017905102954341987
DELL TECHNOLOGIES,EVERSOURCE ENERGY,1,0.0004476275738585497
DELL TECHNOLOGIES,EXELON,3,0.0013428827215756492
DELL TECHNOLOGIES,EXXONMOBIL,4,0.0017905102954341987
DELL TECHNOLOGIES,FACEBOOK,4,0.0017905102954341987
DELL TECHNOLOGIES,FEDEX,1,0.0004476275738585497
DELL TECHNOLOGIES,FIFTH THIRD BANCORP,1,0.0004476275738585497
DELL TECHNOLOGIES,FIRSTENERGY,1,0.0004476275738585497
DELL TECHNOLOGIES,FLUOR,1,0.0004476275738585497
DELL TECHNOLOGIES,FOX CORP,2,0.0008952551477170994
DELL TECHNOLOGIES,GENERAL DYNAMICS,3,0.0013428827215756492
DELL TECHNOLOGIES,GENERAL ELECTRIC,6,0.0026857654431512983
DELL TECHNOLOGIES,GENERAL MILLS,2,0.0008952551477170994
DELL TECHNOLOGIES,GENERAL MOTORS,4,0.0017905102954341987
DELL TECHNOLOGIES,GENWORTH FINANCIAL,1,0.0004476275738585497
DELL TECHNOLOGIES,GILEAD SCIENCES,1,0.0004476275738585497
DELL TECHNOLOGIES,GOLDMAN SACHS GROUP,1,0.0004476275738585497
DELL TECHNOLOGIES,GOODYEAR TIRE & RUBBER,1,0.0004476275738585497
DELL TECHNOLOGIES,GUARDIAN LIFE INS. CO. OF AMERICA,3,0.0013428827215756492
DELL TECHNOLOGIES,HARTFORD FINANCIAL SERVICES,2,0.0008952551477170994
DELL TECHNOLOGIES,HCA HEALTHCARE,1,0.0004476275738585497
DELL TECHNOLOGIES,HERSHEY,1,0.0004476275738585497
DELL TECHNOLOGIES,HEWLETT PACKARD ENTERPRISE,3,0.0013428827215756492
DELL TECHNOLOGIES,HILTON WORLDWIDE HOLDINGS,1,0.0004476275738585497
DELL TECHNOLOGIES,HOLLYFRONTIER,1,0.0004476275738585497
DELL TECHNOLOGIES,HOME DEPOT,1,0.0004476275738585497
DELL TECHNOLOGIES,HONEYWELL INTERNATIONAL,5,0.0022381378692927483
DELL TECHNOLOGIES,HP,3,0.0013428827215756492
DELL TECHNOLOGIES,HUMANA,1,0.0004476275738585497
DELL TECHNOLOGIES,HUNTSMAN,2,0.0008952551477170994
DELL TECHNOLOGIES,IBM,13,0.005819158460161146
DELL TECHNOLOGIES,IHEARTMEDIA,2,0.0008952551477170994
DELL TECHNOLOGIES,ILLINOIS TOOL WORKS,1,0.0004476275738585497
DELL TECHNOLOGIES,INTEL,3,0.0013428827215756492
DELL TECHNOLOGIES,INTERNATIONAL PAPER,2,0.0008952551477170994
DELL TECHNOLOGIES,JETBLUE AIRWAYS,1,0.0004476275738585497
DELL TECHNOLOGIES,JOHNSON & JOHNSON,2,0.0008952551477170994
DELL TECHNOLOGIES,JPMORGAN CHASE & CO.,1,0.0004476275738585497
DELL TECHNOLOGIES,KROGER,1,0.0004476275738585497
DELL TECHNOLOGIES,L3HARRIS TECHNOLOGIES,1,0.0004476275738585497
DELL TECHNOLOGIES,LABORATORY CORP. OF AMERICA,1,0.0004476275738585497
DELL TECHNOLOGIES,LEIDOS HOLDINGS,4,0.0017905102954341987
DELL TECHNOLOGIES,LIBERTY MEDIA,1,0.0004476275738585497
DELL TECHNOLOGIES,LIBERTY MUTUAL INSURANCE GROUP,1,0.0004476275738585497
DELL TECHNOLOGIES,LOCKHEED MARTIN,5,0.0022381378692927483
DELL TECHNOLOGIES,MASSACHUSETTS MUTUAL LIFE INSURANCE,1,0.0004476275738585497
DELL TECHNOLOGIES,METLIFE,1,0.0004476275738585497
DELL TECHNOLOGIES,MICRON TECHNOLOGY,3,0.0013428827215756492
DELL TECHNOLOGIES,MICROSOFT,8,0.0035810205908683975
DELL TECHNOLOGIES,MOLINA HEALTHCARE,1,0.0004476275738585497
DELL TECHNOLOGIES,MOTOROLA SOLUTIONS,7,0.003133393017009848
DELL TECHNOLOGIES,MUTUAL OF OMAHA INSURANCE,1,0.0004476275738585497
DELL TECHNOLOGIES,NATIONWIDE,5,0.0022381378692927483
DELL TECHNOLOGIES,NAVIENT,1,0.0004476275738585497
DELL TECHNOLOGIES,NAVISTAR INTERNATIONAL,1,0.0004476275738585497
DELL TECHNOLOGIES,NEXTERA ENERGY,1,0.0004476275738585497
DELL TECHNOLOGIES,NORTHROP GRUMMAN,3,0.0013428827215756492
DELL TECHNOLOGIES,NORTHWESTERN MUTUAL,2,0.0008952551477170994
DELL TECHNOLOGIES,ORACLE,8,0.0035810205908683975
DELL TECHNOLOGIES,OSHKOSH,1,0.0004476275738585497
DELL TECHNOLOGIES,OWENS-ILLINOIS,1,0.0004476275738585497
DELL TECHNOLOGIES,PG&E,3,0.0013428827215756492
DELL TECHNOLOGIES,PHILLIPS 66,1,0.0004476275738585497
DELL TECHNOLOGIES,PNC FINANCIAL SERVICES,1,0.0004476275738585497
DELL TECHNOLOGIES,PPG INDUSTRIES,3,0.0013428827215756492
DELL TECHNOLOGIES,PPL,3,0.0013428827215756492
DELL TECHNOLOGIES,PRINCIPAL FINANCIAL,2,0.0008952551477170994
DELL TECHNOLOGIES,PROCTER & GAMBLE,1,0.0004476275738585497
DELL TECHNOLOGIES,PRUDENTIAL FINANCIAL,1,0.0004476275738585497
DELL TECHNOLOGIES,PUBLIC SERVICE ENTERPRISE GROUP,2,0.0008952551477170994
DELL TECHNOLOGIES,QUALCOMM,3,0.0013428827215756492
DELL TECHNOLOGIES,QUEST DIAGNOSTICS,1,0.0004476275738585497
DELL TECHNOLOGIES,QURATE RETAIL,1,0.0004476275738585497
DELL TECHNOLOGIES,RAYTHEON,3,0.0013428827215756492
DELL TECHNOLOGIES,RITE AID,1,0.0004476275738585497
DELL TECHNOLOGIES,S&P GLOBAL,1,0.0004476275738585497
DELL TECHNOLOGIES,SALESFORCE,2,0.0008952551477170994
DELL TECHNOLOGIES,SOUTHERN,1,0.0004476275738585497
DELL TECHNOLOGIES,SOUTHWEST AIRLINES,1,0.0004476275738585497
DELL TECHNOLOGIES,STANLEY BLACK & DECKER,1,0.0004476275738585497
DELL TECHNOLOGIES,STATE FARM INSURANCE,1,0.0004476275738585497
DELL TECHNOLOGIES,TARGET,1,0.0004476275738585497
DELL TECHNOLOGIES,TEXAS INSTRUMENTS,3,0.0013428827215756492
DELL TECHNOLOGIES,UNION PACIFIC,4,0.0017905102954341987
DELL TECHNOLOGIES,UNITED AIRLINES HOLDINGS,2,0.0008952551477170994
DELL TECHNOLOGIES,UNITED TECHNOLOGIES,1,0.0004476275738585497
DELL TECHNOLOGIES,VERIZON,11,0.004923903312444047
DELL TECHNOLOGIES,W.R. BERKLEY,1,0.0004476275738585497
DELL TECHNOLOGIES,WALMART,1,0.0004476275738585497
DELL TECHNOLOGIES,WESCO INTERNATIONAL,1,0.0004476275738585497
DELL TECHNOLOGIES,WESTERN UNION,1,0.0004476275738585497
DELL TECHNOLOGIES,WINDSTREAM HOLDINGS,2,0.0008952551477170994
DELL TECHNOLOGIES,XCEL ENERGY,2,0.0008952551477170994
DELL TECHNOLOGIES,YUM BRANDS,1,0.0004476275738585497
DELTA AIR LINES,DTE ENERGY,7,0.003133393017009848
DELTA AIR LINES,DUKE ENERGY,12,0.005371530886302597
DELTA AIR LINES,ECOLAB,2,0.0008952551477170994
DELTA AIR LINES,EDISON INTERNATIONAL,1,0.0004476275738585497
DELTA AIR LINES,ENERGY TRANSFER,2,0.0008952551477170994
DELTA AIR LINES,ENTERGY,7,0.003133393017009848
DELTA AIR LINES,EVERSOURCE ENERGY,1,0.0004476275738585497
DELTA AIR LINES,EXELON,8,0.0035810205908683975
DELTA AIR LINES,EXXONMOBIL,4,0.0017905102954341987
DELTA AIR LINES,FACEBOOK,1,0.0004476275738585497
DELTA AIR LINES,FEDEX,6,0.0026857654431512983
DELTA AIR LINES,FIRSTENERGY,3,0.0013428827215756492
DELTA AIR LINES,FLUOR,5,0.0022381378692927483
DELTA AIR LINES,GENERAL DYNAMICS,17,0.007609668755595345
DELTA AIR LINES,GENERAL ELECTRIC,13,0.005819158460161146
DELTA AIR LINES,GENERAL MILLS,2,0.0008952551477170994
DELTA AIR LINES,GENERAL MOTORS,1,0.0004476275738585497
DELTA AIR LINES,GILEAD SCIENCES,5,0.0022381378692927483
DELTA AIR LINES,GOODYEAR TIRE & RUBBER,1,0.0004476275738585497
DELTA AIR LINES,GRAPHIC PACKAGING HOLDING,2,0.0008952551477170994
DELTA AIR LINES,HARTFORD FINANCIAL SERVICES,1,0.0004476275738585497
DELTA AIR LINES,HEWLETT PACKARD ENTERPRISE,3,0.0013428827215756492
DELTA AIR LINES,HOLLYFRONTIER,8,0.0035810205908683975
DELTA AIR LINES,HONEYWELL INTERNATIONAL,2,0.0008952551477170994
DELTA AIR LINES,HUNTSMAN,3,0.0013428827215756492
DELTA AIR LINES,IBM,12,0.005371530886302597
DELTA AIR LINES,IHEARTMEDIA,1,0.0004476275738585497
DELTA AIR LINES,JACOBS ENGINEERING GROUP,4,0.0017905102954341987
DELTA AIR LINES,JETBLUE AIRWAYS,3,0.0013428827215756492
DELTA AIR LINES,JPMORGAN CHASE & CO.,1,0.0004476275738585497
DELTA AIR LINES,KELLOGG,1,0.0004476275738585497
DELTA AIR LINES,KRAFT HEINZ,2,0.0008952551477170994
DELTA AIR LINES,KROGER,1,0.0004476275738585497
DELTA AIR LINES,L3HARRIS TECHNOLOGIES,1,0.0004476275738585497
DELTA AIR LINES,LABORATORY CORP. OF AMERICA,3,0.0013428827215756492
DELTA AIR LINES,LEIDOS HOLDINGS,17,0.007609668755595345
DELTA AIR LINES,LOCKHEED MARTIN,20,0.008952551477170993
DELTA AIR LINES,MAGELLAN HEALTH,2,0.0008952551477170994
DELTA AIR LINES,MASCO,1,0.0004476275738585497
DELTA AIR LINES,MICRON TECHNOLOGY,5,0.0022381378692927483
DELTA AIR LINES,MICROSOFT,3,0.0013428827215756492
DELTA AIR LINES,MOTOROLA SOLUTIONS,4,0.0017905102954341987
DELTA AIR LINES,NATIONWIDE,4,0.0017905102954341987
DELTA AIR LINES,NAVIENT,1,0.0004476275738585497
DELTA AIR LINES,NORTHROP GRUMMAN,12,0.005371530886302597
DELTA AIR LINES,NORTHWESTERN MUTUAL,1,0.0004476275738585497
DELTA AIR LINES,ORACLE,4,0.0017905102954341987
DELTA AIR LINES,OSHKOSH,2,0.0008952551477170994
DELTA AIR LINES,PG&E,7,0.003133393017009848
DELTA AIR LINES,POLARIS INC,2,0.0008952551477170994
DELTA AIR LINES,PPG INDUSTRIES,10,0.004476275738585497
DELTA AIR LINES,PPL,4,0.0017905102954341987
DELTA AIR LINES,PUBLIC SERVICE ENTERPRISE GROUP,6,0.0026857654431512983
DELTA AIR LINES,QUEST DIAGNOSTICS,1,0.0004476275738585497
DELTA AIR LINES,RAYTHEON,16,0.007162041181736795
DELTA AIR LINES,S&P GLOBAL,2,0.0008952551477170994
DELTA AIR LINES,SOUTHERN,2,0.0008952551477170994
DELTA AIR LINES,SOUTHWEST AIRLINES,13,0.005819158460161146
DELTA AIR LINES,TEXTRON,6,0.0026857654431512983
DELTA AIR LINES,THERMO FISHER SCIENTIFIC,2,0.0008952551477170994
DELTA AIR LINES,UNION PACIFIC,12,0.005371530886302597
DELTA AIR LINES,UNITED AIRLINES HOLDINGS,12,0.005371530886302597
DELTA AIR LINES,UNITED TECHNOLOGIES,9,0.0040286481647269475
DELTA AIR LINES,USAA,2,0.0008952551477170994
DELTA AIR LINES,VERIZON,1,0.0004476275738585497
DELTA AIR LINES,WESTROCK,2,0.0008952551477170994
DELTA AIR LINES,WEYERHAEUSER,3,0.0013428827215756492
DELTA AIR LINES,XCEL ENERGY,5,0.0022381378692927483
DISCOVER FINANCIAL SERVICES,FIFTH THIRD BANCORP,1,0.0004476275738585497
DISCOVER FINANCIAL SERVICES,GOLDMAN SACHS GROUP,1,0.0004476275738585497
DISCOVER FINANCIAL SERVICES,GUARDIAN LIFE INS. CO. OF AMERICA,1,0.0004476275738585497
DISCOVER FINANCIAL SERVICES,HARTFORD FINANCIAL SERVICES,1,0.0004476275738585497
DISCOVER FINANCIAL SERVICES,KEYCORP,1,0.0004476275738585497
DISCOVER FINANCIAL SERVICES,NAVIENT,2,0.0008952551477170994
DISCOVER FINANCIAL SERVICES,NORTHERN TRUST,1,0.0004476275738585497
DISCOVER FINANCIAL SERVICES,NORTHWESTERN MUTUAL,1,0.0004476275738585497
DISCOVER FINANCIAL SERVICES,OWENS CORNING,1,0.0004476275738585497
DISCOVER FINANCIAL SERVICES,PEABODY ENERGY,1,0.0004476275738585497
DISCOVER FINANCIAL SERVICES,PNC FINANCIAL SERVICES,1,0.0004476275738585497
DISCOVER FINANCIAL SERVICES,REGIONS FINANCIAL,1,0.0004476275738585497
DISCOVER FINANCIAL SERVICES,STATE FARM INSURANCE,1,0.0004476275738585497
DISCOVER FINANCIAL SERVICES,STATE STREET CORP.,1,0.0004476275738585497
DISCOVER FINANCIAL SERVICES,SYNCHRONY FINANCIAL,1,0.0004476275738585497
DISCOVER FINANCIAL SERVICES,U.S. BANCORP,1,0.0004476275738585497
DISCOVER FINANCIAL SERVICES,VISA,1,0.0004476275738585497
DISH NETWORK,FOX CORP,4,0.0017905102954341987
DISH NETWORK,IBM,2,0.0008952551477170994
DISH NETWORK,IHEARTMEDIA,2,0.0008952551477170994
DISH NETWORK,JPMORGAN CHASE & CO.,1,0.0004476275738585497
DISH NETWORK,L3HARRIS TECHNOLOGIES,2,0.0008952551477170994
DISH NETWORK,LOCKHEED MARTIN,2,0.0008952551477170994
DISH NETWORK,MICROSOFT,2,0.0008952551477170994
DISH NETWORK,NORTHROP GRUMMAN,2,0.0008952551477170994
DISH NETWORK,ORACLE,3,0.0013428827215756492
DISH NETWORK,QUALCOMM,1,0.0004476275738585497
DISH NETWORK,RAYTHEON,1,0.0004476275738585497
DISH NETWORK,VERIZON,7,0.003133393017009848
DISH NETWORK,WALT DISNEY,2,0.0008952551477170994
DISH NETWORK,WINDSTREAM HOLDINGS,1,0.0004476275738585497
DOMINION ENERGY,DTE ENERGY,3,0.0013428827215756492
DOMINION ENERGY,DUKE ENERGY,4,0.0017905102954341987
DOMINION ENERGY,EDISON INTERNATIONAL,1,0.0004476275738585497
DOMINION ENERGY,ENERGY TRANSFER,1,0.0004476275738585497
DOMINION ENERGY,ENTERGY,2,0.0008952551477170994
DOMINION ENERGY,EVERSOURCE ENERGY,4,0.0017905102954341987
DOMINION ENERGY,EXELON,4,0.0017905102954341987
DOMINION ENERGY,FIRSTENERGY,2,0.0008952551477170994
DOMINION ENERGY,FLUOR,2,0.0008952551477170994
DOMINION ENERGY,INTEL,1,0.0004476275738585497
DOMINION ENERGY,LOEWS,2,0.0008952551477170994
DOMINION ENERGY,MARATHON PETROLEUM,1,0.0004476275738585497
DOMINION ENERGY,PG&E,3,0.0013428827215756492
DOMINION ENERGY,PHILLIPS 66,1,0.0004476275738585497
DOMINION ENERGY,PPL,2,0.0008952551477170994
DOMINION ENERGY,PUBLIC SERVICE ENTERPRISE GROUP,1,0.0004476275738585497
DOMINION ENERGY,SOUTHERN,3,0.0013428827215756492
DOMINION ENERGY,WEC ENERGY GROUP,1,0.0004476275738585497
DOMINION ENERGY,XCEL ENERGY,4,0.0017905102954341987
DTE ENERGY,DUKE ENERGY,31,0.01387645478961504
DTE ENERGY,DUPONT DE NEMOURS,2,0.0008952551477170994
DTE ENERGY,ECOLAB,4,0.0017905102954341987
DTE ENERGY,EDISON INTERNATIONAL,7,0.003133393017009848
DTE ENERGY,ELI LILLY,1,0.0004476275738585497
DTE ENERGY,ENERGY TRANSFER,1,0.0004476275738585497
DTE ENERGY,ENTERGY,40,0.017905102954341987
DTE ENERGY,EVERSOURCE ENERGY,16,0.007162041181736795
DTE ENERGY,EXELON,68,0.03043867502238138
DTE ENERGY,EXXONMOBIL,13,0.005819158460161146
DTE ENERGY,FACEBOOK,1,0.0004476275738585497
DTE ENERGY,FEDEX,4,0.0017905102954341987
DTE ENERGY,FIRSTENERGY,33,0.01477170993733214
DTE ENERGY,FLUOR,4,0.0017905102954341987
DTE ENERGY,FORD,3,0.0013428827215756492
DTE ENERGY,GENERAL DYNAMICS,7,0.003133393017009848
DTE ENERGY,GENERAL ELECTRIC,12,0.005371530886302597
DTE ENERGY,GENERAL MOTORS,10,0.004476275738585497
DTE ENERGY,GILEAD SCIENCES,5,0.0022381378692927483
DTE ENERGY,GOODYEAR TIRE & RUBBER,1,0.0004476275738585497
DTE ENERGY,GRAPHIC PACKAGING HOLDING,1,0.0004476275738585497
DTE ENERGY,GUARDIAN LIFE INS. CO. OF AMERICA,1,0.0004476275738585497
DTE ENERGY,HARTFORD FINANCIAL SERVICES,3,0.0013428827215756492
DTE ENERGY,HCA HEALTHCARE,2,0.0008952551477170994
DTE ENERGY,HERSHEY,1,0.0004476275738585497
DTE ENERGY,HEWLETT PACKARD ENTERPRISE,1,0.0004476275738585497
DTE ENERGY,HILTON WORLDWIDE HOLDINGS,1,0.0004476275738585497
DTE ENERGY,HOLLYFRONTIER,5,0.0022381378692927483
DTE ENERGY,HOME DEPOT,2,0.0008952551477170994
DTE ENERGY,HONEYWELL INTERNATIONAL,3,0.0013428827215756492
DTE ENERGY,HUMANA,1,0.0004476275738585497
DTE ENERGY,HUNTSMAN,3,0.0013428827215756492
DTE ENERGY,IBM,7,0.003133393017009848
DTE ENERGY,ILLINOIS TOOL WORKS,1,0.0004476275738585497
DTE ENERGY,INTEL,3,0.0013428827215756492
DTE ENERGY,INTERNATIONAL PAPER,1,0.0004476275738585497
DTE ENERGY,JACOBS ENGINEERING GROUP,2,0.0008952551477170994
DTE ENERGY,JETBLUE AIRWAYS,1,0.0004476275738585497
DTE ENERGY,JOHNSON & JOHNSON,1,0.0004476275738585497
DTE ENERGY,JONES FINANCIAL (EDWARD JONES),2,0.0008952551477170994
DTE ENERGY,KROGER,1,0.0004476275738585497
DTE ENERGY,LEIDOS HOLDINGS,4,0.0017905102954341987
DTE ENERGY,LIBERTY MEDIA,1,0.0004476275738585497
DTE ENERGY,LIBERTY MUTUAL INSURANCE GROUP,1,0.0004476275738585497
DTE ENERGY,LIVE NATION ENTERTAINMENT,1,0.0004476275738585497
DTE ENERGY,LOCKHEED MARTIN,13,0.005819158460161146
DTE ENERGY,LOEWS,5,0.0022381378692927483
DTE ENERGY,LUMEN TECHNOLOGIES,1,0.0004476275738585497
DTE ENERGY,MAGELLAN HEALTH,2,0.0008952551477170994
DTE ENERGY,MARATHON PETROLEUM,7,0.003133393017009848
DTE ENERGY,MCKESSON,1,0.0004476275738585497
DTE ENERGY,MICRON TECHNOLOGY,2,0.0008952551477170994
DTE ENERGY,MICROSOFT,4,0.0017905102954341987
DTE ENERGY,MOLINA HEALTHCARE,1,0.0004476275738585497
DTE ENERGY,MOTOROLA SOLUTIONS,3,0.0013428827215756492
DTE ENERGY,NATIONWIDE,3,0.0013428827215756492
DTE ENERGY,NAVISTAR INTERNATIONAL,1,0.0004476275738585497
DTE ENERGY,NORTHROP GRUMMAN,6,0.0026857654431512983
DTE ENERGY,NRG ENERGY,1,0.0004476275738585497
DTE ENERGY,ONEOK,2,0.0008952551477170994
DTE ENERGY,ORACLE,4,0.0017905102954341987
DTE ENERGY,OSHKOSH,2,0.0008952551477170994
DTE ENERGY,OWENS CORNING,1,0.0004476275738585497
DTE ENERGY,PEABODY ENERGY,2,0.0008952551477170994
DTE ENERGY,PG&E,35,0.01566696508504924
DTE ENERGY,PHILLIPS 66,5,0.0022381378692927483
DTE ENERGY,PPG INDUSTRIES,8,0.0035810205908683975
DTE ENERGY,PPL,48,0.021486123545210387
DTE ENERGY,PRINCIPAL FINANCIAL,1,0.0004476275738585497
DTE ENERGY,PROCTER & GAMBLE,1,0.0004476275738585497
DTE ENERGY,PUBLIC SERVICE ENTERPRISE GROUP,13,0.005819158460161146
DTE ENERGY,QUEST DIAGNOSTICS,1,0.0004476275738585497
DTE ENERGY,QURATE RETAIL,1,0.0004476275738585497
DTE ENERGY,RAYTHEON,5,0.0022381378692927483
DTE ENERGY,REGIONS FINANCIAL,1,0.0004476275738585497
DTE ENERGY,SEMPRA ENERGY,4,0.0017905102954341987
DTE ENERGY,SOUTHERN,10,0.004476275738585497
DTE ENERGY,SOUTHWEST AIRLINES,3,0.0013428827215756492
DTE ENERGY,STANLEY BLACK & DECKER,1,0.0004476275738585497
DTE ENERGY,TENET HEALTHCARE,1,0.0004476275738585497
DTE ENERGY,TESLA,7,0.003133393017009848
DTE ENERGY,TEXTRON,3,0.0013428827215756492
DTE ENERGY,THERMO FISHER SCIENTIFIC,2,0.0008952551477170994
DTE ENERGY,UNION PACIFIC,10,0.004476275738585497
DTE ENERGY,UNITED AIRLINES HOLDINGS,2,0.0008952551477170994
DTE ENERGY,UNITED TECHNOLOGIES,2,0.0008952551477170994
DTE ENERGY,USAA,2,0.0008952551477170994
DTE ENERGY,VALERO ENERGY,1,0.0004476275738585497
DTE ENERGY,VERIZON,2,0.0008952551477170994
DTE ENERGY,VF,2,0.0008952551477170994
DTE ENERGY,WALGREENS BOOTS ALLIANCE,2,0.0008952551477170994
DTE ENERGY,WEC ENERGY GROUP,2,0.0008952551477170994
DTE ENERGY,WELLS FARGO,1,0.0004476275738585497
DTE ENERGY,WESTROCK,1,0.0004476275738585497
DTE ENERGY,WEYERHAEUSER,1,0.0004476275738585497
DTE ENERGY,WHIRLPOOL,1,0.0004476275738585497
DTE ENERGY,XCEL ENERGY,55,0.024619516562220233
DUKE ENERGY,DUPONT DE NEMOURS,2,0.0008952551477170994
DUKE ENERGY,ECOLAB,5,0.0022381378692927483
DUKE ENERGY,EDISON INTERNATIONAL,4,0.0017905102954341987
DUKE ENERGY,ENERGY TRANSFER,4,0.0017905102954341987
DUKE ENERGY,ENTERGY,25,0.011190689346463742
DUKE ENERGY,EVERSOURCE ENERGY,11,0.004923903312444047
DUKE ENERGY,EXELON,30,0.01342882721575649
DUKE ENERGY,EXXONMOBIL,11,0.004923903312444047
DUKE ENERGY,FEDEX,1,0.0004476275738585497
DUKE ENERGY,FIRSTENERGY,16,0.007162041181736795
DUKE ENERGY,FLUOR,6,0.0026857654431512983
DUKE ENERGY,GENERAL DYNAMICS,5,0.0022381378692927483
DUKE ENERGY,GENERAL ELECTRIC,7,0.003133393017009848
DUKE ENERGY,GENERAL MILLS,1,0.0004476275738585497
DUKE ENERGY,GENERAL MOTORS,2,0.0008952551477170994
DUKE ENERGY,GILEAD SCIENCES,2,0.0008952551477170994
DUKE ENERGY,GOODYEAR TIRE & RUBBER,1,0.0004476275738585497
DUKE ENERGY,GRAPHIC PACKAGING HOLDING,2,0.0008952551477170994
DUKE ENERGY,HARTFORD FINANCIAL SERVICES,1,0.0004476275738585497
DUKE ENERGY,HCA HEALTHCARE,1,0.0004476275738585497
DUKE ENERGY,HERSHEY,1,0.0004476275738585497
DUKE ENERGY,HEWLETT PACKARD ENTERPRISE,1,0.0004476275738585497
DUKE ENERGY,HILTON WORLDWIDE HOLDINGS,1,0.0004476275738585497
DUKE ENERGY,HOLLYFRONTIER,6,0.0026857654431512983
DUKE ENERGY,HONEYWELL INTERNATIONAL,2,0.0008952551477170994
DUKE ENERGY,HUMANA,1,0.0004476275738585497
DUKE ENERGY,HUNTSMAN,2,0.0008952551477170994
DUKE ENERGY,IBM,2,0.0008952551477170994
DUKE ENERGY,ILLINOIS TOOL WORKS,1,0.0004476275738585497
DUKE ENERGY,INTEL,3,0.0013428827215756492
DUKE ENERGY,INTERNATIONAL PAPER,1,0.0004476275738585497
DUKE ENERGY,JOHNSON & JOHNSON,1,0.0004476275738585497
DUKE ENERGY,LEIDOS HOLDINGS,6,0.0026857654431512983
DUKE ENERGY,LOCKHEED MARTIN,9,0.0040286481647269475
DUKE ENERGY,LOEWS,3,0.0013428827215756492
DUKE ENERGY,MARATHON PETROLEUM,5,0.0022381378692927483
DUKE ENERGY,MASCO,1,0.0004476275738585497
DUKE ENERGY,MCDONALD'S,1,0.0004476275738585497
DUKE ENERGY,MGM RESORTS INTERNATIONAL,1,0.0004476275738585497
DUKE ENERGY,MICRON TECHNOLOGY,5,0.0022381378692927483
DUKE ENERGY,MICROSOFT,3,0.0013428827215756492
DUKE ENERGY,MOLINA HEALTHCARE,1,0.0004476275738585497
DUKE ENERGY,MOTOROLA SOLUTIONS,3,0.0013428827215756492
DUKE ENERGY,NATIONWIDE,1,0.0004476275738585497
DUKE ENERGY,NAVISTAR INTERNATIONAL,1,0.0004476275738585497
DUKE ENERGY,NORTHROP GRUMMAN,7,0.003133393017009848
DUKE ENERGY,ONEOK,2,0.0008952551477170994
DUKE ENERGY,ORACLE,1,0.0004476275738585497
DUKE ENERGY,OSHKOSH,2,0.0008952551477170994
DUKE ENERGY,PEABODY ENERGY,2,0.0008952551477170994
DUKE ENERGY,PG&E,20,0.008952551477170993
DUKE ENERGY,PHILLIPS 66,4,0.0017905102954341987
DUKE ENERGY,PPG INDUSTRIES,5,0.0022381378692927483
DUKE ENERGY,PPL,22,0.009847806624888093
DUKE ENERGY,PRINCIPAL FINANCIAL,1,0.0004476275738585497
DUKE ENERGY,PROCTER & GAMBLE,1,0.0004476275738585497
DUKE ENERGY,PUBLIC SERVICE ENTERPRISE GROUP,15,0.006714413607878245
DUKE ENERGY,RAYTHEON,4,0.0017905102954341987
DUKE ENERGY,SEMPRA ENERGY,3,0.0013428827215756492
DUKE ENERGY,SOUTHERN,9,0.0040286481647269475
DUKE ENERGY,SOUTHWEST AIRLINES,1,0.0004476275738585497
DUKE ENERGY,TENET HEALTHCARE,1,0.0004476275738585497
DUKE ENERGY,TENNECO,1,0.0004476275738585497
DUKE ENERGY,TESLA,2,0.0008952551477170994
DUKE ENERGY,THERMO FISHER SCIENTIFIC,1,0.0004476275738585497
DUKE ENERGY,UNION PACIFIC,9,0.0040286481647269475
DUKE ENERGY,UNITED AIRLINES HOLDINGS,2,0.0008952551477170994
DUKE ENERGY,UNITED TECHNOLOGIES,2,0.0008952551477170994
DUKE ENERGY,VERIZON,2,0.0008952551477170994
DUKE ENERGY,WALGREENS BOOTS ALLIANCE,1,0.0004476275738585497
DUKE ENERGY,WEC ENERGY GROUP,2,0.0008952551477170994
DUKE ENERGY,WESTROCK,2,0.0008952551477170994
DUKE ENERGY,WEYERHAEUSER,2,0.0008952551477170994
DUKE ENERGY,XCEL ENERGY,39,0.017457475380483437
DUPONT DE NEMOURS,ECOLAB,1,0.0004476275738585497
DUPONT DE NEMOURS,EMERSON ELECTRIC,2,0.0008952551477170994
DUPONT DE NEMOURS,ENTERGY,2,0.0008952551477170994
DUPONT DE NEMOURS,EXELON,2,0.0008952551477170994
DUPONT DE NEMOURS,EXXONMOBIL,6,0.0026857654431512983
DUPONT DE NEMOURS,FIRSTENERGY,2,0.0008952551477170994
DUPONT DE NEMOURS,GENERAL ELECTRIC,1,0.0004476275738585497
DUPONT DE NEMOURS,GENERAL MOTORS,1,0.0004476275738585497
DUPONT DE NEMOURS,HOLLYFRONTIER,1,0.0004476275738585497
DUPONT DE NEMOURS,IBM,1,0.0004476275738585497
DUPONT DE NEMOURS,ILLINOIS TOOL WORKS,2,0.0008952551477170994
DUPONT DE NEMOURS,INTEL,3,0.0013428827215756492
DUPONT DE NEMOURS,INTERNATIONAL PAPER,1,0.0004476275738585497
DUPONT DE NEMOURS,MICRON TECHNOLOGY,1,0.0004476275738585497
DUPONT DE NEMOURS,MICROSOFT,2,0.0008952551477170994
DUPONT DE NEMOURS,MOTOROLA SOLUTIONS,1,0.0004476275738585497
DUPONT DE NEMOURS,NATIONWIDE,1,0.0004476275738585497
DUPONT DE NEMOURS,OWENS CORNING,1,0.0004476275738585497
DUPONT DE NEMOURS,PEABODY ENERGY,1,0.0004476275738585497
DUPONT DE NEMOURS,PG&E,2,0.0008952551477170994
DUPONT DE NEMOURS,PHILLIPS 66,12,0.005371530886302597
DUPONT DE NEMOURS,PPG INDUSTRIES,1,0.0004476275738585497
DUPONT DE NEMOURS,PPL,2,0.0008952551477170994
DUPONT DE NEMOURS,PUBLIC SERVICE ENTERPRISE GROUP,1,0.0004476275738585497
DUPONT DE NEMOURS,QUALCOMM,1,0.0004476275738585497
DUPONT DE NEMOURS,RAYTHEON,2,0.0008952551477170994
DUPONT DE NEMOURS,TEXAS INSTRUMENTS,1,0.0004476275738585497
DUPONT DE NEMOURS,UNITED TECHNOLOGIES,1,0.0004476275738585497
DUPONT DE NEMOURS,VERIZON,1,0.0004476275738585497
DUPONT DE NEMOURS,WALMART,1,0.0004476275738585497
DUPONT DE NEMOURS,WEC ENERGY GROUP,1,0.0004476275738585497
DUPONT DE NEMOURS,WESTERN DIGITAL,1,0.0004476275738585497
DUPONT DE NEMOURS,WHIRLPOOL,1,0.0004476275738585497
DUPONT DE NEMOURS,XCEL ENERGY,2,0.0008952551477170994
EBAY,INTERNATIONAL PAPER,1,0.0004476275738585497
EBAY,LIVE NATION ENTERTAINMENT,2,0.0008952551477170994
ECOLAB,ENTERGY,4,0.0017905102954341987
ECOLAB,ESTEE LAUDER,1,0.0004476275738585497
ECOLAB,EVERSOURCE ENERGY,2,0.0008952551477170994
ECOLAB,EXELON,3,0.0013428827215756492
ECOLAB,EXXONMOBIL,6,0.0026857654431512983
ECOLAB,FACEBOOK,1,0.0004476275738585497
ECOLAB,FEDEX,1,0.0004476275738585497
ECOLAB,FIRSTENERGY,3,0.0013428827215756492
ECOLAB,FLUOR,1,0.0004476275738585497
ECOLAB,GENERAL ELECTRIC,4,0.0017905102954341987
ECOLAB,GENERAL MOTORS,2,0.0008952551477170994
ECOLAB,GENWORTH FINANCIAL,1,0.0004476275738585497
ECOLAB,HEWLETT PACKARD ENTERPRISE,1,0.0004476275738585497
ECOLAB,HILTON WORLDWIDE HOLDINGS,1,0.0004476275738585497
ECOLAB,HOLLYFRONTIER,2,0.0008952551477170994
ECOLAB,HUMANA,1,0.0004476275738585497
ECOLAB,IBM,1,0.0004476275738585497
ECOLAB,ILLINOIS TOOL WORKS,1,0.0004476275738585497
ECOLAB,INTEL,1,0.0004476275738585497
ECOLAB,INTERNATIONAL PAPER,3,0.0013428827215756492
ECOLAB,JOHNSON & JOHNSON,4,0.0017905102954341987
ECOLAB,KROGER,1,0.0004476275738585497
ECOLAB,LIBERTY MUTUAL INSURANCE GROUP,1,0.0004476275738585497
ECOLAB,LOEWS,2,0.0008952551477170994
ECOLAB,MARATHON PETROLEUM,1,0.0004476275738585497
ECOLAB,MARRIOTT INTERNATIONAL,1,0.0004476275738585497
ECOLAB,MICROSOFT,1,0.0004476275738585497
ECOLAB,NATIONWIDE,3,0.0013428827215756492
ECOLAB,NORTHWESTERN MUTUAL,1,0.0004476275738585497
ECOLAB,ONEOK,1,0.0004476275738585497
ECOLAB,ORACLE,1,0.0004476275738585497
ECOLAB,PEABODY ENERGY,1,0.0004476275738585497
ECOLAB,PG&E,2,0.0008952551477170994
ECOLAB,PHILLIPS 66,3,0.0013428827215756492
ECOLAB,PPG INDUSTRIES,1,0.0004476275738585497
ECOLAB,PPL,3,0.0013428827215756492
ECOLAB,PRINCIPAL FINANCIAL,2,0.0008952551477170994
ECOLAB,PROCTER & GAMBLE,1,0.0004476275738585497
ECOLAB,PUBLIC SERVICE ENTERPRISE GROUP,2,0.0008952551477170994
ECOLAB,SEMPRA ENERGY,1,0.0004476275738585497
ECOLAB,SHERWIN-WILLIAMS,3,0.0013428827215756492
ECOLAB,TENET HEALTHCARE,1,0.0004476275738585497
ECOLAB,TESLA,1,0.0004476275738585497
ECOLAB,TEXAS INSTRUMENTS,1,0.0004476275738585497
ECOLAB,UNION PACIFIC,4,0.0017905102954341987
ECOLAB,UNITED PARCEL SERVICE,1,0.0004476275738585497
ECOLAB,UNITED TECHNOLOGIES,2,0.0008952551477170994
ECOLAB,WALGREENS BOOTS ALLIANCE,1,0.0004476275738585497
ECOLAB,WALMART,1,0.0004476275738585497
ECOLAB,WEC ENERGY GROUP,1,0.0004476275738585497
ECOLAB,WEYERHAEUSER,2,0.0008952551477170994
ECOLAB,XCEL ENERGY,4,0.0017905102954341987
ECOLAB,ZIMMER BIOMET HOLDINGS,1,0.0004476275738585497
EDISON INTERNATIONAL,ENTERGY,2,0.0008952551477170994
EDISON INTERNATIONAL,EVERSOURCE ENERGY,2,0.0008952551477170994
EDISON INTERNATIONAL,EXELON,10,0.004476275738585497
EDISON INTERNATIONAL,FEDEX,1,0.0004476275738585497
EDISON INTERNATIONAL,FIRSTENERGY,3,0.0013428827215756492
EDISON INTERNATIONAL,FORD,2,0.0008952551477170994
EDISON INTERNATIONAL,GENERAL ELECTRIC,2,0.0008952551477170994
EDISON INTERNATIONAL,GENERAL MOTORS,6,0.0026857654431512983
EDISON INTERNATIONAL,HOLLYFRONTIER,1,0.0004476275738585497
EDISON INTERNATIONAL,HOME DEPOT,1,0.0004476275738585497
EDISON INTERNATIONAL,IBM,1,0.0004476275738585497
EDISON INTERNATIONAL,JACOBS ENGINEERING GROUP,1,0.0004476275738585497
EDISON INTERNATIONAL,LEIDOS HOLDINGS,1,0.0004476275738585497
EDISON INTERNATIONAL,LIBERTY MUTUAL INSURANCE GROUP,1,0.0004476275738585497
EDISON INTERNATIONAL,LOCKHEED MARTIN,1,0.0004476275738585497
EDISON INTERNATIONAL,MARATHON PETROLEUM,4,0.0017905102954341987
EDISON INTERNATIONAL,MGM RESORTS INTERNATIONAL,1,0.0004476275738585497
EDISON INTERNATIONAL,NATIONWIDE,1,0.0004476275738585497
EDISON INTERNATIONAL,OWENS CORNING,1,0.0004476275738585497
EDISON INTERNATIONAL,PG&E,10,0.004476275738585497
EDISON INTERNATIONAL,PHILLIPS 66,3,0.0013428827215756492
EDISON INTERNATIONAL,PPG INDUSTRIES,1,0.0004476275738585497
EDISON INTERNATIONAL,PPL,3,0.0013428827215756492
EDISON INTERNATIONAL,PUBLIC SERVICE ENTERPRISE GROUP,3,0.0013428827215756492
EDISON INTERNATIONAL,SOUTHERN,3,0.0013428827215756492
EDISON INTERNATIONAL,STANLEY BLACK & DECKER,1,0.0004476275738585497
EDISON INTERNATIONAL,TESLA,3,0.0013428827215756492
EDISON INTERNATIONAL,UNION PACIFIC,1,0.0004476275738585497
EDISON INTERNATIONAL,UNITED AIRLINES HOLDINGS,1,0.0004476275738585497
EDISON INTERNATIONAL,VALERO ENERGY,1,0.0004476275738585497
EDISON INTERNATIONAL,VF,1,0.0004476275738585497
EDISON INTERNATIONAL,WEYERHAEUSER,1,0.0004476275738585497
EDISON INTERNATIONAL,XCEL ENERGY,6,0.0026857654431512983
ELI LILLY,ENTERGY,2,0.0008952551477170994
ELI LILLY,EXELON,1,0.0004476275738585497
ELI LILLY,GENERAL ELECTRIC,1,0.0004476275738585497
ELI LILLY,GENERAL MOTORS,1,0.0004476275738585497
ELI LILLY,GILEAD SCIENCES,3,0.0013428827215756492
ELI LILLY,GUARDIAN LIFE INS. CO. OF AMERICA,3,0.0013428827215756492
ELI LILLY,HCA HEALTHCARE,1,0.0004476275738585497
ELI LILLY,HUMANA,3,0.0013428827215756492
ELI LILLY,IBM,1,0.0004476275738585497
ELI LILLY,JOHNSON & JOHNSON,2,0.0008952551477170994
ELI LILLY,JONES FINANCIAL (EDWARD JONES),1,0.0004476275738585497
ELI LILLY,LABORATORY CORP. OF AMERICA,1,0.0004476275738585497
ELI LILLY,LIVE NATION ENTERTAINMENT,1,0.0004476275738585497
ELI LILLY,LOCKHEED MARTIN,1,0.0004476275738585497
ELI LILLY,LUMEN TECHNOLOGIES,1,0.0004476275738585497
ELI LILLY,MAGELLAN HEALTH,3,0.0013428827215756492
ELI LILLY,MCKESSON,1,0.0004476275738585497
ELI LILLY,MERCK,4,0.0017905102954341987
ELI LILLY,MOLINA HEALTHCARE,1,0.0004476275738585497
ELI LILLY,MUTUAL OF OMAHA INSURANCE,3,0.0013428827215756492
ELI LILLY,NATIONWIDE,1,0.0004476275738585497
ELI LILLY,NAVISTAR INTERNATIONAL,1,0.0004476275738585497
ELI LILLY,PPL,1,0.0004476275738585497
ELI LILLY,QUEST DIAGNOSTICS,1,0.0004476275738585497
ELI LILLY,RAYTHEON,1,0.0004476275738585497
ELI LILLY,REGENERON PHARMACEUTICALS,2,0.0008952551477170994
ELI LILLY,RITE AID,2,0.0008952551477170994
ELI LILLY,THERMO FISHER SCIENTIFIC,1,0.0004476275738585497
ELI LILLY,WALGREENS BOOTS ALLIANCE,3,0.0013428827215756492
ELI LILLY,WALMART,1,0.0004476275738585497
ELI LILLY,XCEL ENERGY,1,0.0004476275738585497
EMERSON ELECTRIC,ILLINOIS TOOL WORKS,2,0.0008952551477170994
EMERSON ELECTRIC,OWENS CORNING,1,0.0004476275738585497
EMERSON ELECTRIC,RAYTHEON,2,0.0008952551477170994
EMERSON ELECTRIC,UNITED TECHNOLOGIES,1,0.0004476275738585497
EMERSON ELECTRIC,WALMART,1,0.0004476275738585497
EMERSON ELECTRIC,WHIRLPOOL,1,0.0004476275738585497
ENERGY TRANSFER,EVERSOURCE ENERGY,2,0.0008952551477170994
ENERGY TRANSFER,EXELON,2,0.0008952551477170994
ENERGY TRANSFER,EXXONMOBIL,2,0.0008952551477170994
ENERGY TRANSFER,FLUOR,2,0.0008952551477170994
ENERGY TRANSFER,GENERAL ELECTRIC,1,0.0004476275738585497
ENERGY TRANSFER,GRAPHIC PACKAGING HOLDING,1,0.0004476275738585497
ENERGY TRANSFER,HEWLETT PACKARD ENTERPRISE,1,0.0004476275738585497
ENERGY TRANSFER,HOLLYFRONTIER,1,0.0004476275738585497
ENERGY TRANSFER,INTEL,1,0.0004476275738585497
ENERGY TRANSFER,LEIDOS HOLDINGS,2,0.0008952551477170994
ENERGY TRANSFER,LOCKHEED MARTIN,1,0.0004476275738585497
ENERGY TRANSFER,LOEWS,2,0.0008952551477170994
ENERGY TRANSFER,MARATHON PETROLEUM,1,0.0004476275738585497
ENERGY TRANSFER,MICRON TECHNOLOGY,2,0.0008952551477170994
ENERGY TRANSFER,NORTHROP GRUMMAN,2,0.0008952551477170994
ENERGY TRANSFER,ONEOK,1,0.0004476275738585497
ENERGY TRANSFER,OSHKOSH,1,0.0004476275738585497
ENERGY TRANSFER,PG&E,2,0.0008952551477170994
ENERGY TRANSFER,PHILLIPS 66,2,0.0008952551477170994
ENERGY TRANSFER,PPG INDUSTRIES,1,0.0004476275738585497
ENERGY TRANSFER,PUBLIC SERVICE ENTERPRISE GROUP,4,0.0017905102954341987
ENERGY TRANSFER,SEMPRA ENERGY,1,0.0004476275738585497
ENERGY TRANSFER,UNITED TECHNOLOGIES,2,0.0008952551477170994
ENERGY TRANSFER,WEC ENERGY GROUP,1,0.0004476275738585497
ENERGY TRANSFER,WESTROCK,1,0.0004476275738585497
ENERGY TRANSFER,XCEL ENERGY,3,0.0013428827215756492
ENTERGY,EVERSOURCE ENERGY,12,0.005371530886302597
ENTERGY,EXELON,31,0.01387645478961504
ENTERGY,EXXONMOBIL,10,0.004476275738585497
ENTERGY,FACEBOOK,1,0.0004476275738585497
ENTERGY,FEDEX,2,0.0008952551477170994
ENTERGY,FIRSTENERGY,19,0.008504923903312443
ENTERGY,FLUOR,3,0.0013428827215756492
ENTERGY,FORD,2,0.0008952551477170994
ENTERGY,GENERAL DYNAMICS,7,0.003133393017009848
ENTERGY,GENERAL ELECTRIC,12,0.005371530886302597
ENTERGY,GENERAL MOTORS,6,0.0026857654431512983
ENTERGY,GILEAD SCIENCES,5,0.0022381378692927483
ENTERGY,GOODYEAR TIRE & RUBBER,1,0.0004476275738585497
ENTERGY,GRAPHIC PACKAGING HOLDING,1,0.0004476275738585497
ENTERGY,GUARDIAN LIFE INS. CO. OF AMERICA,3,0.0013428827215756492
ENTERGY,HARTFORD FINANCIAL SERVICES,3,0.0013428827215756492
ENTERGY,HCA HEALTHCARE,4,0.0017905102954341987
ENTERGY,HERSHEY,1,0.0004476275738585497
ENTERGY,HILTON WORLDWIDE HOLDINGS,1,0.0004476275738585497
ENTERGY,HOLLYFRONTIER,3,0.0013428827215756492
ENTERGY,HOME DEPOT,2,0.0008952551477170994
ENTERGY,HONEYWELL INTERNATIONAL,4,0.0017905102954341987
ENTERGY,HUMANA,3,0.0013428827215756492
ENTERGY,HUNTSMAN,3,0.0013428827215756492
ENTERGY,IBM,6,0.0026857654431512983
ENTERGY,ILLINOIS TOOL WORKS,1,0.0004476275738585497
ENTERGY,INTEL,2,0.0008952551477170994
ENTERGY,INTERNATIONAL PAPER,2,0.0008952551477170994
ENTERGY,JACOBS ENGINEERING GROUP,2,0.0008952551477170994
ENTERGY,JETBLUE AIRWAYS,3,0.0013428827215756492
ENTERGY,JOHNSON & JOHNSON,1,0.0004476275738585497
ENTERGY,JONES FINANCIAL (EDWARD JONES),3,0.0013428827215756492
ENTERGY,JPMORGAN CHASE & CO.,1,0.0004476275738585497
ENTERGY,KELLOGG,1,0.0004476275738585497
ENTERGY,KROGER,1,0.0004476275738585497
ENTERGY,LABORATORY CORP. OF AMERICA,3,0.0013428827215756492
ENTERGY,LEIDOS HOLDINGS,5,0.0022381378692927483
ENTERGY,LIBERTY MEDIA,1,0.0004476275738585497
ENTERGY,LINCOLN NATIONAL,1,0.0004476275738585497
ENTERGY,LIVE NATION ENTERTAINMENT,1,0.0004476275738585497
ENTERGY,LOCKHEED MARTIN,10,0.004476275738585497
ENTERGY,LOEWS,3,0.0013428827215756492
ENTERGY,LUMEN TECHNOLOGIES,2,0.0008952551477170994
ENTERGY,MAGELLAN HEALTH,3,0.0013428827215756492
ENTERGY,MARATHON PETROLEUM,4,0.0017905102954341987
ENTERGY,MARSH & MCLENNAN,1,0.0004476275738585497
ENTERGY,MERCK,1,0.0004476275738585497
ENTERGY,MGM RESORTS INTERNATIONAL,1,0.0004476275738585497
ENTERGY,MICRON TECHNOLOGY,2,0.0008952551477170994
ENTERGY,MICROSOFT,7,0.003133393017009848
ENTERGY,MOLINA HEALTHCARE,3,0.0013428827215756492
ENTERGY,MOLSON COORS BEVERAGE,1,0.0004476275738585497
ENTERGY,MOTOROLA SOLUTIONS,2,0.0008952551477170994
ENTERGY,MUTUAL OF OMAHA INSURANCE,3,0.0013428827215756492
ENTERGY,NATIONWIDE,5,0.0022381378692927483
ENTERGY,NAVISTAR INTERNATIONAL,2,0.0008952551477170994
ENTERGY,NEW YORK LIFE INSURANCE,1,0.0004476275738585497
ENTERGY,NORTHERN TRUST,1,0.0004476275738585497
ENTERGY,NORTHROP GRUMMAN,3,0.0013428827215756492
ENTERGY,NORTHWESTERN MUTUAL,2,0.0008952551477170994
ENTERGY,NRG ENERGY,1,0.0004476275738585497
ENTERGY,ORACLE,4,0.0017905102954341987
ENTERGY,OSHKOSH,1,0.0004476275738585497
ENTERGY,PEABODY ENERGY,2,0.0008952551477170994
ENTERGY,PG&E,25,0.011190689346463742
ENTERGY,PHILLIPS 66,3,0.0013428827215756492
ENTERGY,PPG INDUSTRIES,6,0.0026857654431512983
ENTERGY,PPL,32,0.01432408236347359
ENTERGY,PRINCIPAL FINANCIAL,2,0.0008952551477170994
ENTERGY,PROCTER & GAMBLE,1,0.0004476275738585497
ENTERGY,PRUDENTIAL FINANCIAL,1,0.0004476275738585497
ENTERGY,PUBLIC SERVICE ENTERPRISE GROUP,12,0.005371530886302597
ENTERGY,QUEST DIAGNOSTICS,1,0.0004476275738585497
ENTERGY,QURATE RETAIL,1,0.0004476275738585497
ENTERGY,RAYTHEON,6,0.0026857654431512983
ENTERGY,SALESFORCE,1,0.0004476275738585497
ENTERGY,SEMPRA ENERGY,1,0.0004476275738585497
ENTERGY,SOUTHERN,9,0.0040286481647269475
ENTERGY,SOUTHWEST AIRLINES,3,0.0013428827215756492
ENTERGY,STATE FARM INSURANCE,1,0.0004476275738585497
ENTERGY,TENET HEALTHCARE,1,0.0004476275738585497
ENTERGY,TESLA,3,0.0013428827215756492
ENTERGY,TEXTRON,2,0.0008952551477170994
ENTERGY,THERMO FISHER SCIENTIFIC,1,0.0004476275738585497
ENTERGY,TIAA,1,0.0004476275738585497
ENTERGY,UNION PACIFIC,6,0.0026857654431512983
ENTERGY,UNITED AIRLINES HOLDINGS,2,0.0008952551477170994
ENTERGY,UNITED TECHNOLOGIES,2,0.0008952551477170994
ENTERGY,USAA,3,0.0013428827215756492
ENTERGY,VERIZON,4,0.0017905102954341987
ENTERGY,VF,1,0.0004476275738585497
ENTERGY,WALGREENS BOOTS ALLIANCE,2,0.0008952551477170994
ENTERGY,WALMART,1,0.0004476275738585497
ENTERGY,WEC ENERGY GROUP,1,0.0004476275738585497
ENTERGY,WELLS FARGO,1,0.0004476275738585497
ENTERGY,WESTROCK,1,0.0004476275738585497
ENTERGY,WEYERHAEUSER,1,0.0004476275738585497
ENTERGY,XCEL ENERGY,40,0.017905102954341987
ENTERGY,XEROX,1,0.0004476275738585497
ENTERPRISE PRODUCTS PARTNERS,IHEARTMEDIA,1,0.0004476275738585497
ESTEE LAUDER,JOHNSON & JOHNSON,1,0.0004476275738585497
ESTEE LAUDER,PROCTER & GAMBLE,1,0.0004476275738585497
EVERSOURCE ENERGY,EXELON,12,0.005371530886302597
EVERSOURCE ENERGY,EXXONMOBIL,2,0.0008952551477170994
EVERSOURCE ENERGY,FIRSTENERGY,8,0.0035810205908683975
EVERSOURCE ENERGY,FLUOR,1,0.0004476275738585497
EVERSOURCE ENERGY,FORD,1,0.0004476275738585497
EVERSOURCE ENERGY,GENERAL DYNAMICS,2,0.0008952551477170994
EVERSOURCE ENERGY,GENERAL ELECTRIC,3,0.0013428827215756492
EVERSOURCE ENERGY,GENERAL MOTORS,1,0.0004476275738585497
EVERSOURCE ENERGY,GILEAD SCIENCES,2,0.0008952551477170994
EVERSOURCE ENERGY,GRAPHIC PACKAGING HOLDING,1,0.0004476275738585497
EVERSOURCE ENERGY,HARTFORD FINANCIAL SERVICES,1,0.0004476275738585497
EVERSOURCE ENERGY,HCA HEALTHCARE,1,0.0004476275738585497
EVERSOURCE ENERGY,HERSHEY,1,0.0004476275738585497
EVERSOURCE ENERGY,HILTON WORLDWIDE HOLDINGS,1,0.0004476275738585497
EVERSOURCE ENERGY,HOLLYFRONTIER,1,0.0004476275738585497
EVERSOURCE ENERGY,HOME DEPOT,1,0.0004476275738585497
EVERSOURCE ENERGY,HUMANA,1,0.0004476275738585497
EVERSOURCE ENERGY,HUNTSMAN,1,0.0004476275738585497
EVERSOURCE ENERGY,IBM,1,0.0004476275738585497
EVERSOURCE ENERGY,INTEL,1,0.0004476275738585497
EVERSOURCE ENERGY,INTERNATIONAL PAPER,1,0.0004476275738585497
EVERSOURCE ENERGY,JOHNSON & JOHNSON,1,0.0004476275738585497
EVERSOURCE ENERGY,LEIDOS HOLDINGS,2,0.0008952551477170994
EVERSOURCE ENERGY,LIBERTY MUTUAL INSURANCE GROUP,1,0.0004476275738585497
EVERSOURCE ENERGY,LOCKHEED MARTIN,2,0.0008952551477170994
EVERSOURCE ENERGY,LOEWS,7,0.003133393017009848
EVERSOURCE ENERGY,MARATHON PETROLEUM,2,0.0008952551477170994
EVERSOURCE ENERGY,MICRON TECHNOLOGY,1,0.0004476275738585497
EVERSOURCE ENERGY,MOLINA HEALTHCARE,1,0.0004476275738585497
EVERSOURCE ENERGY,NATIONWIDE,1,0.0004476275738585497
EVERSOURCE ENERGY,NAVISTAR INTERNATIONAL,1,0.0004476275738585497
EVERSOURCE ENERGY,NORTHROP GRUMMAN,1,0.0004476275738585497
EVERSOURCE ENERGY,ONEOK,2,0.0008952551477170994
EVERSOURCE ENERGY,ORACLE,1,0.0004476275738585497
EVERSOURCE ENERGY,OWENS CORNING,1,0.0004476275738585497
EVERSOURCE ENERGY,PG&E,11,0.004923903312444047
EVERSOURCE ENERGY,PHILLIPS 66,4,0.0017905102954341987
EVERSOURCE ENERGY,PPG INDUSTRIES,3,0.0013428827215756492
EVERSOURCE ENERGY,PPL,11,0.004923903312444047
EVERSOURCE ENERGY,PRINCIPAL FINANCIAL,1,0.0004476275738585497
EVERSOURCE ENERGY,PROCTER & GAMBLE,1,0.0004476275738585497
EVERSOURCE ENERGY,PUBLIC SERVICE ENTERPRISE GROUP,5,0.0022381378692927483
EVERSOURCE ENERGY,SEMPRA ENERGY,3,0.0013428827215756492
EVERSOURCE ENERGY,SOUTHERN,4,0.0017905102954341987
EVERSOURCE ENERGY,STANLEY BLACK & DECKER,1,0.0004476275738585497
EVERSOURCE ENERGY,TENET HEALTHCARE,1,0.0004476275738585497
EVERSOURCE ENERGY,TESLA,3,0.0013428827215756492
EVERSOURCE ENERGY,THERMO FISHER SCIENTIFIC,1,0.0004476275738585497
EVERSOURCE ENERGY,UNION PACIFIC,4,0.0017905102954341987
EVERSOURCE ENERGY,VALERO ENERGY,1,0.0004476275738585497
EVERSOURCE ENERGY,WALGREENS BOOTS ALLIANCE,1,0.0004476275738585497
EVERSOURCE ENERGY,WEC ENERGY GROUP,1,0.0004476275738585497
EVERSOURCE ENERGY,WESTROCK,1,0.0004476275738585497
EVERSOURCE ENERGY,XCEL ENERGY,13,0.005819158460161146
EXELON,EXXONMOBIL,9,0.0040286481647269475
EXELON,FACEBOOK,1,0.0004476275738585497
EXELON,FEDEX,2,0.0008952551477170994
EXELON,FIRSTENERGY,23,0.010295434198746643
EXELON,FLUOR,7,0.003133393017009848
EXELON,FORD,3,0.0013428827215756492
EXELON,GENERAL DYNAMICS,7,0.003133393017009848
EXELON,GENERAL ELECTRIC,11,0.004923903312444047
EXELON,GENERAL MOTORS,8,0.0035810205908683975
EXELON,GILEAD SCIENCES,4,0.0017905102954341987
EXELON,GOODYEAR TIRE & RUBBER,1,0.0004476275738585497
EXELON,GRAPHIC PACKAGING HOLDING,2,0.0008952551477170994
EXELON,GUARDIAN LIFE INS. CO. OF AMERICA,1,0.0004476275738585497
EXELON,HARTFORD FINANCIAL SERVICES,3,0.0013428827215756492
EXELON,HCA HEALTHCARE,1,0.0004476275738585497
EXELON,HERSHEY,1,0.0004476275738585497
EXELON,HEWLETT PACKARD ENTERPRISE,2,0.0008952551477170994
EXELON,HILTON WORLDWIDE HOLDINGS,1,0.0004476275738585497
EXELON,HOLLYFRONTIER,6,0.0026857654431512983
EXELON,HOME DEPOT,1,0.0004476275738585497
EXELON,HONEYWELL INTERNATIONAL,2,0.0008952551477170994
EXELON,HUMANA,1,0.0004476275738585497
EXELON,HUNTSMAN,3,0.0013428827215756492
EXELON,IBM,6,0.0026857654431512983
EXELON,ILLINOIS TOOL WORKS,5,0.0022381378692927483
EXELON,INTEL,2,0.0008952551477170994
EXELON,INTERNATIONAL PAPER,1,0.0004476275738585497
EXELON,JACOBS ENGINEERING GROUP,2,0.0008952551477170994
EXELON,JETBLUE AIRWAYS,2,0.0008952551477170994
EXELON,JOHNSON & JOHNSON,2,0.0008952551477170994
EXELON,JONES FINANCIAL (EDWARD JONES),1,0.0004476275738585497
EXELON,KROGER,1,0.0004476275738585497
EXELON,LEIDOS HOLDINGS,6,0.0026857654431512983
EXELON,LIBERTY MUTUAL INSURANCE GROUP,1,0.0004476275738585497
EXELON,LIVE NATION ENTERTAINMENT,1,0.0004476275738585497
EXELON,LOCKHEED MARTIN,12,0.005371530886302597
EXELON,LOEWS,1,0.0004476275738585497
EXELON,LUMEN TECHNOLOGIES,2,0.0008952551477170994
EXELON,MAGELLAN HEALTH,2,0.0008952551477170994
EXELON,MARATHON PETROLEUM,6,0.0026857654431512983
EXELON,MGM RESORTS INTERNATIONAL,1,0.0004476275738585497
EXELON,MICRON TECHNOLOGY,5,0.0022381378692927483
EXELON,MICROSOFT,3,0.0013428827215756492
EXELON,MOLINA HEALTHCARE,1,0.0004476275738585497
EXELON,MOLSON COORS BEVERAGE,1,0.0004476275738585497
EXELON,MOTOROLA SOLUTIONS,4,0.0017905102954341987
EXELON,NATIONWIDE,2,0.0008952551477170994
EXELON,NAVISTAR INTERNATIONAL,1,0.0004476275738585497
EXELON,NORTHROP GRUMMAN,8,0.0035810205908683975
EXELON,NRG ENERGY,1,0.0004476275738585497
EXELON,NUCOR,3,0.0013428827215756492
EXELON,ORACLE,2,0.0008952551477170994
EXELON,OSHKOSH,3,0.0013428827215756492
EXELON,OWENS CORNING,1,0.0004476275738585497
EXELON,PEABODY ENERGY,1,0.0004476275738585497
EXELON,PG&E,38,0.017009847806624886
EXELON,PHILLIPS 66,6,0.0026857654431512983
EXELON,PNC FINANCIAL SERVICES,1,0.0004476275738585497
EXELON,PPG INDUSTRIES,10,0.004476275738585497
EXELON,PPL,38,0.017009847806624886
EXELON,PRINCIPAL FINANCIAL,1,0.0004476275738585497
EXELON,PROCTER & GAMBLE,1,0.0004476275738585497
EXELON,PUBLIC SERVICE ENTERPRISE GROUP,17,0.007609668755595345
EXELON,QUEST DIAGNOSTICS,1,0.0004476275738585497
EXELON,RAYTHEON,5,0.0022381378692927483
EXELON,REGIONS FINANCIAL,1,0.0004476275738585497
EXELON,SEMPRA ENERGY,1,0.0004476275738585497
EXELON,SOUTHERN,13,0.005819158460161146
EXELON,SOUTHWEST AIRLINES,3,0.0013428827215756492
EXELON,STANLEY BLACK & DECKER,1,0.0004476275738585497
EXELON,TENET HEALTHCARE,1,0.0004476275738585497
EXELON,TESLA,7,0.003133393017009848
EXELON,TEXTRON,3,0.0013428827215756492
EXELON,THERMO FISHER SCIENTIFIC,2,0.0008952551477170994
EXELON,UNION PACIFIC,10,0.004476275738585497
EXELON,UNITED AIRLINES HOLDINGS,1,0.0004476275738585497
EXELON,UNITED TECHNOLOGIES,4,0.0017905102954341987
EXELON,USAA,2,0.0008952551477170994
EXELON,VALERO ENERGY,1,0.0004476275738585497
EXELON,VERIZON,2,0.0008952551477170994
EXELON,VF,2,0.0008952551477170994
EXELON,WALGREENS BOOTS ALLIANCE,2,0.0008952551477170994
EXELON,WEC ENERGY GROUP,1,0.0004476275738585497
EXELON,WESTROCK,2,0.0008952551477170994
EXELON,XCEL ENERGY,48,0.021486123545210387
EXXONMOBIL,FACEBOOK,4,0.0017905102954341987
EXXONMOBIL,FEDEX,2,0.0008952551477170994
EXXONMOBIL,FIFTH THIRD BANCORP,1,0.0004476275738585497
EXXONMOBIL,FIRSTENERGY,9,0.0040286481647269475
EXXONMOBIL,FLUOR,3,0.0013428827215756492
EXXONMOBIL,GENERAL DYNAMICS,3,0.0013428827215756492
EXXONMOBIL,GENERAL ELECTRIC,13,0.005819158460161146
EXXONMOBIL,GENERAL MILLS,1,0.0004476275738585497
EXXONMOBIL,GENERAL MOTORS,4,0.0017905102954341987
EXXONMOBIL,GENWORTH FINANCIAL,2,0.0008952551477170994
EXXONMOBIL,GILEAD SCIENCES,2,0.0008952551477170994
EXXONMOBIL,GOLDMAN SACHS GROUP,1,0.0004476275738585497
EXXONMOBIL,GRAPHIC PACKAGING HOLDING,4,0.0017905102954341987
EXXONMOBIL,GUARDIAN LIFE INS. CO. OF AMERICA,2,0.0008952551477170994
EXXONMOBIL,HALLIBURTON,1,0.0004476275738585497
EXXONMOBIL,HARTFORD FINANCIAL SERVICES,3,0.0013428827215756492
EXXONMOBIL,HEWLETT PACKARD ENTERPRISE,2,0.0008952551477170994
EXXONMOBIL,HILTON WORLDWIDE HOLDINGS,1,0.0004476275738585497
EXXONMOBIL,HOLLYFRONTIER,2,0.0008952551477170994
EXXONMOBIL,HOME DEPOT,1,0.0004476275738585497
EXXONMOBIL,HONEYWELL INTERNATIONAL,6,0.0026857654431512983
EXXONMOBIL,HP,1,0.0004476275738585497
EXXONMOBIL,HUMANA,1,0.0004476275738585497
EXXONMOBIL,HUNTSMAN,2,0.0008952551477170994
EXXONMOBIL,IBM,6,0.0026857654431512983
EXXONMOBIL,ILLINOIS TOOL WORKS,4,0.0017905102954341987
EXXONMOBIL,INTEL,1,0.0004476275738585497
EXXONMOBIL,INTERNATIONAL PAPER,7,0.003133393017009848
EXXONMOBIL,INTUIT,2,0.0008952551477170994
EXXONMOBIL,JACOBS ENGINEERING GROUP,2,0.0008952551477170994
EXXONMOBIL,JETBLUE AIRWAYS,1,0.0004476275738585497
EXXONMOBIL,JPMORGAN CHASE & CO.,2,0.0008952551477170994
EXXONMOBIL,KEURIG DR PEPPER,1,0.0004476275738585497
EXXONMOBIL,KRAFT HEINZ,1,0.0004476275738585497
EXXONMOBIL,KROGER,2,0.0008952551477170994
EXXONMOBIL,LEIDOS HOLDINGS,3,0.0013428827215756492
EXXONMOBIL,LIBERTY MUTUAL INSURANCE GROUP,1,0.0004476275738585497
EXXONMOBIL,LOCKHEED MARTIN,7,0.003133393017009848
EXXONMOBIL,LOEWS,1,0.0004476275738585497
EXXONMOBIL,MAGELLAN HEALTH,2,0.0008952551477170994
EXXONMOBIL,MARATHON PETROLEUM,5,0.0022381378692927483
EXXONMOBIL,MARRIOTT INTERNATIONAL,1,0.0004476275738585497
EXXONMOBIL,MASSACHUSETTS MUTUAL LIFE INSURANCE,1,0.0004476275738585497
EXXONMOBIL,MCDONALD'S,1,0.0004476275738585497
EXXONMOBIL,MCKESSON,1,0.0004476275738585497
EXXONMOBIL,METLIFE,1,0.0004476275738585497
EXXONMOBIL,MICRON TECHNOLOGY,1,0.0004476275738585497
EXXONMOBIL,MICROSOFT,4,0.0017905102954341987
EXXONMOBIL,MOTOROLA SOLUTIONS,1,0.0004476275738585497
EXXONMOBIL,MUTUAL OF OMAHA INSURANCE,1,0.0004476275738585497
EXXONMOBIL,NATIONWIDE,5,0.0022381378692927483
EXXONMOBIL,NEXTERA ENERGY,2,0.0008952551477170994
EXXONMOBIL,NORTHERN TRUST,1,0.0004476275738585497
EXXONMOBIL,NORTHROP GRUMMAN,3,0.0013428827215756492
EXXONMOBIL,NORTHWESTERN MUTUAL,1,0.0004476275738585497
EXXONMOBIL,NUCOR,1,0.0004476275738585497
EXXONMOBIL,OLIN,1,0.0004476275738585497
EXXONMOBIL,ONEOK,1,0.0004476275738585497
EXXONMOBIL,ORACLE,3,0.0013428827215756492
EXXONMOBIL,OWENS-ILLINOIS,1,0.0004476275738585497
EXXONMOBIL,PEABODY ENERGY,3,0.0013428827215756492
EXXONMOBIL,PG&E,11,0.004923903312444047
EXXONMOBIL,PHILLIPS 66,14,0.006266786034019696
EXXONMOBIL,PPG INDUSTRIES,8,0.0035810205908683975
EXXONMOBIL,PPL,7,0.003133393017009848
EXXONMOBIL,PRINCIPAL FINANCIAL,2,0.0008952551477170994
EXXONMOBIL,PRUDENTIAL FINANCIAL,1,0.0004476275738585497
EXXONMOBIL,PUBLIC SERVICE ENTERPRISE GROUP,6,0.0026857654431512983
EXXONMOBIL,QUALCOMM,1,0.0004476275738585497
EXXONMOBIL,RAYTHEON,4,0.0017905102954341987
EXXONMOBIL,RITE AID,1,0.0004476275738585497
EXXONMOBIL,S&P GLOBAL,1,0.0004476275738585497
EXXONMOBIL,SEMPRA ENERGY,1,0.0004476275738585497
EXXONMOBIL,SHERWIN-WILLIAMS,2,0.0008952551477170994
EXXONMOBIL,SOUTHERN,1,0.0004476275738585497
EXXONMOBIL,SOUTHWEST AIRLINES,3,0.0013428827215756492
EXXONMOBIL,STANLEY BLACK & DECKER,1,0.0004476275738585497
EXXONMOBIL,TESLA,1,0.0004476275738585497
EXXONMOBIL,TEXAS INSTRUMENTS,1,0.0004476275738585497
EXXONMOBIL,TEXTRON,3,0.0013428827215756492
EXXONMOBIL,THERMO FISHER SCIENTIFIC,1,0.0004476275738585497
EXXONMOBIL,UNION PACIFIC,5,0.0022381378692927483
EXXONMOBIL,UNITED AIRLINES HOLDINGS,1,0.0004476275738585497
EXXONMOBIL,UNITED TECHNOLOGIES,6,0.0026857654431512983
EXXONMOBIL,USAA,2,0.0008952551477170994
EXXONMOBIL,VERIZON,2,0.0008952551477170994
EXXONMOBIL,VF,1,0.0004476275738585497
EXXONMOBIL,W.R. BERKLEY,2,0.0008952551477170994
EXXONMOBIL,WALMART,1,0.0004476275738585497
EXXONMOBIL,WASTE MANAGEMENT,1,0.0004476275738585497
EXXONMOBIL,WEC ENERGY GROUP,2,0.0008952551477170994
EXXONMOBIL,WESCO INTERNATIONAL,1,0.0004476275738585497
EXXONMOBIL,WESTERN UNION,1,0.0004476275738585497
EXXONMOBIL,WESTROCK,4,0.0017905102954341987
EXXONMOBIL,WEYERHAEUSER,1,0.0004476275738585497
EXXONMOBIL,WHIRLPOOL,2,0.0008952551477170994
EXXONMOBIL,XCEL ENERGY,12,0.005371530886302597
FACEBOOK,FEDEX,2,0.0008952551477170994
FACEBOOK,FIFTH THIRD BANCORP,1,0.0004476275738585497
FACEBOOK,FIRSTENERGY,1,0.0004476275738585497
FACEBOOK,FOX CORP,6,0.0026857654431512983
FACEBOOK,GENERAL DYNAMICS,1,0.0004476275738585497
FACEBOOK,GENERAL ELECTRIC,4,0.0017905102954341987
FACEBOOK,GENERAL MILLS,1,0.0004476275738585497
FACEBOOK,GENERAL MOTORS,3,0.0013428827215756492
FACEBOOK,GENWORTH FINANCIAL,1,0.0004476275738585497
FACEBOOK,GOLDMAN SACHS GROUP,1,0.0004476275738585497
FACEBOOK,GUARDIAN LIFE INS. CO. OF AMERICA,2,0.0008952551477170994
FACEBOOK,HARTFORD FINANCIAL SERVICES,1,0.0004476275738585497
FACEBOOK,HEWLETT PACKARD ENTERPRISE,4,0.0017905102954341987
FACEBOOK,HOME DEPOT,1,0.0004476275738585497
FACEBOOK,HONEYWELL INTERNATIONAL,1,0.0004476275738585497
FACEBOOK,HP,2,0.0008952551477170994
FACEBOOK,HUNTSMAN,2,0.0008952551477170994
FACEBOOK,IBM,8,0.0035810205908683975
FACEBOOK,ILLINOIS TOOL WORKS,2,0.0008952551477170994
FACEBOOK,INTEL,1,0.0004476275738585497
FACEBOOK,INTERNATIONAL PAPER,2,0.0008952551477170994
FACEBOOK,INTUIT,3,0.0013428827215756492
FACEBOOK,JACOBS ENGINEERING GROUP,1,0.0004476275738585497
FACEBOOK,JETBLUE AIRWAYS,1,0.0004476275738585497
FACEBOOK,JOHNSON & JOHNSON,1,0.0004476275738585497
FACEBOOK,LEIDOS HOLDINGS,1,0.0004476275738585497
FACEBOOK,LIBERTY MUTUAL INSURANCE GROUP,1,0.0004476275738585497
FACEBOOK,LOCKHEED MARTIN,1,0.0004476275738585497
FACEBOOK,LUMEN TECHNOLOGIES,1,0.0004476275738585497
FACEBOOK,MAGELLAN HEALTH,1,0.0004476275738585497
FACEBOOK,MASSACHUSETTS MUTUAL LIFE INSURANCE,1,0.0004476275738585497
FACEBOOK,METLIFE,1,0.0004476275738585497
FACEBOOK,MICRON TECHNOLOGY,3,0.0013428827215756492
FACEBOOK,MICROSOFT,9,0.0040286481647269475
FACEBOOK,MOTOROLA SOLUTIONS,1,0.0004476275738585497
FACEBOOK,NATIONWIDE,2,0.0008952551477170994
FACEBOOK,NAVISTAR INTERNATIONAL,1,0.0004476275738585497
FACEBOOK,NEWS CORP.,2,0.0008952551477170994
FACEBOOK,NEXTERA ENERGY,1,0.0004476275738585497
FACEBOOK,NORTHROP GRUMMAN,1,0.0004476275738585497
FACEBOOK,NORTHWESTERN MUTUAL,1,0.0004476275738585497
FACEBOOK,ORACLE,6,0.0026857654431512983
FACEBOOK,OWENS-ILLINOIS,1,0.0004476275738585497
FACEBOOK,PG&E,1,0.0004476275738585497
FACEBOOK,PHILLIPS 66,1,0.0004476275738585497
FACEBOOK,PNC FINANCIAL SERVICES,1,0.0004476275738585497
FACEBOOK,PPG INDUSTRIES,2,0.0008952551477170994
FACEBOOK,PPL,1,0.0004476275738585497
FACEBOOK,PRINCIPAL FINANCIAL,5,0.0022381378692927483
FACEBOOK,PRUDENTIAL FINANCIAL,1,0.0004476275738585497
FACEBOOK,RAYTHEON,1,0.0004476275738585497
FACEBOOK,RITE AID,1,0.0004476275738585497
FACEBOOK,S&P GLOBAL,1,0.0004476275738585497
FACEBOOK,SALESFORCE,3,0.0013428827215756492
FACEBOOK,SOUTHWEST AIRLINES,1,0.0004476275738585497
FACEBOOK,STANLEY BLACK & DECKER,1,0.0004476275738585497
FACEBOOK,TEXAS INSTRUMENTS,4,0.0017905102954341987
FACEBOOK,TEXTRON,1,0.0004476275738585497
FACEBOOK,UNION PACIFIC,1,0.0004476275738585497
FACEBOOK,UNITED AIRLINES HOLDINGS,1,0.0004476275738585497
FACEBOOK,UNITED TECHNOLOGIES,2,0.0008952551477170994
FACEBOOK,USAA,1,0.0004476275738585497
FACEBOOK,VERIZON,4,0.0017905102954341987
FACEBOOK,W.R. BERKLEY,1,0.0004476275738585497
FACEBOOK,WALMART,3,0.0013428827215756492
FACEBOOK,WALT DISNEY,1,0.0004476275738585497
FACEBOOK,WESCO INTERNATIONAL,1,0.0004476275738585497
FACEBOOK,WESTERN UNION,1,0.0004476275738585497
FACEBOOK,XCEL ENERGY,1,0.0004476275738585497
FEDEX,GENERAL DYNAMICS,2,0.0008952551477170994
FEDEX,GENERAL ELECTRIC,6,0.0026857654431512983
FEDEX,GENERAL MILLS,2,0.0008952551477170994
FEDEX,GENERAL MOTORS,2,0.0008952551477170994
FEDEX,GILEAD SCIENCES,1,0.0004476275738585497
FEDEX,GUARDIAN LIFE INS. CO. OF AMERICA,1,0.0004476275738585497
FEDEX,HCA HEALTHCARE,2,0.0008952551477170994
FEDEX,HOLLYFRONTIER,1,0.0004476275738585497
FEDEX,HOME DEPOT,3,0.0013428827215756492
FEDEX,IBM,4,0.0017905102954341987
FEDEX,ILLINOIS TOOL WORKS,2,0.0008952551477170994
FEDEX,INTERNATIONAL PAPER,1,0.0004476275738585497
FEDEX,JACOBS ENGINEERING GROUP,1,0.0004476275738585497
FEDEX,L3HARRIS TECHNOLOGIES,1,0.0004476275738585497
FEDEX,LEIDOS HOLDINGS,3,0.0013428827215756492
FEDEX,LIBERTY MEDIA,2,0.0008952551477170994
FEDEX,LIBERTY MUTUAL INSURANCE GROUP,1,0.0004476275738585497
FEDEX,LOCKHEED MARTIN,4,0.0017905102954341987
FEDEX,LOWE'S,2,0.0008952551477170994
FEDEX,LUMEN TECHNOLOGIES,1,0.0004476275738585497
FEDEX,MCDONALD'S,1,0.0004476275738585497
FEDEX,MICROSOFT,1,0.0004476275738585497
FEDEX,NATIONWIDE,3,0.0013428827215756492
FEDEX,NAVIENT,1,0.0004476275738585497
FEDEX,NAVISTAR INTERNATIONAL,1,0.0004476275738585497
FEDEX,ORACLE,2,0.0008952551477170994
FEDEX,PEPSICO,2,0.0008952551477170994
FEDEX,PG&E,1,0.0004476275738585497
FEDEX,PHILLIPS 66,2,0.0008952551477170994
FEDEX,PPG INDUSTRIES,2,0.0008952551477170994
FEDEX,PPL,1,0.0004476275738585497
FEDEX,QURATE RETAIL,1,0.0004476275738585497
FEDEX,RAYTHEON,5,0.0022381378692927483
FEDEX,REGIONS FINANCIAL,1,0.0004476275738585497
FEDEX,SOUTHERN,1,0.0004476275738585497
FEDEX,SOUTHWEST AIRLINES,6,0.0026857654431512983
FEDEX,SYSCO,2,0.0008952551477170994
FEDEX,TEXAS INSTRUMENTS,2,0.0008952551477170994
FEDEX,TEXTRON,1,0.0004476275738585497
FEDEX,UNION PACIFIC,3,0.0013428827215756492
FEDEX,UNITED AIRLINES HOLDINGS,8,0.0035810205908683975
FEDEX,UNITED PARCEL SERVICE,4,0.0017905102954341987
FEDEX,UNITED TECHNOLOGIES,4,0.0017905102954341987
FEDEX,VERIZON,4,0.0017905102954341987
FEDEX,WALMART,1,0.0004476275738585497
FEDEX,WELLS FARGO,1,0.0004476275738585497
FEDEX,WEYERHAEUSER,3,0.0013428827215756492
FEDEX,XCEL ENERGY,3,0.0013428827215756492
FIFTH THIRD BANCORP,GENERAL ELECTRIC,1,0.0004476275738585497
FIFTH THIRD BANCORP,GENWORTH FINANCIAL,1,0.0004476275738585497
FIFTH THIRD BANCORP,GOLDMAN SACHS GROUP,2,0.0008952551477170994
FIFTH THIRD BANCORP,GUARDIAN LIFE INS. CO. OF AMERICA,2,0.0008952551477170994
FIFTH THIRD BANCORP,HARTFORD FINANCIAL SERVICES,2,0.0008952551477170994
FIFTH THIRD BANCORP,HONEYWELL INTERNATIONAL,1,0.0004476275738585497
FIFTH THIRD BANCORP,HUNTSMAN,1,0.0004476275738585497
FIFTH THIRD BANCORP,IBM,1,0.0004476275738585497
FIFTH THIRD BANCORP,INTERNATIONAL PAPER,1,0.0004476275738585497
FIFTH THIRD BANCORP,INTUIT,1,0.0004476275738585497
FIFTH THIRD BANCORP,JPMORGAN CHASE & CO.,4,0.0017905102954341987
FIFTH THIRD BANCORP,KEYCORP,5,0.0022381378692927483
FIFTH THIRD BANCORP,MASSACHUSETTS MUTUAL LIFE INSURANCE,1,0.0004476275738585497
FIFTH THIRD BANCORP,METLIFE,1,0.0004476275738585497
FIFTH THIRD BANCORP,MICROSOFT,1,0.0004476275738585497
FIFTH THIRD BANCORP,NATIONWIDE,1,0.0004476275738585497
FIFTH THIRD BANCORP,NEXTERA ENERGY,1,0.0004476275738585497
FIFTH THIRD BANCORP,NORTHERN TRUST,3,0.0013428827215756492
FIFTH THIRD BANCORP,NORTHWESTERN MUTUAL,1,0.0004476275738585497
FIFTH THIRD BANCORP,ORACLE,1,0.0004476275738585497
FIFTH THIRD BANCORP,OWENS-ILLINOIS,1,0.0004476275738585497
FIFTH THIRD BANCORP,PNC FINANCIAL SERVICES,5,0.0022381378692927483
FIFTH THIRD BANCORP,PPG INDUSTRIES,1,0.0004476275738585497
FIFTH THIRD BANCORP,PRUDENTIAL FINANCIAL,1,0.0004476275738585497
FIFTH THIRD BANCORP,REGIONS FINANCIAL,1,0.0004476275738585497
FIFTH THIRD BANCORP,RITE AID,1,0.0004476275738585497
FIFTH THIRD BANCORP,S&P GLOBAL,1,0.0004476275738585497
FIFTH THIRD BANCORP,STATE FARM INSURANCE,1,0.0004476275738585497
FIFTH THIRD BANCORP,STATE STREET CORP.,1,0.0004476275738585497
FIFTH THIRD BANCORP,SYNCHRONY FINANCIAL,1,0.0004476275738585497
FIFTH THIRD BANCORP,TIAA,2,0.0008952551477170994
FIFTH THIRD BANCORP,U.S. BANCORP,1,0.0004476275738585497
FIFTH THIRD BANCORP,VISA,1,0.0004476275738585497
FIFTH THIRD BANCORP,W.R. BERKLEY,1,0.0004476275738585497
FIFTH THIRD BANCORP,WELLS FARGO,4,0.0017905102954341987
FIFTH THIRD BANCORP,WESCO INTERNATIONAL,1,0.0004476275738585497
FIFTH THIRD BANCORP,WESTERN UNION,2,0.0008952551477170994
FIRSTENERGY,FLUOR,1,0.0004476275738585497
FIRSTENERGY,FORD,3,0.0013428827215756492
FIRSTENERGY,GENERAL DYNAMICS,2,0.0008952551477170994
FIRSTENERGY,GENERAL ELECTRIC,3,0.0013428827215756492
FIRSTENERGY,GENERAL MOTORS,6,0.0026857654431512983
FIRSTENERGY,GILEAD SCIENCES,1,0.0004476275738585497
FIRSTENERGY,HEWLETT PACKARD ENTERPRISE,1,0.0004476275738585497
FIRSTENERGY,HOLLYFRONTIER,2,0.0008952551477170994
FIRSTENERGY,HOME DEPOT,1,0.0004476275738585497
FIRSTENERGY,HONEYWELL INTERNATIONAL,2,0.0008952551477170994
FIRSTENERGY,HUNTSMAN,1,0.0004476275738585497
FIRSTENERGY,IBM,2,0.0008952551477170994
FIRSTENERGY,ILLINOIS TOOL WORKS,1,0.0004476275738585497
FIRSTENERGY,INTEL,3,0.0013428827215756492
FIRSTENERGY,INTERNATIONAL PAPER,1,0.0004476275738585497
FIRSTENERGY,JACOBS ENGINEERING GROUP,1,0.0004476275738585497
FIRSTENERGY,JETBLUE AIRWAYS,1,0.0004476275738585497
FIRSTENERGY,LEIDOS HOLDINGS,2,0.0008952551477170994
FIRSTENERGY,LIBERTY MUTUAL INSURANCE GROUP,1,0.0004476275738585497
FIRSTENERGY,LOCKHEED MARTIN,3,0.0013428827215756492
FIRSTENERGY,LOEWS,1,0.0004476275738585497
FIRSTENERGY,MAGELLAN HEALTH,1,0.0004476275738585497
FIRSTENERGY,MARATHON PETROLEUM,4,0.0017905102954341987
FIRSTENERGY,MICROSOFT,3,0.0013428827215756492
FIRSTENERGY,MOTOROLA SOLUTIONS,2,0.0008952551477170994
FIRSTENERGY,NORTHROP GRUMMAN,3,0.0013428827215756492
FIRSTENERGY,NRG ENERGY,1,0.0004476275738585497
FIRSTENERGY,ORACLE,1,0.0004476275738585497
FIRSTENERGY,OWENS CORNING,1,0.0004476275738585497
FIRSTENERGY,PEABODY ENERGY,4,0.0017905102954341987
FIRSTENERGY,PG&E,17,0.007609668755595345
FIRSTENERGY,PHILLIPS 66,1,0.0004476275738585497
FIRSTENERGY,PPG INDUSTRIES,3,0.0013428827215756492
FIRSTENERGY,PPL,24,0.010743061772605193
FIRSTENERGY,PRINCIPAL FINANCIAL,1,0.0004476275738585497
FIRSTENERGY,PUBLIC SERVICE ENTERPRISE GROUP,6,0.0026857654431512983
FIRSTENERGY,RAYTHEON,2,0.0008952551477170994
FIRSTENERGY,SOUTHERN,4,0.0017905102954341987
FIRSTENERGY,SOUTHWEST AIRLINES,1,0.0004476275738585497
FIRSTENERGY,STANLEY BLACK & DECKER,1,0.0004476275738585497
FIRSTENERGY,TESLA,5,0.0022381378692927483
FIRSTENERGY,TEXTRON,2,0.0008952551477170994
FIRSTENERGY,THERMO FISHER SCIENTIFIC,1,0.0004476275738585497
FIRSTENERGY,UNION PACIFIC,3,0.0013428827215756492
FIRSTENERGY,UNITED AIRLINES HOLDINGS,1,0.0004476275738585497
FIRSTENERGY,UNITED TECHNOLOGIES,2,0.0008952551477170994
FIRSTENERGY,USAA,1,0.0004476275738585497
FIRSTENERGY,VALERO ENERGY,1,0.0004476275738585497
FIRSTENERGY,VERIZON,1,0.0004476275738585497
FIRSTENERGY,VF,2,0.0008952551477170994
FIRSTENERGY,WEC ENERGY GROUP,2,0.0008952551477170994
FIRSTENERGY,WEYERHAEUSER,1,0.0004476275738585497
FIRSTENERGY,WHIRLPOOL,1,0.0004476275738585497
FIRSTENERGY,XCEL ENERGY,24,0.010743061772605193
FLUOR,GENERAL DYNAMICS,3,0.0013428827215756492
FLUOR,GENERAL ELECTRIC,4,0.0017905102954341987
FLUOR,GENERAL MOTORS,1,0.0004476275738585497
FLUOR,GILEAD SCIENCES,2,0.0008952551477170994
FLUOR,GOODYEAR TIRE & RUBBER,1,0.0004476275738585497
FLUOR,GRAPHIC PACKAGING HOLDING,2,0.0008952551477170994
FLUOR,HARTFORD FINANCIAL SERVICES,1,0.0004476275738585497
FLUOR,HEWLETT PACKARD ENTERPRISE,1,0.0004476275738585497
FLUOR,HILTON WORLDWIDE HOLDINGS,1,0.0004476275738585497
FLUOR,HOLLYFRONTIER,3,0.0013428827215756492
FLUOR,HONEYWELL INTERNATIONAL,2,0.0008952551477170994
FLUOR,HUMANA,1,0.0004476275738585497
FLUOR,HUNTSMAN,2,0.0008952551477170994
FLUOR,IBM,3,0.0013428827215756492
FLUOR,JACOBS ENGINEERING GROUP,1,0.0004476275738585497
FLUOR,KROGER,1,0.0004476275738585497
FLUOR,LEIDOS HOLDINGS,3,0.0013428827215756492
FLUOR,LOCKHEED MARTIN,5,0.0022381378692927483
FLUOR,MAGELLAN HEALTH,1,0.0004476275738585497
FLUOR,MICRON TECHNOLOGY,4,0.0017905102954341987
FLUOR,MOTOROLA SOLUTIONS,1,0.0004476275738585497
FLUOR,NATIONWIDE,1,0.0004476275738585497
FLUOR,NORTHROP GRUMMAN,4,0.0017905102954341987
FLUOR,ONEOK,1,0.0004476275738585497
FLUOR,ORACLE,1,0.0004476275738585497
FLUOR,OSHKOSH,2,0.0008952551477170994
FLUOR,PG&E,3,0.0013428827215756492
FLUOR,PPG INDUSTRIES,4,0.0017905102954341987
FLUOR,PPL,3,0.0013428827215756492
FLUOR,PUBLIC SERVICE ENTERPRISE GROUP,5,0.0022381378692927483
FLUOR,RAYTHEON,1,0.0004476275738585497
FLUOR,SEMPRA ENERGY,1,0.0004476275738585497
FLUOR,SOUTHERN,3,0.0013428827215756492
FLUOR,SOUTHWEST AIRLINES,1,0.0004476275738585497
FLUOR,TEXTRON,1,0.0004476275738585497
FLUOR,THERMO FISHER SCIENTIFIC,1,0.0004476275738585497
FLUOR,UNION PACIFIC,4,0.0017905102954341987
FLUOR,UNITED PARCEL SERVICE,1,0.0004476275738585497
FLUOR,UNITED TECHNOLOGIES,2,0.0008952551477170994
FLUOR,USAA,1,0.0004476275738585497
FLUOR,WEC ENERGY GROUP,1,0.0004476275738585497
FLUOR,WESTROCK,2,0.0008952551477170994
FLUOR,WHIRLPOOL,1,0.0004476275738585497
FLUOR,XCEL ENERGY,7,0.003133393017009848
FORD,GENERAL ELECTRIC,1,0.0004476275738585497
FORD,GENERAL MOTORS,2,0.0008952551477170994
FORD,GUARDIAN LIFE INS. CO. OF AMERICA,3,0.0013428827215756492
FORD,HARTFORD FINANCIAL SERVICES,1,0.0004476275738585497
FORD,HOME DEPOT,1,0.0004476275738585497
FORD,JONES FINANCIAL (EDWARD JONES),3,0.0013428827215756492
FORD,JPMORGAN CHASE & CO.,1,0.0004476275738585497
FORD,LIBERTY MUTUAL INSURANCE GROUP,1,0.0004476275738585497
FORD,LINCOLN NATIONAL,3,0.0013428827215756492
FORD,MARATHON PETROLEUM,1,0.0004476275738585497
FORD,MASSACHUSETTS MUTUAL LIFE INSURANCE,1,0.0004476275738585497
FORD,MUTUAL OF OMAHA INSURANCE,3,0.0013428827215756492
FORD,NATIONWIDE,1,0.0004476275738585497
FORD,NEW YORK LIFE INSURANCE,2,0.0008952551477170994
FORD,NORTHERN TRUST,1,0.0004476275738585497
FORD,NORTHWESTERN MUTUAL,3,0.0013428827215756492
FORD,OWENS CORNING,1,0.0004476275738585497
FORD,PG&E,3,0.0013428827215756492
FORD,PPG INDUSTRIES,1,0.0004476275738585497
FORD,PPL,2,0.0008952551477170994
FORD,PRINCIPAL FINANCIAL,3,0.0013428827215756492
FORD,PRUDENTIAL FINANCIAL,3,0.0013428827215756492
FORD,RAYTHEON,1,0.0004476275738585497
FORD,SOUTHERN,1,0.0004476275738585497
FORD,STANLEY BLACK & DECKER,1,0.0004476275738585497
FORD,STATE FARM INSURANCE,1,0.0004476275738585497
FORD,TESLA,3,0.0013428827215756492
FORD,TIAA,3,0.0013428827215756492
FORD,UNION PACIFIC,1,0.0004476275738585497
FORD,UNITED TECHNOLOGIES,1,0.0004476275738585497
FORD,USAA,1,0.0004476275738585497
FORD,VALERO ENERGY,1,0.0004476275738585497
FORD,VF,2,0.0008952551477170994
FORD,XCEL ENERGY,2,0.0008952551477170994
FORD,XEROX,1,0.0004476275738585497
FOX CORP,GRAPHIC PACKAGING HOLDING,1,0.0004476275738585497
FOX CORP,HARTFORD FINANCIAL SERVICES,2,0.0008952551477170994
FOX CORP,HOME DEPOT,2,0.0008952551477170994
FOX CORP,IBM,3,0.0013428827215756492
FOX CORP,IHEARTMEDIA,2,0.0008952551477170994
FOX CORP,KROGER,1,0.0004476275738585497
FOX CORP,LIBERTY MEDIA,2,0.0008952551477170994
FOX CORP,LIBERTY MUTUAL INSURANCE GROUP,1,0.0004476275738585497
FOX CORP,LOEWS,1,0.0004476275738585497
FOX CORP,MARSH & MCLENNAN,1,0.0004476275738585497
FOX CORP,MICROSOFT,3,0.0013428827215756492
FOX CORP,MOTOROLA SOLUTIONS,1,0.0004476275738585497
FOX CORP,MUTUAL OF OMAHA INSURANCE,2,0.0008952551477170994
FOX CORP,NATIONWIDE,5,0.0022381378692927483
FOX CORP,NORTHWESTERN MUTUAL,1,0.0004476275738585497
FOX CORP,PEPSICO,1,0.0004476275738585497
FOX CORP,PRINCIPAL FINANCIAL,2,0.0008952551477170994
FOX CORP,QURATE RETAIL,2,0.0008952551477170994
FOX CORP,STATE FARM INSURANCE,2,0.0008952551477170994
FOX CORP,TARGET,2,0.0008952551477170994
FOX CORP,UNITED AIRLINES HOLDINGS,2,0.0008952551477170994
FOX CORP,USAA,1,0.0004476275738585497
FOX CORP,VERIZON,5,0.0022381378692927483
FOX CORP,W.R. BERKLEY,1,0.0004476275738585497
FOX CORP,WALT DISNEY,3,0.0013428827215756492
FOX CORP,YUM BRANDS,1,0.0004476275738585497
GAP,NIKE,2,0.0008952551477170994
GENERAL DYNAMICS,GENERAL ELECTRIC,13,0.005819158460161146
GENERAL DYNAMICS,GENERAL MOTORS,1,0.0004476275738585497
GENERAL DYNAMICS,GILEAD SCIENCES,5,0.0022381378692927483
GENERAL DYNAMICS,GOODYEAR TIRE & RUBBER,1,0.0004476275738585497
GENERAL DYNAMICS,GRAPHIC PACKAGING HOLDING,1,0.0004476275738585497
GENERAL DYNAMICS,HARTFORD FINANCIAL SERVICES,3,0.0013428827215756492
GENERAL DYNAMICS,HCA HEALTHCARE,2,0.0008952551477170994
GENERAL DYNAMICS,HERSHEY,1,0.0004476275738585497
GENERAL DYNAMICS,HEWLETT PACKARD ENTERPRISE,2,0.0008952551477170994
GENERAL DYNAMICS,HILTON WORLDWIDE HOLDINGS,2,0.0008952551477170994
GENERAL DYNAMICS,HOLLYFRONTIER,4,0.0017905102954341987
GENERAL DYNAMICS,HONEYWELL INTERNATIONAL,2,0.0008952551477170994
GENERAL DYNAMICS,HUMANA,1,0.0004476275738585497
GENERAL DYNAMICS,HUNTSMAN,3,0.0013428827215756492
GENERAL DYNAMICS,IBM,12,0.005371530886302597
GENERAL DYNAMICS,IHEARTMEDIA,1,0.0004476275738585497
GENERAL DYNAMICS,JACOBS ENGINEERING GROUP,3,0.0013428827215756492
GENERAL DYNAMICS,JETBLUE AIRWAYS,3,0.0013428827215756492
GENERAL DYNAMICS,JOHNSON & JOHNSON,1,0.0004476275738585497
GENERAL DYNAMICS,JPMORGAN CHASE & CO.,1,0.0004476275738585497
GENERAL DYNAMICS,KROGER,1,0.0004476275738585497
GENERAL DYNAMICS,L3HARRIS TECHNOLOGIES,1,0.0004476275738585497
GENERAL DYNAMICS,LABORATORY CORP. OF AMERICA,1,0.0004476275738585497
GENERAL DYNAMICS,LEIDOS HOLDINGS,13,0.005819158460161146
GENERAL DYNAMICS,LOCKHEED MARTIN,16,0.007162041181736795
GENERAL DYNAMICS,MAGELLAN HEALTH,2,0.0008952551477170994
GENERAL DYNAMICS,MARRIOTT INTERNATIONAL,1,0.0004476275738585497
GENERAL DYNAMICS,MICRON TECHNOLOGY,2,0.0008952551477170994
GENERAL DYNAMICS,MICROSOFT,3,0.0013428827215756492
GENERAL DYNAMICS,MOLINA HEALTHCARE,1,0.0004476275738585497
GENERAL DYNAMICS,MOTOROLA SOLUTIONS,2,0.0008952551477170994
GENERAL DYNAMICS,NATIONWIDE,3,0.0013428827215756492
GENERAL DYNAMICS,NAVISTAR INTERNATIONAL,1,0.0004476275738585497
GENERAL DYNAMICS,NORTHERN TRUST,1,0.0004476275738585497
GENERAL DYNAMICS,NORTHROP GRUMMAN,10,0.004476275738585497
GENERAL DYNAMICS,NORTHWESTERN MUTUAL,1,0.0004476275738585497
GENERAL DYNAMICS,ORACLE,4,0.0017905102954341987
GENERAL DYNAMICS,OSHKOSH,1,0.0004476275738585497
GENERAL DYNAMICS,PG&E,6,0.0026857654431512983
GENERAL DYNAMICS,POLARIS INC,2,0.0008952551477170994
GENERAL DYNAMICS,PPG INDUSTRIES,11,0.004923903312444047
GENERAL DYNAMICS,PPL,5,0.0022381378692927483
GENERAL DYNAMICS,PROCTER & GAMBLE,1,0.0004476275738585497
GENERAL DYNAMICS,PUBLIC SERVICE ENTERPRISE GROUP,3,0.0013428827215756492
GENERAL DYNAMICS,RAYTHEON,11,0.004923903312444047
GENERAL DYNAMICS,SOUTHERN,1,0.0004476275738585497
GENERAL DYNAMICS,SOUTHWEST AIRLINES,4,0.0017905102954341987
GENERAL DYNAMICS,TEXTRON,5,0.0022381378692927483
GENERAL DYNAMICS,THERMO FISHER SCIENTIFIC,2,0.0008952551477170994
GENERAL DYNAMICS,UNION PACIFIC,11,0.004923903312444047
GENERAL DYNAMICS,UNITED AIRLINES HOLDINGS,5,0.0022381378692927483
GENERAL DYNAMICS,UNITED TECHNOLOGIES,7,0.003133393017009848
GENERAL DYNAMICS,USAA,2,0.0008952551477170994
GENERAL DYNAMICS,VERIZON,1,0.0004476275738585497
GENERAL DYNAMICS,WESTROCK,1,0.0004476275738585497
GENERAL DYNAMICS,XCEL ENERGY,4,0.0017905102954341987
GENERAL ELECTRIC,GENERAL MOTORS,2,0.0008952551477170994
GENERAL ELECTRIC,GENWORTH FINANCIAL,1,0.0004476275738585497
GENERAL ELECTRIC,GILEAD SCIENCES,5,0.0022381378692927483
GENERAL ELECTRIC,GOLDMAN SACHS GROUP,1,0.0004476275738585497
GENERAL ELECTRIC,GOODYEAR TIRE & RUBBER,1,0.0004476275738585497
GENERAL ELECTRIC,GRAPHIC PACKAGING HOLDING,2,0.0008952551477170994
GENERAL ELECTRIC,GUARDIAN LIFE INS. CO. OF AMERICA,1,0.0004476275738585497
GENERAL ELECTRIC,HALLIBURTON,1,0.0004476275738585497
GENERAL ELECTRIC,HARTFORD FINANCIAL SERVICES,4,0.0017905102954341987
GENERAL ELECTRIC,HCA HEALTHCARE,2,0.0008952551477170994
GENERAL ELECTRIC,HERSHEY,1,0.0004476275738585497
GENERAL ELECTRIC,HEWLETT PACKARD ENTERPRISE,2,0.0008952551477170994
GENERAL ELECTRIC,HILTON WORLDWIDE HOLDINGS,2,0.0008952551477170994
GENERAL ELECTRIC,HOLLYFRONTIER,5,0.0022381378692927483
GENERAL ELECTRIC,HOME DEPOT,1,0.0004476275738585497
GENERAL ELECTRIC,HONEYWELL INTERNATIONAL,6,0.0026857654431512983
GENERAL ELECTRIC,HUMANA,2,0.0008952551477170994
GENERAL ELECTRIC,HUNTSMAN,4,0.0017905102954341987
GENERAL ELECTRIC,IBM,15,0.006714413607878245
GENERAL ELECTRIC,IHEARTMEDIA,2,0.0008952551477170994
GENERAL ELECTRIC,ILLINOIS TOOL WORKS,2,0.0008952551477170994
GENERAL ELECTRIC,INTEL,2,0.0008952551477170994
GENERAL ELECTRIC,INTERNATIONAL PAPER,2,0.0008952551477170994
GENERAL ELECTRIC,JACOBS ENGINEERING GROUP,4,0.0017905102954341987
GENERAL ELECTRIC,JETBLUE AIRWAYS,2,0.0008952551477170994
GENERAL ELECTRIC,JOHNSON & JOHNSON,5,0.0022381378692927483
GENERAL ELECTRIC,JONES FINANCIAL (EDWARD JONES),1,0.0004476275738585497
GENERAL ELECTRIC,JPMORGAN CHASE & CO.,1,0.0004476275738585497
GENERAL ELECTRIC,KROGER,1,0.0004476275738585497
GENERAL ELECTRIC,L3HARRIS TECHNOLOGIES,1,0.0004476275738585497
GENERAL ELECTRIC,LABORATORY CORP. OF AMERICA,2,0.0008952551477170994
GENERAL ELECTRIC,LEIDOS HOLDINGS,9,0.0040286481647269475
GENERAL ELECTRIC,LIBERTY MUTUAL INSURANCE GROUP,2,0.0008952551477170994
GENERAL ELECTRIC,LOCKHEED MARTIN,17,0.007609668755595345
GENERAL ELECTRIC,MAGELLAN HEALTH,3,0.0013428827215756492
GENERAL ELECTRIC,MARRIOTT INTERNATIONAL,1,0.0004476275738585497
GENERAL ELECTRIC,MASSACHUSETTS MUTUAL LIFE INSURANCE,1,0.0004476275738585497
GENERAL ELECTRIC,MERCK,1,0.0004476275738585497
GENERAL ELECTRIC,METLIFE,1,0.0004476275738585497
GENERAL ELECTRIC,MICRON TECHNOLOGY,4,0.0017905102954341987
GENERAL ELECTRIC,MICROSOFT,3,0.0013428827215756492
GENERAL ELECTRIC,MOLINA HEALTHCARE,1,0.0004476275738585497
GENERAL ELECTRIC,MOTOROLA SOLUTIONS,1,0.0004476275738585497
GENERAL ELECTRIC,MUTUAL OF OMAHA INSURANCE,1,0.0004476275738585497
GENERAL ELECTRIC,NATIONWIDE,2,0.0008952551477170994
GENERAL ELECTRIC,NAVIENT,1,0.0004476275738585497
GENERAL ELECTRIC,NAVISTAR INTERNATIONAL,2,0.0008952551477170994
GENERAL ELECTRIC,NEXTERA ENERGY,1,0.0004476275738585497
GENERAL ELECTRIC,NORFOLK SOUTHERN,2,0.0008952551477170994
GENERAL ELECTRIC,NORTHERN TRUST,1,0.0004476275738585497
GENERAL ELECTRIC,NORTHROP GRUMMAN,6,0.0026857654431512983
GENERAL ELECTRIC,ORACLE,5,0.0022381378692927483
GENERAL ELECTRIC,OSHKOSH,2,0.0008952551477170994
GENERAL ELECTRIC,OWENS & MINOR,1,0.0004476275738585497
GENERAL ELECTRIC,OWENS CORNING,1,0.0004476275738585497
GENERAL ELECTRIC,OWENS-ILLINOIS,1,0.0004476275738585497
GENERAL ELECTRIC,PEABODY ENERGY,1,0.0004476275738585497
GENERAL ELECTRIC,PG&E,7,0.003133393017009848
GENERAL ELECTRIC,PHILLIPS 66,1,0.0004476275738585497
GENERAL ELECTRIC,POLARIS INC,2,0.0008952551477170994
GENERAL ELECTRIC,PPG INDUSTRIES,15,0.006714413607878245
GENERAL ELECTRIC,PPL,9,0.0040286481647269475
GENERAL ELECTRIC,PROCTER & GAMBLE,1,0.0004476275738585497
GENERAL ELECTRIC,PRUDENTIAL FINANCIAL,1,0.0004476275738585497
GENERAL ELECTRIC,PUBLIC SERVICE ENTERPRISE GROUP,4,0.0017905102954341987
GENERAL ELECTRIC,QUEST DIAGNOSTICS,1,0.0004476275738585497
GENERAL ELECTRIC,RAYTHEON,10,0.004476275738585497
GENERAL ELECTRIC,REGENERON PHARMACEUTICALS,1,0.0004476275738585497
GENERAL ELECTRIC,RITE AID,2,0.0008952551477170994
GENERAL ELECTRIC,S&P GLOBAL,1,0.0004476275738585497
GENERAL ELECTRIC,SOUTHERN,2,0.0008952551477170994
GENERAL ELECTRIC,SOUTHWEST AIRLINES,7,0.003133393017009848
GENERAL ELECTRIC,STANLEY BLACK & DECKER,1,0.0004476275738585497
GENERAL ELECTRIC,TESLA,1,0.0004476275738585497
GENERAL ELECTRIC,TEXAS INSTRUMENTS,3,0.0013428827215756492
GENERAL ELECTRIC,TEXTRON,4,0.0017905102954341987
GENERAL ELECTRIC,THERMO FISHER SCIENTIFIC,1,0.0004476275738585497
GENERAL ELECTRIC,UNION PACIFIC,17,0.007609668755595345
GENERAL ELECTRIC,UNITED AIRLINES HOLDINGS,6,0.0026857654431512983
GENERAL ELECTRIC,UNITED TECHNOLOGIES,8,0.0035810205908683975
GENERAL ELECTRIC,USAA,2,0.0008952551477170994
GENERAL ELECTRIC,VALERO ENERGY,1,0.0004476275738585497
GENERAL ELECTRIC,VERIZON,2,0.0008952551477170994
GENERAL ELECTRIC,W.R. BERKLEY,1,0.0004476275738585497
GENERAL ELECTRIC,WALGREENS BOOTS ALLIANCE,1,0.0004476275738585497
GENERAL ELECTRIC,WALMART,1,0.0004476275738585497
GENERAL ELECTRIC,WEC ENERGY GROUP,1,0.0004476275738585497
GENERAL ELECTRIC,WELLS FARGO,1,0.0004476275738585497
GENERAL ELECTRIC,WESCO INTERNATIONAL,1,0.0004476275738585497
GENERAL ELECTRIC,WESTERN UNION,1,0.0004476275738585497
GENERAL ELECTRIC,WESTROCK,2,0.0008952551477170994
GENERAL ELECTRIC,WEYERHAEUSER,1,0.0004476275738585497
GENERAL ELECTRIC,XCEL ENERGY,10,0.004476275738585497
GENERAL ELECTRIC,ZIMMER BIOMET HOLDINGS,1,0.0004476275738585497
GENERAL MILLS,GENERAL MOTORS,2,0.0008952551477170994
GENERAL MILLS,GILEAD SCIENCES,1,0.0004476275738585497
GENERAL MILLS,GUARDIAN LIFE INS. CO. OF AMERICA,2,0.0008952551477170994
GENERAL MILLS,HEWLETT PACKARD ENTERPRISE,2,0.0008952551477170994
GENERAL MILLS,IBM,3,0.0013428827215756492
GENERAL MILLS,JOHNSON & JOHNSON,1,0.0004476275738585497
GENERAL MILLS,JPMORGAN CHASE & CO.,1,0.0004476275738585497
GENERAL MILLS,KRAFT HEINZ,2,0.0008952551477170994
GENERAL MILLS,LEIDOS HOLDINGS,2,0.0008952551477170994
GENERAL MILLS,MCDONALD'S,1,0.0004476275738585497
GENERAL MILLS,MICRON TECHNOLOGY,2,0.0008952551477170994
GENERAL MILLS,PNC FINANCIAL SERVICES,1,0.0004476275738585497
GENERAL MILLS,PRINCIPAL FINANCIAL,1,0.0004476275738585497
GENERAL MILLS,SALESFORCE,2,0.0008952551477170994
GENERAL MILLS,STANLEY BLACK & DECKER,1,0.0004476275738585497
GENERAL MOTORS,GILEAD SCIENCES,1,0.0004476275738585497
GENERAL MOTORS,GUARDIAN LIFE INS. CO. OF AMERICA,3,0.0013428827215756492
GENERAL MOTORS,HCA HEALTHCARE,1,0.0004476275738585497
GENERAL MOTORS,HEWLETT PACKARD ENTERPRISE,2,0.0008952551477170994
GENERAL MOTORS,HOME DEPOT,1,0.0004476275738585497
GENERAL MOTORS,HONEYWELL INTERNATIONAL,1,0.0004476275738585497
GENERAL MOTORS,HP,1,0.0004476275738585497
GENERAL MOTORS,HUMANA,1,0.0004476275738585497
GENERAL MOTORS,HUNTSMAN,1,0.0004476275738585497
GENERAL MOTORS,IBM,5,0.0022381378692927483
GENERAL MOTORS,ILLINOIS TOOL WORKS,1,0.0004476275738585497
GENERAL MOTORS,INTEL,1,0.0004476275738585497
GENERAL MOTORS,INTERNATIONAL PAPER,2,0.0008952551477170994
GENERAL MOTORS,JACOBS ENGINEERING GROUP,1,0.0004476275738585497
GENERAL MOTORS,JETBLUE AIRWAYS,1,0.0004476275738585497
GENERAL MOTORS,JOHNSON & JOHNSON,2,0.0008952551477170994
GENERAL MOTORS,KELLOGG,1,0.0004476275738585497
GENERAL MOTORS,LABORATORY CORP. OF AMERICA,2,0.0008952551477170994
GENERAL MOTORS,LEIDOS HOLDINGS,1,0.0004476275738585497
GENERAL MOTORS,LIBERTY MEDIA,1,0.0004476275738585497
GENERAL MOTORS,LIBERTY MUTUAL INSURANCE GROUP,1,0.0004476275738585497
GENERAL MOTORS,LOCKHEED MARTIN,3,0.0013428827215756492
GENERAL MOTORS,MAGELLAN HEALTH,2,0.0008952551477170994
GENERAL MOTORS,MARATHON PETROLEUM,4,0.0017905102954341987
GENERAL MOTORS,MARSH & MCLENNAN,1,0.0004476275738585497
GENERAL MOTORS,MCKESSON,1,0.0004476275738585497
GENERAL MOTORS,MERCK,1,0.0004476275738585497
GENERAL MOTORS,MICRON TECHNOLOGY,2,0.0008952551477170994
GENERAL MOTORS,MICROSOFT,3,0.0013428827215756492
GENERAL MOTORS,MOTOROLA SOLUTIONS,1,0.0004476275738585497
GENERAL MOTORS,MUTUAL OF OMAHA INSURANCE,1,0.0004476275738585497
GENERAL MOTORS,NATIONWIDE,2,0.0008952551477170994
GENERAL MOTORS,NORTHROP GRUMMAN,1,0.0004476275738585497
GENERAL MOTORS,ORACLE,3,0.0013428827215756492
GENERAL MOTORS,PG&E,8,0.0035810205908683975
GENERAL MOTORS,PHILLIPS 66,6,0.0026857654431512983
GENERAL MOTORS,PNC FINANCIAL SERVICES,1,0.0004476275738585497
GENERAL MOTORS,PPG INDUSTRIES,1,0.0004476275738585497
GENERAL MOTORS,PPL,6,0.0026857654431512983
GENERAL MOTORS,PRINCIPAL FINANCIAL,2,0.0008952551477170994
GENERAL MOTORS,PUBLIC SERVICE ENTERPRISE GROUP,2,0.0008952551477170994
GENERAL MOTORS,QURATE RETAIL,1,0.0004476275738585497
GENERAL MOTORS,RAYTHEON,2,0.0008952551477170994
GENERAL MOTORS,REGENERON PHARMACEUTICALS,1,0.0004476275738585497
GENERAL MOTORS,RITE AID,1,0.0004476275738585497
GENERAL MOTORS,SALESFORCE,2,0.0008952551477170994
GENERAL MOTORS,SOUTHWEST AIRLINES,1,0.0004476275738585497
GENERAL MOTORS,STANLEY BLACK & DECKER,1,0.0004476275738585497
GENERAL MOTORS,STATE FARM INSURANCE,1,0.0004476275738585497
GENERAL MOTORS,TESLA,2,0.0008952551477170994
GENERAL MOTORS,TEXAS INSTRUMENTS,1,0.0004476275738585497
GENERAL MOTORS,TEXTRON,1,0.0004476275738585497
GENERAL MOTORS,UNION PACIFIC,2,0.0008952551477170994
GENERAL MOTORS,UNITED AIRLINES HOLDINGS,1,0.0004476275738585497
GENERAL MOTORS,UNITED TECHNOLOGIES,2,0.0008952551477170994
GENERAL MOTORS,USAA,1,0.0004476275738585497
GENERAL MOTORS,VERIZON,2,0.0008952551477170994
GENERAL MOTORS,VF,2,0.0008952551477170994
GENERAL MOTORS,WALGREENS BOOTS ALLIANCE,1,0.0004476275738585497
GENERAL MOTORS,WALMART,1,0.0004476275738585497
GENERAL MOTORS,WEC ENERGY GROUP,1,0.0004476275738585497
GENERAL MOTORS,WHIRLPOOL,1,0.0004476275738585497
GENERAL MOTORS,XCEL ENERGY,8,0.0035810205908683975
GENWORTH FINANCIAL,GOLDMAN SACHS GROUP,1,0.0004476275738585497
GENWORTH FINANCIAL,GUARDIAN LIFE INS. CO. OF AMERICA,1,0.0004476275738585497
GENWORTH FINANCIAL,HARTFORD FINANCIAL SERVICES,1,0.0004476275738585497
GENWORTH FINANCIAL,HEWLETT PACKARD ENTERPRISE,1,0.0004476275738585497
GENWORTH FINANCIAL,HONEYWELL INTERNATIONAL,1,0.0004476275738585497
GENWORTH FINANCIAL,HUNTSMAN,1,0.0004476275738585497
GENWORTH FINANCIAL,IBM,1,0.0004476275738585497
GENWORTH FINANCIAL,INTERNATIONAL PAPER,2,0.0008952551477170994
GENWORTH FINANCIAL,KROGER,1,0.0004476275738585497
GENWORTH FINANCIAL,MASSACHUSETTS MUTUAL LIFE INSURANCE,1,0.0004476275738585497
GENWORTH FINANCIAL,METLIFE,1,0.0004476275738585497
GENWORTH FINANCIAL,MICROSOFT,1,0.0004476275738585497
GENWORTH FINANCIAL,NATIONWIDE,1,0.0004476275738585497
GENWORTH FINANCIAL,NEXTERA ENERGY,1,0.0004476275738585497
GENWORTH FINANCIAL,NORTHWESTERN MUTUAL,1,0.0004476275738585497
GENWORTH FINANCIAL,ORACLE,1,0.0004476275738585497
GENWORTH FINANCIAL,OWENS-ILLINOIS,1,0.0004476275738585497
GENWORTH FINANCIAL,PHILLIPS 66,1,0.0004476275738585497
GENWORTH FINANCIAL,PPG INDUSTRIES,2,0.0008952551477170994
GENWORTH FINANCIAL,PRINCIPAL FINANCIAL,1,0.0004476275738585497
GENWORTH FINANCIAL,PRUDENTIAL FINANCIAL,1,0.0004476275738585497
GENWORTH FINANCIAL,RITE AID,1,0.0004476275738585497
GENWORTH FINANCIAL,S&P GLOBAL,1,0.0004476275738585497
GENWORTH FINANCIAL,TESLA,1,0.0004476275738585497
GENWORTH FINANCIAL,UNION PACIFIC,1,0.0004476275738585497
GENWORTH FINANCIAL,UNITED TECHNOLOGIES,1,0.0004476275738585497
GENWORTH FINANCIAL,W.R. BERKLEY,1,0.0004476275738585497
GENWORTH FINANCIAL,WESCO INTERNATIONAL,1,0.0004476275738585497
GENWORTH FINANCIAL,WESTERN UNION,1,0.0004476275738585497
GENWORTH FINANCIAL,XCEL ENERGY,1,0.0004476275738585497
GILEAD SCIENCES,GRAPHIC PACKAGING HOLDING,1,0.0004476275738585497
GILEAD SCIENCES,GUARDIAN LIFE INS. CO. OF AMERICA,2,0.0008952551477170994
GILEAD SCIENCES,HARTFORD FINANCIAL SERVICES,2,0.0008952551477170994
GILEAD SCIENCES,HCA HEALTHCARE,2,0.0008952551477170994
GILEAD SCIENCES,HERSHEY,1,0.0004476275738585497
GILEAD SCIENCES,HEWLETT PACKARD ENTERPRISE,1,0.0004476275738585497
GILEAD SCIENCES,HILTON WORLDWIDE HOLDINGS,1,0.0004476275738585497
GILEAD SCIENCES,HOLLYFRONTIER,2,0.0008952551477170994
GILEAD SCIENCES,HUMANA,5,0.0022381378692927483
GILEAD SCIENCES,HUNTSMAN,1,0.0004476275738585497
GILEAD SCIENCES,IBM,7,0.003133393017009848
GILEAD SCIENCES,JACOBS ENGINEERING GROUP,1,0.0004476275738585497
GILEAD SCIENCES,JOHNSON & JOHNSON,5,0.0022381378692927483
GILEAD SCIENCES,JPMORGAN CHASE & CO.,1,0.0004476275738585497
GILEAD SCIENCES,KRAFT HEINZ,1,0.0004476275738585497
GILEAD SCIENCES,KROGER,1,0.0004476275738585497
GILEAD SCIENCES,LABORATORY CORP. OF AMERICA,1,0.0004476275738585497
GILEAD SCIENCES,LEIDOS HOLDINGS,4,0.0017905102954341987
GILEAD SCIENCES,LOCKHEED MARTIN,6,0.0026857654431512983
GILEAD SCIENCES,MAGELLAN HEALTH,4,0.0017905102954341987
GILEAD SCIENCES,MCKESSON,1,0.0004476275738585497
GILEAD SCIENCES,MERCK,4,0.0017905102954341987
GILEAD SCIENCES,MICRON TECHNOLOGY,1,0.0004476275738585497
GILEAD SCIENCES,MOLINA HEALTHCARE,2,0.0008952551477170994
GILEAD SCIENCES,MOTOROLA SOLUTIONS,1,0.0004476275738585497
GILEAD SCIENCES,MUTUAL OF OMAHA INSURANCE,4,0.0017905102954341987
GILEAD SCIENCES,NAVISTAR INTERNATIONAL,2,0.0008952551477170994
GILEAD SCIENCES,NORTHROP GRUMMAN,2,0.0008952551477170994
GILEAD SCIENCES,ORACLE,1,0.0004476275738585497
GILEAD SCIENCES,PG&E,4,0.0017905102954341987
GILEAD SCIENCES,PPG INDUSTRIES,5,0.0022381378692927483
GILEAD SCIENCES,PPL,4,0.0017905102954341987
GILEAD SCIENCES,PROCTER & GAMBLE,1,0.0004476275738585497
GILEAD SCIENCES,PUBLIC SERVICE ENTERPRISE GROUP,2,0.0008952551477170994
GILEAD SCIENCES,RAYTHEON,3,0.0013428827215756492
GILEAD SCIENCES,REGENERON PHARMACEUTICALS,2,0.0008952551477170994
GILEAD SCIENCES,RITE AID,2,0.0008952551477170994
GILEAD SCIENCES,SOUTHWEST AIRLINES,1,0.0004476275738585497
GILEAD SCIENCES,TEXTRON,3,0.0013428827215756492
GILEAD SCIENCES,THERMO FISHER SCIENTIFIC,2,0.0008952551477170994
GILEAD SCIENCES,UNION PACIFIC,4,0.0017905102954341987
GILEAD SCIENCES,UNITED TECHNOLOGIES,1,0.0004476275738585497
GILEAD SCIENCES,USAA,1,0.0004476275738585497
GILEAD SCIENCES,WALGREENS BOOTS ALLIANCE,2,0.0008952551477170994
GILEAD SCIENCES,WALMART,1,0.0004476275738585497
GILEAD SCIENCES,WELLS FARGO,1,0.0004476275738585497
GILEAD SCIENCES,WESTROCK,1,0.0004476275738585497
GILEAD SCIENCES,XCEL ENERGY,4,0.0017905102954341987
GOLDMAN SACHS GROUP,GUARDIAN LIFE INS. CO. OF AMERICA,2,0.0008952551477170994
GOLDMAN SACHS GROUP,HARTFORD FINANCIAL SERVICES,2,0.0008952551477170994
GOLDMAN SACHS GROUP,HONEYWELL INTERNATIONAL,1,0.0004476275738585497
GOLDMAN SACHS GROUP,HUNTSMAN,1,0.0004476275738585497
GOLDMAN SACHS GROUP,IBM,1,0.0004476275738585497
GOLDMAN SACHS GROUP,INTERNATIONAL PAPER,1,0.0004476275738585497
GOLDMAN SACHS GROUP,KEYCORP,1,0.0004476275738585497
GOLDMAN SACHS GROUP,MASSACHUSETTS MUTUAL LIFE INSURANCE,1,0.0004476275738585497
GOLDMAN SACHS GROUP,METLIFE,1,0.0004476275738585497
GOLDMAN SACHS GROUP,MICROSOFT,1,0.0004476275738585497
GOLDMAN SACHS GROUP,NATIONWIDE,1,0.0004476275738585497
GOLDMAN SACHS GROUP,NEXTERA ENERGY,1,0.0004476275738585497
GOLDMAN SACHS GROUP,NORTHERN TRUST,1,0.0004476275738585497
GOLDMAN SACHS GROUP,NORTHWESTERN MUTUAL,1,0.0004476275738585497
GOLDMAN SACHS GROUP,ORACLE,1,0.0004476275738585497
GOLDMAN SACHS GROUP,OWENS-ILLINOIS,1,0.0004476275738585497
GOLDMAN SACHS GROUP,PNC FINANCIAL SERVICES,1,0.0004476275738585497
GOLDMAN SACHS GROUP,PPG INDUSTRIES,1,0.0004476275738585497
GOLDMAN SACHS GROUP,PRUDENTIAL FINANCIAL,1,0.0004476275738585497
GOLDMAN SACHS GROUP,REGIONS FINANCIAL,1,0.0004476275738585497
GOLDMAN SACHS GROUP,RITE AID,1,0.0004476275738585497
GOLDMAN SACHS GROUP,S&P GLOBAL,1,0.0004476275738585497
GOLDMAN SACHS GROUP,STATE FARM INSURANCE,1,0.0004476275738585497
GOLDMAN SACHS GROUP,STATE STREET CORP.,1,0.0004476275738585497
GOLDMAN SACHS GROUP,SYNCHRONY FINANCIAL,1,0.0004476275738585497
GOLDMAN SACHS GROUP,U.S. BANCORP,1,0.0004476275738585497
GOLDMAN SACHS GROUP,VISA,1,0.0004476275738585497
GOLDMAN SACHS GROUP,W.R. BERKLEY,1,0.0004476275738585497
GOLDMAN SACHS GROUP,WESCO INTERNATIONAL,1,0.0004476275738585497
GOLDMAN SACHS GROUP,WESTERN UNION,1,0.0004476275738585497
GOODYEAR TIRE & RUBBER,HOLLYFRONTIER,1,0.0004476275738585497
GOODYEAR TIRE & RUBBER,HONEYWELL INTERNATIONAL,1,0.0004476275738585497
GOODYEAR TIRE & RUBBER,HUNTSMAN,1,0.0004476275738585497
GOODYEAR TIRE & RUBBER,IBM,1,0.0004476275738585497
GOODYEAR TIRE & RUBBER,LOCKHEED MARTIN,1,0.0004476275738585497
GOODYEAR TIRE & RUBBER,MICRON TECHNOLOGY,1,0.0004476275738585497
GOODYEAR TIRE & RUBBER,MOTOROLA SOLUTIONS,1,0.0004476275738585497
GOODYEAR TIRE & RUBBER,NORTHROP GRUMMAN,1,0.0004476275738585497
GOODYEAR TIRE & RUBBER,OSHKOSH,1,0.0004476275738585497
GOODYEAR TIRE & RUBBER,PPG INDUSTRIES,1,0.0004476275738585497
GOODYEAR TIRE & RUBBER,PPL,1,0.0004476275738585497
GOODYEAR TIRE & RUBBER,PUBLIC SERVICE ENTERPRISE GROUP,1,0.0004476275738585497
GOODYEAR TIRE & RUBBER,RAYTHEON,1,0.0004476275738585497
GOODYEAR TIRE & RUBBER,SOUTHERN,1,0.0004476275738585497
GOODYEAR TIRE & RUBBER,UNION PACIFIC,1,0.0004476275738585497
GRAPHIC PACKAGING HOLDING,HEWLETT PACKARD ENTERPRISE,1,0.0004476275738585497
GRAPHIC PACKAGING HOLDING,HOLLYFRONTIER,2,0.0008952551477170994
GRAPHIC PACKAGING HOLDING,HONEYWELL INTERNATIONAL,1,0.0004476275738585497
GRAPHIC PACKAGING HOLDING,HUNTSMAN,1,0.0004476275738585497
GRAPHIC PACKAGING HOLDING,IBM,1,0.0004476275738585497
GRAPHIC PACKAGING HOLDING,ILLINOIS TOOL WORKS,1,0.0004476275738585497
GRAPHIC PACKAGING HOLDING,INTEL,1,0.0004476275738585497
GRAPHIC PACKAGING HOLDING,INTERNATIONAL PAPER,4,0.0017905102954341987
GRAPHIC PACKAGING HOLDING,KEURIG DR PEPPER,2,0.0008952551477170994
GRAPHIC PACKAGING HOLDING,LEIDOS HOLDINGS,2,0.0008952551477170994
GRAPHIC PACKAGING HOLDING,LOCKHEED MARTIN,2,0.0008952551477170994
GRAPHIC PACKAGING HOLDING,MICRON TECHNOLOGY,2,0.0008952551477170994
GRAPHIC PACKAGING HOLDING,NORTHROP GRUMMAN,2,0.0008952551477170994
GRAPHIC PACKAGING HOLDING,ORACLE,1,0.0004476275738585497
GRAPHIC PACKAGING HOLDING,OSHKOSH,1,0.0004476275738585497
GRAPHIC PACKAGING HOLDING,PG&E,1,0.0004476275738585497
GRAPHIC PACKAGING HOLDING,PPG INDUSTRIES,2,0.0008952551477170994
GRAPHIC PACKAGING HOLDING,PPL,1,0.0004476275738585497
GRAPHIC PACKAGING HOLDING,PUBLIC SERVICE ENTERPRISE GROUP,1,0.0004476275738585497
GRAPHIC PACKAGING HOLDING,TEXAS INSTRUMENTS,1,0.0004476275738585497
GRAPHIC PACKAGING HOLDING,THERMO FISHER SCIENTIFIC,1,0.0004476275738585497
GRAPHIC PACKAGING HOLDING,UNION PACIFIC,1,0.0004476275738585497
GRAPHIC PACKAGING HOLDING,UNITED TECHNOLOGIES,1,0.0004476275738585497
GRAPHIC PACKAGING HOLDING,WASTE MANAGEMENT,2,0.0008952551477170994
GRAPHIC PACKAGING HOLDING,WESTROCK,14,0.006266786034019696
GRAPHIC PACKAGING HOLDING,WHIRLPOOL,1,0.0004476275738585497
GRAPHIC PACKAGING HOLDING,XCEL ENERGY,2,0.0008952551477170994
GUARDIAN LIFE INS. CO. OF AMERICA,HARTFORD FINANCIAL SERVICES,7,0.003133393017009848
GUARDIAN LIFE INS. CO. OF AMERICA,HCA HEALTHCARE,2,0.0008952551477170994
GUARDIAN LIFE INS. CO. OF AMERICA,HEWLETT PACKARD ENTERPRISE,2,0.0008952551477170994
GUARDIAN LIFE INS. CO. OF AMERICA,HILTON WORLDWIDE HOLDINGS,1,0.0004476275738585497
GUARDIAN LIFE INS. CO. OF AMERICA,HOME DEPOT,2,0.0008952551477170994
GUARDIAN LIFE INS. CO. OF AMERICA,HONEYWELL INTERNATIONAL,1,0.0004476275738585497
GUARDIAN LIFE INS. CO. OF AMERICA,HUMANA,4,0.0017905102954341987
GUARDIAN LIFE INS. CO. OF AMERICA,HUNTSMAN,1,0.0004476275738585497
GUARDIAN LIFE INS. CO. OF AMERICA,IBM,6,0.0026857654431512983
GUARDIAN LIFE INS. CO. OF AMERICA,INTERNATIONAL PAPER,1,0.0004476275738585497
GUARDIAN LIFE INS. CO. OF AMERICA,INTUIT,1,0.0004476275738585497
GUARDIAN LIFE INS. CO. OF AMERICA,JOHNSON & JOHNSON,2,0.0008952551477170994
GUARDIAN LIFE INS. CO. OF AMERICA,JONES FINANCIAL (EDWARD JONES),5,0.0022381378692927483
GUARDIAN LIFE INS. CO. OF AMERICA,JPMORGAN CHASE & CO.,2,0.0008952551477170994
GUARDIAN LIFE INS. CO. OF AMERICA,KEYCORP,1,0.0004476275738585497
GUARDIAN LIFE INS. CO. OF AMERICA,KRAFT HEINZ,1,0.0004476275738585497
GUARDIAN LIFE INS. CO. OF AMERICA,KROGER,1,0.0004476275738585497
GUARDIAN LIFE INS. CO. OF AMERICA,LABORATORY CORP. OF AMERICA,1,0.0004476275738585497
GUARDIAN LIFE INS. CO. OF AMERICA,LINCOLN NATIONAL,4,0.0017905102954341987
GUARDIAN LIFE INS. CO. OF AMERICA,LIVE NATION ENTERTAINMENT,1,0.0004476275738585497
GUARDIAN LIFE INS. CO. OF AMERICA,LOCKHEED MARTIN,1,0.0004476275738585497
GUARDIAN LIFE INS. CO. OF AMERICA,LOWE'S,1,0.0004476275738585497
GUARDIAN LIFE INS. CO. OF AMERICA,LUMEN TECHNOLOGIES,1,0.0004476275738585497
GUARDIAN LIFE INS. CO. OF AMERICA,MAGELLAN HEALTH,2,0.0008952551477170994
GUARDIAN LIFE INS. CO. OF AMERICA,MASSACHUSETTS MUTUAL LIFE INSURANCE,2,0.0008952551477170994
GUARDIAN LIFE INS. CO. OF AMERICA,MCKESSON,1,0.0004476275738585497
GUARDIAN LIFE INS. CO. OF AMERICA,MERCK,2,0.0008952551477170994
GUARDIAN LIFE INS. CO. OF AMERICA,METLIFE,2,0.0008952551477170994
GUARDIAN LIFE INS. CO. OF AMERICA,MICRON TECHNOLOGY,2,0.0008952551477170994
GUARDIAN LIFE INS. CO. OF AMERICA,MICROSOFT,1,0.0004476275738585497
GUARDIAN LIFE INS. CO. OF AMERICA,MOLINA HEALTHCARE,3,0.0013428827215756492
GUARDIAN LIFE INS. CO. OF AMERICA,MORGAN STANLEY,2,0.0008952551477170994
GUARDIAN LIFE INS. CO. OF AMERICA,MUTUAL OF OMAHA INSURANCE,10,0.004476275738585497
GUARDIAN LIFE INS. CO. OF AMERICA,NATIONWIDE,7,0.003133393017009848
GUARDIAN LIFE INS. CO. OF AMERICA,NAVIENT,2,0.0008952551477170994
GUARDIAN LIFE INS. CO. OF AMERICA,NAVISTAR INTERNATIONAL,1,0.0004476275738585497
GUARDIAN LIFE INS. CO. OF AMERICA,NEW YORK LIFE INSURANCE,4,0.0017905102954341987
GUARDIAN LIFE INS. CO. OF AMERICA,NEXTERA ENERGY,2,0.0008952551477170994
GUARDIAN LIFE INS. CO. OF AMERICA,NORTHERN TRUST,4,0.0017905102954341987
GUARDIAN LIFE INS. CO. OF AMERICA,NORTHWESTERN MUTUAL,7,0.003133393017009848
GUARDIAN LIFE INS. CO. OF AMERICA,ORACLE,1,0.0004476275738585497
GUARDIAN LIFE INS. CO. OF AMERICA,OWENS-ILLINOIS,1,0.0004476275738585497
GUARDIAN LIFE INS. CO. OF AMERICA,PNC FINANCIAL SERVICES,2,0.0008952551477170994
GUARDIAN LIFE INS. CO. OF AMERICA,PPG INDUSTRIES,1,0.0004476275738585497
GUARDIAN LIFE INS. CO. OF AMERICA,PPL,1,0.0004476275738585497
GUARDIAN LIFE INS. CO. OF AMERICA,PRINCIPAL FINANCIAL,7,0.003133393017009848
GUARDIAN LIFE INS. CO. OF AMERICA,PRUDENTIAL FINANCIAL,5,0.0022381378692927483
GUARDIAN LIFE INS. CO. OF AMERICA,PUBLIX SUPER MARKETS,1,0.0004476275738585497
GUARDIAN LIFE INS. CO. OF AMERICA,QUEST DIAGNOSTICS,1,0.0004476275738585497
GUARDIAN LIFE INS. CO. OF AMERICA,RAYTHEON,4,0.0017905102954341987
GUARDIAN LIFE INS. CO. OF AMERICA,REGENERON PHARMACEUTICALS,1,0.0004476275738585497
GUARDIAN LIFE INS. CO. OF AMERICA,REGIONS FINANCIAL,1,0.0004476275738585497
GUARDIAN LIFE INS. CO. OF AMERICA,RITE AID,2,0.0008952551477170994
GUARDIAN LIFE INS. CO. OF AMERICA,S&P GLOBAL,1,0.0004476275738585497
GUARDIAN LIFE INS. CO. OF AMERICA,SALESFORCE,2,0.0008952551477170994
GUARDIAN LIFE INS. CO. OF AMERICA,SOUTHWEST AIRLINES,1,0.0004476275738585497
GUARDIAN LIFE INS. CO. OF AMERICA,STANLEY BLACK & DECKER,1,0.0004476275738585497
GUARDIAN LIFE INS. CO. OF AMERICA,STATE FARM INSURANCE,3,0.0013428827215756492
GUARDIAN LIFE INS. CO. OF AMERICA,STATE STREET CORP.,1,0.0004476275738585497
GUARDIAN LIFE INS. CO. OF AMERICA,SYNCHRONY FINANCIAL,1,0.0004476275738585497
GUARDIAN LIFE INS. CO. OF AMERICA,TIAA,6,0.0026857654431512983
GUARDIAN LIFE INS. CO. OF AMERICA,U.S. BANCORP,1,0.0004476275738585497
GUARDIAN LIFE INS. CO. OF AMERICA,UNITED TECHNOLOGIES,1,0.0004476275738585497
GUARDIAN LIFE INS. CO. OF AMERICA,USAA,1,0.0004476275738585497
GUARDIAN LIFE INS. CO. OF AMERICA,VISA,1,0.0004476275738585497
GUARDIAN LIFE INS. CO. OF AMERICA,W.R. BERKLEY,2,0.0008952551477170994
GUARDIAN LIFE INS. CO. OF AMERICA,WALGREENS BOOTS ALLIANCE,2,0.0008952551477170994
GUARDIAN LIFE INS. CO. OF AMERICA,WALMART,1,0.0004476275738585497
GUARDIAN LIFE INS. CO. OF AMERICA,WESCO INTERNATIONAL,1,0.0004476275738585497
GUARDIAN LIFE INS. CO. OF AMERICA,WESTERN UNION,1,0.0004476275738585497
GUARDIAN LIFE INS. CO. OF AMERICA,XCEL ENERGY,1,0.0004476275738585497
GUARDIAN LIFE INS. CO. OF AMERICA,XEROX,1,0.0004476275738585497
GUARDIAN LIFE INS. CO. OF AMERICA,YUM BRANDS,1,0.0004476275738585497
HARLEY-DAVIDSON,INTUIT,1,0.0004476275738585497
HARTFORD FINANCIAL SERVICES,HCA HEALTHCARE,2,0.0008952551477170994
HARTFORD FINANCIAL SERVICES,HERSHEY,1,0.0004476275738585497
HARTFORD FINANCIAL SERVICES,HEWLETT PACKARD ENTERPRISE,2,0.0008952551477170994
HARTFORD FINANCIAL SERVICES,HILTON WORLDWIDE HOLDINGS,3,0.0013428827215756492
HARTFORD FINANCIAL SERVICES,HOME DEPOT,1,0.0004476275738585497
HARTFORD FINANCIAL SERVICES,HONEYWELL INTERNATIONAL,1,0.0004476275738585497
HARTFORD FINANCIAL SERVICES,HUMANA,1,0.0004476275738585497
HARTFORD FINANCIAL SERVICES,HUNTSMAN,1,0.0004476275738585497
HARTFORD FINANCIAL SERVICES,IBM,5,0.0022381378692927483
HARTFORD FINANCIAL SERVICES,IHEARTMEDIA,1,0.0004476275738585497
HARTFORD FINANCIAL SERVICES,INTERNATIONAL PAPER,1,0.0004476275738585497
HARTFORD FINANCIAL SERVICES,INTUIT,1,0.0004476275738585497
HARTFORD FINANCIAL SERVICES,JACOBS ENGINEERING GROUP,1,0.0004476275738585497
HARTFORD FINANCIAL SERVICES,JOHNSON & JOHNSON,1,0.0004476275738585497
HARTFORD FINANCIAL SERVICES,JONES FINANCIAL (EDWARD JONES),1,0.0004476275738585497
HARTFORD FINANCIAL SERVICES,JPMORGAN CHASE & CO.,5,0.0022381378692927483
HARTFORD FINANCIAL SERVICES,KEYCORP,2,0.0008952551477170994
HARTFORD FINANCIAL SERVICES,KROGER,1,0.0004476275738585497
HARTFORD FINANCIAL SERVICES,LAS VEGAS SANDS,1,0.0004476275738585497
HARTFORD FINANCIAL SERVICES,LEIDOS HOLDINGS,1,0.0004476275738585497
HARTFORD FINANCIAL SERVICES,LIBERTY MUTUAL INSURANCE GROUP,7,0.003133393017009848
HARTFORD FINANCIAL SERVICES,LINCOLN NATIONAL,4,0.0017905102954341987
HARTFORD FINANCIAL SERVICES,LOCKHEED MARTIN,5,0.0022381378692927483
HARTFORD FINANCIAL SERVICES,LOEWS,1,0.0004476275738585497
HARTFORD FINANCIAL SERVICES,MAGELLAN HEALTH,1,0.0004476275738585497
HARTFORD FINANCIAL SERVICES,MARRIOTT INTERNATIONAL,3,0.0013428827215756492
HARTFORD FINANCIAL SERVICES,MARSH & MCLENNAN,2,0.0008952551477170994
HARTFORD FINANCIAL SERVICES,MASSACHUSETTS MUTUAL LIFE INSURANCE,1,0.0004476275738585497
HARTFORD FINANCIAL SERVICES,MCKESSON,1,0.0004476275738585497
HARTFORD FINANCIAL SERVICES,METLIFE,1,0.0004476275738585497
HARTFORD FINANCIAL SERVICES,MICROSOFT,2,0.0008952551477170994
HARTFORD FINANCIAL SERVICES,MOLINA HEALTHCARE,1,0.0004476275738585497
HARTFORD FINANCIAL SERVICES,MORGAN STANLEY,2,0.0008952551477170994
HARTFORD FINANCIAL SERVICES,MUTUAL OF OMAHA INSURANCE,3,0.0013428827215756492
HARTFORD FINANCIAL SERVICES,NATIONWIDE,15,0.006714413607878245
HARTFORD FINANCIAL SERVICES,NAVIENT,2,0.0008952551477170994
HARTFORD FINANCIAL SERVICES,NAVISTAR INTERNATIONAL,1,0.0004476275738585497
HARTFORD FINANCIAL SERVICES,NEW YORK LIFE INSURANCE,2,0.0008952551477170994
HARTFORD FINANCIAL SERVICES,NEXTERA ENERGY,1,0.0004476275738585497
HARTFORD FINANCIAL SERVICES,NORTHERN TRUST,3,0.0013428827215756492
HARTFORD FINANCIAL SERVICES,NORTHWESTERN MUTUAL,7,0.003133393017009848
HARTFORD FINANCIAL SERVICES,ORACLE,1,0.0004476275738585497
HARTFORD FINANCIAL SERVICES,OWENS CORNING,1,0.0004476275738585497
HARTFORD FINANCIAL SERVICES,OWENS-ILLINOIS,1,0.0004476275738585497
HARTFORD FINANCIAL SERVICES,PG&E,2,0.0008952551477170994
HARTFORD FINANCIAL SERVICES,PNC FINANCIAL SERVICES,4,0.0017905102954341987
HARTFORD FINANCIAL SERVICES,PPG INDUSTRIES,3,0.0013428827215756492
HARTFORD FINANCIAL SERVICES,PPL,2,0.0008952551477170994
HARTFORD FINANCIAL SERVICES,PRINCIPAL FINANCIAL,8,0.0035810205908683975
HARTFORD FINANCIAL SERVICES,PROCTER & GAMBLE,1,0.0004476275738585497
HARTFORD FINANCIAL SERVICES,PRUDENTIAL FINANCIAL,6,0.0026857654431512983
HARTFORD FINANCIAL SERVICES,PUBLIC SERVICE ENTERPRISE GROUP,1,0.0004476275738585497
HARTFORD FINANCIAL SERVICES,PUBLIX SUPER MARKETS,2,0.0008952551477170994
HARTFORD FINANCIAL SERVICES,RAYTHEON,1,0.0004476275738585497
HARTFORD FINANCIAL SERVICES,REGIONS FINANCIAL,1,0.0004476275738585497
HARTFORD FINANCIAL SERVICES,RITE AID,1,0.0004476275738585497
HARTFORD FINANCIAL SERVICES,S&P GLOBAL,1,0.0004476275738585497
HARTFORD FINANCIAL SERVICES,SEMPRA ENERGY,1,0.0004476275738585497
HARTFORD FINANCIAL SERVICES,SOUTHWEST AIRLINES,1,0.0004476275738585497
HARTFORD FINANCIAL SERVICES,STATE FARM INSURANCE,10,0.004476275738585497
HARTFORD FINANCIAL SERVICES,STATE STREET CORP.,1,0.0004476275738585497
HARTFORD FINANCIAL SERVICES,SYNCHRONY FINANCIAL,3,0.0013428827215756492
HARTFORD FINANCIAL SERVICES,TESLA,2,0.0008952551477170994
HARTFORD FINANCIAL SERVICES,TEXTRON,1,0.0004476275738585497
HARTFORD FINANCIAL SERVICES,TIAA,4,0.0017905102954341987
HARTFORD FINANCIAL SERVICES,TRAVELERS,1,0.0004476275738585497
HARTFORD FINANCIAL SERVICES,U.S. BANCORP,2,0.0008952551477170994
HARTFORD FINANCIAL SERVICES,UNION PACIFIC,3,0.0013428827215756492
HARTFORD FINANCIAL SERVICES,UNITED PARCEL SERVICE,2,0.0008952551477170994
HARTFORD FINANCIAL SERVICES,UNITED TECHNOLOGIES,1,0.0004476275738585497
HARTFORD FINANCIAL SERVICES,USAA,3,0.0013428827215756492
HARTFORD FINANCIAL SERVICES,VERIZON,2,0.0008952551477170994
HARTFORD FINANCIAL SERVICES,VISA,1,0.0004476275738585497
HARTFORD FINANCIAL SERVICES,W.R. BERKLEY,2,0.0008952551477170994
HARTFORD FINANCIAL SERVICES,WELLS FARGO,1,0.0004476275738585497
HARTFORD FINANCIAL SERVICES,WESCO INTERNATIONAL,1,0.0004476275738585497
HARTFORD FINANCIAL SERVICES,WESTERN UNION,1,0.0004476275738585497
HARTFORD FINANCIAL SERVICES,XCEL ENERGY,2,0.0008952551477170994
HARTFORD FINANCIAL SERVICES,XEROX,1,0.0004476275738585497
HCA HEALTHCARE,HERSHEY,1,0.0004476275738585497
HCA HEALTHCARE,HILTON WORLDWIDE HOLDINGS,1,0.0004476275738585497
HCA HEALTHCARE,HOME DEPOT,1,0.0004476275738585497
HCA HEALTHCARE,HONEYWELL INTERNATIONAL,1,0.0004476275738585497
HCA HEALTHCARE,HUMANA,3,0.0013428827215756492
HCA HEALTHCARE,IBM,1,0.0004476275738585497
HCA HEALTHCARE,IHEARTMEDIA,1,0.0004476275738585497
HCA HEALTHCARE,JOHNSON & JOHNSON,1,0.0004476275738585497
HCA HEALTHCARE,JPMORGAN CHASE & CO.,1,0.0004476275738585497
HCA HEALTHCARE,LABORATORY CORP. OF AMERICA,4,0.0017905102954341987
HCA HEALTHCARE,LEIDOS HOLDINGS,1,0.0004476275738585497
HCA HEALTHCARE,LIBERTY MEDIA,2,0.0008952551477170994
HCA HEALTHCARE,LOCKHEED MARTIN,2,0.0008952551477170994
HCA HEALTHCARE,LUMEN TECHNOLOGIES,1,0.0004476275738585497
HCA HEALTHCARE,MAGELLAN HEALTH,1,0.0004476275738585497
HCA HEALTHCARE,MARRIOTT INTERNATIONAL,1,0.0004476275738585497
HCA HEALTHCARE,MERCK,2,0.0008952551477170994
HCA HEALTHCARE,MICROSOFT,1,0.0004476275738585497
HCA HEALTHCARE,MOLINA HEALTHCARE,3,0.0013428827215756492
HCA HEALTHCARE,MUTUAL OF OMAHA INSURANCE,7,0.003133393017009848
HCA HEALTHCARE,NATIONWIDE,2,0.0008952551477170994
HCA HEALTHCARE,NAVIENT,1,0.0004476275738585497
HCA HEALTHCARE,NAVISTAR INTERNATIONAL,4,0.0017905102954341987
HCA HEALTHCARE,NORTHERN TRUST,1,0.0004476275738585497
HCA HEALTHCARE,ORACLE,1,0.0004476275738585497
HCA HEALTHCARE,PG&E,1,0.0004476275738585497
HCA HEALTHCARE,PPG INDUSTRIES,1,0.0004476275738585497
HCA HEALTHCARE,PPL,1,0.0004476275738585497
HCA HEALTHCARE,PROCTER & GAMBLE,1,0.0004476275738585497
HCA HEALTHCARE,QURATE RETAIL,1,0.0004476275738585497
HCA HEALTHCARE,RAYTHEON,1,0.0004476275738585497
HCA HEALTHCARE,UNION PACIFIC,1,0.0004476275738585497
HCA HEALTHCARE,VERIZON,2,0.0008952551477170994
HCA HEALTHCARE,WALMART,2,0.0008952551477170994
HCA HEALTHCARE,XCEL ENERGY,2,0.0008952551477170994
HERSHEY,HILTON WORLDWIDE HOLDINGS,1,0.0004476275738585497
HERSHEY,HUMANA,1,0.0004476275738585497
HERSHEY,JOHNSON & JOHNSON,1,0.0004476275738585497
HERSHEY,LEIDOS HOLDINGS,1,0.0004476275738585497
HERSHEY,LOCKHEED MARTIN,1,0.0004476275738585497
HERSHEY,MOLINA HEALTHCARE,1,0.0004476275738585497
HERSHEY,NAVISTAR INTERNATIONAL,1,0.0004476275738585497
HERSHEY,PG&E,1,0.0004476275738585497
HERSHEY,PPG INDUSTRIES,1,0.0004476275738585497
HERSHEY,PPL,1,0.0004476275738585497
HERSHEY,PROCTER & GAMBLE,1,0.0004476275738585497
HERSHEY,UNION PACIFIC,1,0.0004476275738585497
HERSHEY,XCEL ENERGY,1,0.0004476275738585497
HEWLETT PACKARD ENTERPRISE,HOLLYFRONTIER,2,0.0008952551477170994
HEWLETT PACKARD ENTERPRISE,HOME DEPOT,1,0.0004476275738585497
HEWLETT PACKARD ENTERPRISE,HONEYWELL INTERNATIONAL,2,0.0008952551477170994
HEWLETT PACKARD ENTERPRISE,HP,4,0.0017905102954341987
HEWLETT PACKARD ENTERPRISE,IBM,12,0.005371530886302597
HEWLETT PACKARD ENTERPRISE,INTEL,2,0.0008952551477170994
HEWLETT PACKARD ENTERPRISE,INTERNATIONAL PAPER,1,0.0004476275738585497
HEWLETT PACKARD ENTERPRISE,INTUIT,2,0.0008952551477170994
HEWLETT PACKARD ENTERPRISE,JACOBS ENGINEERING GROUP,1,0.0004476275738585497
HEWLETT PACKARD ENTERPRISE,JOHNSON & JOHNSON,1,0.0004476275738585497
HEWLETT PACKARD ENTERPRISE,KROGER,1,0.0004476275738585497
HEWLETT PACKARD ENTERPRISE,LABORATORY CORP. OF AMERICA,1,0.0004476275738585497
HEWLETT PACKARD ENTERPRISE,LAS VEGAS SANDS,1,0.0004476275738585497
HEWLETT PACKARD ENTERPRISE,LEIDOS HOLDINGS,3,0.0013428827215756492
HEWLETT PACKARD ENTERPRISE,LOCKHEED MARTIN,4,0.0017905102954341987
HEWLETT PACKARD ENTERPRISE,MCKESSON,1,0.0004476275738585497
HEWLETT PACKARD ENTERPRISE,MICRON TECHNOLOGY,5,0.0022381378692927483
HEWLETT PACKARD ENTERPRISE,MICROSOFT,3,0.0013428827215756492
HEWLETT PACKARD ENTERPRISE,MOTOROLA SOLUTIONS,2,0.0008952551477170994
HEWLETT PACKARD ENTERPRISE,NORTHROP GRUMMAN,3,0.0013428827215756492
HEWLETT PACKARD ENTERPRISE,NORTHWESTERN MUTUAL,1,0.0004476275738585497
HEWLETT PACKARD ENTERPRISE,ORACLE,4,0.0017905102954341987
HEWLETT PACKARD ENTERPRISE,OSHKOSH,1,0.0004476275738585497
HEWLETT PACKARD ENTERPRISE,OWENS CORNING,1,0.0004476275738585497
HEWLETT PACKARD ENTERPRISE,PG&E,1,0.0004476275738585497
HEWLETT PACKARD ENTERPRISE,PHILLIPS 66,1,0.0004476275738585497
HEWLETT PACKARD ENTERPRISE,PNC FINANCIAL SERVICES,1,0.0004476275738585497
HEWLETT PACKARD ENTERPRISE,POLARIS INC,1,0.0004476275738585497
HEWLETT PACKARD ENTERPRISE,PPG INDUSTRIES,4,0.0017905102954341987
HEWLETT PACKARD ENTERPRISE,PRINCIPAL FINANCIAL,6,0.0026857654431512983
HEWLETT PACKARD ENTERPRISE,PUBLIC SERVICE ENTERPRISE GROUP,2,0.0008952551477170994
HEWLETT PACKARD ENTERPRISE,RAYTHEON,2,0.0008952551477170994
HEWLETT PACKARD ENTERPRISE,SALESFORCE,4,0.0017905102954341987
HEWLETT PACKARD ENTERPRISE,SEMPRA ENERGY,1,0.0004476275738585497
HEWLETT PACKARD ENTERPRISE,STANLEY BLACK & DECKER,1,0.0004476275738585497
HEWLETT PACKARD ENTERPRISE,STATE FARM INSURANCE,1,0.0004476275738585497
HEWLETT PACKARD ENTERPRISE,SYNCHRONY FINANCIAL,1,0.0004476275738585497
HEWLETT PACKARD ENTERPRISE,TESLA,1,0.0004476275738585497
HEWLETT PACKARD ENTERPRISE,TEXAS INSTRUMENTS,2,0.0008952551477170994
HEWLETT PACKARD ENTERPRISE,TEXTRON,2,0.0008952551477170994
HEWLETT PACKARD ENTERPRISE,THERMO FISHER SCIENTIFIC,1,0.0004476275738585497
HEWLETT PACKARD ENTERPRISE,UNION PACIFIC,2,0.0008952551477170994
HEWLETT PACKARD ENTERPRISE,UNITED PARCEL SERVICE,1,0.0004476275738585497
HEWLETT PACKARD ENTERPRISE,UNITED TECHNOLOGIES,4,0.0017905102954341987
HEWLETT PACKARD ENTERPRISE,VERIZON,2,0.0008952551477170994
HEWLETT PACKARD ENTERPRISE,WESTROCK,1,0.0004476275738585497
HEWLETT PACKARD ENTERPRISE,WINDSTREAM HOLDINGS,1,0.0004476275738585497
HEWLETT PACKARD ENTERPRISE,XCEL ENERGY,2,0.0008952551477170994
HILTON WORLDWIDE HOLDINGS,HUMANA,3,0.0013428827215756492
HILTON WORLDWIDE HOLDINGS,IBM,1,0.0004476275738585497
HILTON WORLDWIDE HOLDINGS,JOHNSON & JOHNSON,1,0.0004476275738585497
HILTON WORLDWIDE HOLDINGS,JPMORGAN CHASE & CO.,1,0.0004476275738585497
HILTON WORLDWIDE HOLDINGS,LABORATORY CORP. OF AMERICA,1,0.0004476275738585497
HILTON WORLDWIDE HOLDINGS,LAS VEGAS SANDS,1,0.0004476275738585497
HILTON WORLDWIDE HOLDINGS,LEIDOS HOLDINGS,1,0.0004476275738585497
HILTON WORLDWIDE HOLDINGS,LOCKHEED MARTIN,1,0.0004476275738585497
HILTON WORLDWIDE HOLDINGS,LOEWS,10,0.004476275738585497
HILTON WORLDWIDE HOLDINGS,MARRIOTT INTERNATIONAL,10,0.004476275738585497
HILTON WORLDWIDE HOLDINGS,MGM RESORTS INTERNATIONAL,2,0.0008952551477170994
HILTON WORLDWIDE HOLDINGS,MOLINA HEALTHCARE,1,0.0004476275738585497
HILTON WORLDWIDE HOLDINGS,MUTUAL OF OMAHA INSURANCE,1,0.0004476275738585497
HILTON WORLDWIDE HOLDINGS,NATIONWIDE,6,0.0026857654431512983
HILTON WORLDWIDE HOLDINGS,NAVISTAR INTERNATIONAL,1,0.0004476275738585497
HILTON WORLDWIDE HOLDINGS,NORTHWESTERN MUTUAL,2,0.0008952551477170994
HILTON WORLDWIDE HOLDINGS,ONEOK,1,0.0004476275738585497
HILTON WORLDWIDE HOLDINGS,PG&E,1,0.0004476275738585497
HILTON WORLDWIDE HOLDINGS,PPG INDUSTRIES,2,0.0008952551477170994
HILTON WORLDWIDE HOLDINGS,PPL,1,0.0004476275738585497
HILTON WORLDWIDE HOLDINGS,PRINCIPAL FINANCIAL,1,0.0004476275738585497
HILTON WORLDWIDE HOLDINGS,PROCTER & GAMBLE,1,0.0004476275738585497
HILTON WORLDWIDE HOLDINGS,QUEST DIAGNOSTICS,1,0.0004476275738585497
HILTON WORLDWIDE HOLDINGS,SEMPRA ENERGY,1,0.0004476275738585497
HILTON WORLDWIDE HOLDINGS,TIAA,1,0.0004476275738585497
HILTON WORLDWIDE HOLDINGS,UNION PACIFIC,5,0.0022381378692927483
HILTON WORLDWIDE HOLDINGS,UNITED PARCEL SERVICE,1,0.0004476275738585497
HILTON WORLDWIDE HOLDINGS,XCEL ENERGY,1,0.0004476275738585497
HOLLYFRONTIER,HONEYWELL INTERNATIONAL,1,0.0004476275738585497
HOLLYFRONTIER,HUNTSMAN,2,0.0008952551477170994
HOLLYFRONTIER,IBM,4,0.0017905102954341987
HOLLYFRONTIER,INTEL,1,0.0004476275738585497
HOLLYFRONTIER,JACOBS ENGINEERING GROUP,1,0.0004476275738585497
HOLLYFRONTIER,LEIDOS HOLDINGS,4,0.0017905102954341987
HOLLYFRONTIER,LOCKHEED MARTIN,7,0.003133393017009848
HOLLYFRONTIER,MASCO,1,0.0004476275738585497
HOLLYFRONTIER,MICRON TECHNOLOGY,3,0.0013428827215756492
HOLLYFRONTIER,MICROSOFT,1,0.0004476275738585497
HOLLYFRONTIER,MOTOROLA SOLUTIONS,3,0.0013428827215756492
HOLLYFRONTIER,NORTHROP GRUMMAN,5,0.0022381378692927483
HOLLYFRONTIER,ORACLE,1,0.0004476275738585497
HOLLYFRONTIER,OSHKOSH,2,0.0008952551477170994
HOLLYFRONTIER,PEABODY ENERGY,1,0.0004476275738585497
HOLLYFRONTIER,PG&E,5,0.0022381378692927483
HOLLYFRONTIER,PHILLIPS 66,1,0.0004476275738585497
HOLLYFRONTIER,PPG INDUSTRIES,4,0.0017905102954341987
HOLLYFRONTIER,PPL,3,0.0013428827215756492
HOLLYFRONTIER,PUBLIC SERVICE ENTERPRISE GROUP,3,0.0013428827215756492
HOLLYFRONTIER,RAYTHEON,3,0.0013428827215756492
HOLLYFRONTIER,SOUTHERN,1,0.0004476275738585497
HOLLYFRONTIER,TEXTRON,1,0.0004476275738585497
HOLLYFRONTIER,THERMO FISHER SCIENTIFIC,2,0.0008952551477170994
HOLLYFRONTIER,UNION PACIFIC,4,0.0017905102954341987
HOLLYFRONTIER,UNITED AIRLINES HOLDINGS,1,0.0004476275738585497
HOLLYFRONTIER,UNITED TECHNOLOGIES,2,0.0008952551477170994
HOLLYFRONTIER,WEC ENERGY GROUP,1,0.0004476275738585497
HOLLYFRONTIER,WESTROCK,2,0.0008952551477170994
HOLLYFRONTIER,WEYERHAEUSER,2,0.0008952551477170994
HOLLYFRONTIER,XCEL ENERGY,3,0.0013428827215756492
HOME DEPOT,HP,1,0.0004476275738585497
HOME DEPOT,IBM,4,0.0017905102954341987
HOME DEPOT,IHEARTMEDIA,2,0.0008952551477170994
HOME DEPOT,INTERNATIONAL PAPER,1,0.0004476275738585497
HOME DEPOT,INTUIT,1,0.0004476275738585497
HOME DEPOT,KROGER,2,0.0008952551477170994
HOME DEPOT,LEIDOS HOLDINGS,1,0.0004476275738585497
HOME DEPOT,LIBERTY MEDIA,3,0.0013428827215756492
HOME DEPOT,LIBERTY MUTUAL INSURANCE GROUP,1,0.0004476275738585497
HOME DEPOT,LINCOLN NATIONAL,1,0.0004476275738585497
HOME DEPOT,LOWE'S,5,0.0022381378692927483
HOME DEPOT,MCDONALD'S,2,0.0008952551477170994
HOME DEPOT,MICRON TECHNOLOGY,1,0.0004476275738585497
HOME DEPOT,MICROSOFT,3,0.0013428827215756492
HOME DEPOT,MUTUAL OF OMAHA INSURANCE,4,0.0017905102954341987
HOME DEPOT,NATIONWIDE,5,0.0022381378692927483
HOME DEPOT,NAVISTAR INTERNATIONAL,1,0.0004476275738585497
HOME DEPOT,NEW YORK LIFE INSURANCE,1,0.0004476275738585497
HOME DEPOT,NEXTERA ENERGY,1,0.0004476275738585497
HOME DEPOT,NORTHWESTERN MUTUAL,1,0.0004476275738585497
HOME DEPOT,ORACLE,2,0.0008952551477170994
HOME DEPOT,OWENS CORNING,1,0.0004476275738585497
HOME DEPOT,PEPSICO,2,0.0008952551477170994
HOME DEPOT,PG&E,2,0.0008952551477170994
HOME DEPOT,PPG INDUSTRIES,1,0.0004476275738585497
HOME DEPOT,PRINCIPAL FINANCIAL,2,0.0008952551477170994
HOME DEPOT,PRUDENTIAL FINANCIAL,1,0.0004476275738585497
HOME DEPOT,PUBLIX SUPER MARKETS,1,0.0004476275738585497
HOME DEPOT,QURATE RETAIL,3,0.0013428827215756492
HOME DEPOT,SALESFORCE,2,0.0008952551477170994
HOME DEPOT,SOUTHERN,1,0.0004476275738585497
HOME DEPOT,STANLEY BLACK & DECKER,1,0.0004476275738585497
HOME DEPOT,STATE FARM INSURANCE,3,0.0013428827215756492
HOME DEPOT,SYSCO,2,0.0008952551477170994
HOME DEPOT,TARGET,4,0.0017905102954341987
HOME DEPOT,TESLA,1,0.0004476275738585497
HOME DEPOT,TEXAS INSTRUMENTS,1,0.0004476275738585497
HOME DEPOT,U.S. BANCORP,1,0.0004476275738585497
HOME DEPOT,UNION PACIFIC,1,0.0004476275738585497
HOME DEPOT,UNITED AIRLINES HOLDINGS,2,0.0008952551477170994
HOME DEPOT,UNITED TECHNOLOGIES,1,0.0004476275738585497
HOME DEPOT,VALERO ENERGY,1,0.0004476275738585497
HOME DEPOT,VERIZON,1,0.0004476275738585497
HOME DEPOT,WALGREENS BOOTS ALLIANCE,2,0.0008952551477170994
HOME DEPOT,WALMART,2,0.0008952551477170994
HOME DEPOT,WEYERHAEUSER,2,0.0008952551477170994
HOME DEPOT,XCEL ENERGY,2,0.0008952551477170994
HOME DEPOT,YUM BRANDS,2,0.0008952551477170994
HONEYWELL INTERNATIONAL,HP,6,0.0026857654431512983
HONEYWELL INTERNATIONAL,HUNTSMAN,2,0.0008952551477170994
HONEYWELL INTERNATIONAL,IBM,8,0.0035810205908683975
HONEYWELL INTERNATIONAL,IHEARTMEDIA,1,0.0004476275738585497
HONEYWELL INTERNATIONAL,ILLINOIS TOOL WORKS,1,0.0004476275738585497
HONEYWELL INTERNATIONAL,INTEL,2,0.0008952551477170994
HONEYWELL INTERNATIONAL,INTERNATIONAL PAPER,1,0.0004476275738585497
HONEYWELL INTERNATIONAL,JACOBS ENGINEERING GROUP,1,0.0004476275738585497
HONEYWELL INTERNATIONAL,KROGER,1,0.0004476275738585497
HONEYWELL INTERNATIONAL,LABORATORY CORP. OF AMERICA,1,0.0004476275738585497
HONEYWELL INTERNATIONAL,LEIDOS HOLDINGS,1,0.0004476275738585497
HONEYWELL INTERNATIONAL,LOCKHEED MARTIN,4,0.0017905102954341987
HONEYWELL INTERNATIONAL,MARRIOTT INTERNATIONAL,1,0.0004476275738585497
HONEYWELL INTERNATIONAL,MASSACHUSETTS MUTUAL LIFE INSURANCE,1,0.0004476275738585497
HONEYWELL INTERNATIONAL,METLIFE,1,0.0004476275738585497
HONEYWELL INTERNATIONAL,MICRON TECHNOLOGY,1,0.0004476275738585497
HONEYWELL INTERNATIONAL,MICROSOFT,1,0.0004476275738585497
HONEYWELL INTERNATIONAL,MOTOROLA SOLUTIONS,1,0.0004476275738585497
HONEYWELL INTERNATIONAL,MUTUAL OF OMAHA INSURANCE,1,0.0004476275738585497
HONEYWELL INTERNATIONAL,NATIONWIDE,2,0.0008952551477170994
HONEYWELL INTERNATIONAL,NEXTERA ENERGY,1,0.0004476275738585497
HONEYWELL INTERNATIONAL,NORTHROP GRUMMAN,2,0.0008952551477170994
HONEYWELL INTERNATIONAL,NORTHWESTERN MUTUAL,1,0.0004476275738585497
HONEYWELL INTERNATIONAL,ORACLE,3,0.0013428827215756492
HONEYWELL INTERNATIONAL,OSHKOSH,1,0.0004476275738585497
HONEYWELL INTERNATIONAL,OWENS-ILLINOIS,1,0.0004476275738585497
HONEYWELL INTERNATIONAL,PG&E,1,0.0004476275738585497
HONEYWELL INTERNATIONAL,POLARIS INC,1,0.0004476275738585497
HONEYWELL INTERNATIONAL,PPG INDUSTRIES,3,0.0013428827215756492
HONEYWELL INTERNATIONAL,PPL,1,0.0004476275738585497
HONEYWELL INTERNATIONAL,PRUDENTIAL FINANCIAL,1,0.0004476275738585497
HONEYWELL INTERNATIONAL,PUBLIC SERVICE ENTERPRISE GROUP,2,0.0008952551477170994
HONEYWELL INTERNATIONAL,RAYTHEON,5,0.0022381378692927483
HONEYWELL INTERNATIONAL,RITE AID,1,0.0004476275738585497
HONEYWELL INTERNATIONAL,S&P GLOBAL,1,0.0004476275738585497
HONEYWELL INTERNATIONAL,SOUTHERN,1,0.0004476275738585497
HONEYWELL INTERNATIONAL,TARGET,1,0.0004476275738585497
HONEYWELL INTERNATIONAL,TEXAS INSTRUMENTS,2,0.0008952551477170994
HONEYWELL INTERNATIONAL,TEXTRON,1,0.0004476275738585497
HONEYWELL INTERNATIONAL,UNION PACIFIC,1,0.0004476275738585497
HONEYWELL INTERNATIONAL,UNITED AIRLINES HOLDINGS,1,0.0004476275738585497
HONEYWELL INTERNATIONAL,UNITED TECHNOLOGIES,3,0.0013428827215756492
HONEYWELL INTERNATIONAL,VERIZON,4,0.0017905102954341987
HONEYWELL INTERNATIONAL,W.R. BERKLEY,1,0.0004476275738585497
HONEYWELL INTERNATIONAL,WEC ENERGY GROUP,1,0.0004476275738585497
HONEYWELL INTERNATIONAL,WESCO INTERNATIONAL,1,0.0004476275738585497
HONEYWELL INTERNATIONAL,WESTERN UNION,1,0.0004476275738585497
HONEYWELL INTERNATIONAL,WESTROCK,1,0.0004476275738585497
HONEYWELL INTERNATIONAL,WHIRLPOOL,1,0.0004476275738585497
HONEYWELL INTERNATIONAL,XCEL ENERGY,1,0.0004476275738585497
HONEYWELL INTERNATIONAL,YUM BRANDS,1,0.0004476275738585497
HP,IBM,8,0.0035810205908683975
HP,INTEL,1,0.0004476275738585497
HP,PPG INDUSTRIES,1,0.0004476275738585497
HP,STATE FARM INSURANCE,1,0.0004476275738585497
HP,TARGET,1,0.0004476275738585497
HP,TEXAS INSTRUMENTS,1,0.0004476275738585497
HP,VERIZON,2,0.0008952551477170994
HP,WALGREENS BOOTS ALLIANCE,1,0.0004476275738585497
HP,WALMART,2,0.0008952551477170994
HUMANA,IBM,1,0.0004476275738585497
HUMANA,JOHNSON & JOHNSON,3,0.0013428827215756492
HUMANA,JPMORGAN CHASE & CO.,1,0.0004476275738585497
HUMANA,LABORATORY CORP. OF AMERICA,3,0.0013428827215756492
HUMANA,LEIDOS HOLDINGS,1,0.0004476275738585497
HUMANA,LOCKHEED MARTIN,1,0.0004476275738585497
HUMANA,MAGELLAN HEALTH,7,0.003133393017009848
HUMANA,MCKESSON,1,0.0004476275738585497
HUMANA,MERCK,4,0.0017905102954341987
HUMANA,MOLINA HEALTHCARE,7,0.003133393017009848
HUMANA,MUTUAL OF OMAHA INSURANCE,6,0.0026857654431512983
HUMANA,NATIONWIDE,3,0.0013428827215756492
HUMANA,NAVISTAR INTERNATIONAL,2,0.0008952551477170994
HUMANA,ONEOK,1,0.0004476275738585497
HUMANA,PG&E,1,0.0004476275738585497
HUMANA,PPG INDUSTRIES,1,0.0004476275738585497
HUMANA,PPL,1,0.0004476275738585497
HUMANA,PROCTER & GAMBLE,1,0.0004476275738585497
HUMANA,QUEST DIAGNOSTICS,1,0.0004476275738585497
HUMANA,RAYTHEON,1,0.0004476275738585497
HUMANA,REGENERON PHARMACEUTICALS,2,0.0008952551477170994
HUMANA,RITE AID,2,0.0008952551477170994
HUMANA,SEMPRA ENERGY,1,0.0004476275738585497
HUMANA,THERMO FISHER SCIENTIFIC,1,0.0004476275738585497
HUMANA,UNION PACIFIC,2,0.0008952551477170994
HUMANA,UNITED PARCEL SERVICE,1,0.0004476275738585497
HUMANA,WALGREENS BOOTS ALLIANCE,2,0.0008952551477170994
HUMANA,WALMART,2,0.0008952551477170994
HUMANA,XCEL ENERGY,1,0.0004476275738585497
HUNTSMAN,IBM,4,0.0017905102954341987
HUNTSMAN,INTERNATIONAL PAPER,1,0.0004476275738585497
HUNTSMAN,JACOBS ENGINEERING GROUP,1,0.0004476275738585497
HUNTSMAN,JETBLUE AIRWAYS,1,0.0004476275738585497
HUNTSMAN,LEIDOS HOLDINGS,2,0.0008952551477170994
HUNTSMAN,LOCKHEED MARTIN,3,0.0013428827215756492
HUNTSMAN,MAGELLAN HEALTH,1,0.0004476275738585497
HUNTSMAN,MASSACHUSETTS MUTUAL LIFE INSURANCE,1,0.0004476275738585497
HUNTSMAN,METLIFE,1,0.0004476275738585497
HUNTSMAN,MICRON TECHNOLOGY,2,0.0008952551477170994
HUNTSMAN,MICROSOFT,2,0.0008952551477170994
HUNTSMAN,MOTOROLA SOLUTIONS,1,0.0004476275738585497
HUNTSMAN,NATIONWIDE,1,0.0004476275738585497
HUNTSMAN,NEXTERA ENERGY,1,0.0004476275738585497
HUNTSMAN,NORTHROP GRUMMAN,3,0.0013428827215756492
HUNTSMAN,ORACLE,3,0.0013428827215756492
HUNTSMAN,OSHKOSH,1,0.0004476275738585497
HUNTSMAN,OWENS-ILLINOIS,1,0.0004476275738585497
HUNTSMAN,PG&E,2,0.0008952551477170994
HUNTSMAN,PPG INDUSTRIES,4,0.0017905102954341987
HUNTSMAN,PPL,3,0.0013428827215756492
HUNTSMAN,PRUDENTIAL FINANCIAL,1,0.0004476275738585497
HUNTSMAN,PUBLIC SERVICE ENTERPRISE GROUP,1,0.0004476275738585497
HUNTSMAN,RAYTHEON,2,0.0008952551477170994
HUNTSMAN,RITE AID,1,0.0004476275738585497
HUNTSMAN,S&P GLOBAL,1,0.0004476275738585497
HUNTSMAN,SOUTHERN,1,0.0004476275738585497
HUNTSMAN,SOUTHWEST AIRLINES,1,0.0004476275738585497
HUNTSMAN,TEXTRON,1,0.0004476275738585497
HUNTSMAN,THERMO FISHER SCIENTIFIC,1,0.0004476275738585497
HUNTSMAN,UNION PACIFIC,2,0.0008952551477170994
HUNTSMAN,UNITED AIRLINES HOLDINGS,1,0.0004476275738585497
HUNTSMAN,UNITED TECHNOLOGIES,1,0.0004476275738585497
HUNTSMAN,USAA,1,0.0004476275738585497
HUNTSMAN,W.R. BERKLEY,1,0.0004476275738585497
HUNTSMAN,WESCO INTERNATIONAL,1,0.0004476275738585497
HUNTSMAN,WESTERN UNION,1,0.0004476275738585497
HUNTSMAN,WESTROCK,1,0.0004476275738585497
HUNTSMAN,XCEL ENERGY,2,0.0008952551477170994
IBM,IHEARTMEDIA,2,0.0008952551477170994
IBM,ILLINOIS TOOL WORKS,1,0.0004476275738585497
IBM,INTEL,5,0.0022381378692927483
IBM,INTERNATIONAL PAPER,2,0.0008952551477170994
IBM,INTUIT,2,0.0008952551477170994
IBM,JACOBS ENGINEERING GROUP,4,0.0017905102954341987
IBM,JETBLUE AIRWAYS,1,0.0004476275738585497
IBM,JOHNSON & JOHNSON,1,0.0004476275738585497
IBM,JPMORGAN CHASE & CO.,3,0.0013428827215756492
IBM,KRAFT HEINZ,1,0.0004476275738585497
IBM,KROGER,4,0.0017905102954341987
IBM,LABORATORY CORP. OF AMERICA,3,0.0013428827215756492
IBM,LAS VEGAS SANDS,1,0.0004476275738585497
IBM,LEIDOS HOLDINGS,9,0.0040286481647269475
IBM,LIBERTY MEDIA,1,0.0004476275738585497
IBM,LIBERTY MUTUAL INSURANCE GROUP,1,0.0004476275738585497
IBM,LINCOLN NATIONAL,1,0.0004476275738585497
IBM,LOCKHEED MARTIN,14,0.006266786034019696
IBM,LUMEN TECHNOLOGIES,1,0.0004476275738585497
IBM,MAGELLAN HEALTH,3,0.0013428827215756492
IBM,MASSACHUSETTS MUTUAL LIFE INSURANCE,1,0.0004476275738585497
IBM,MCDONALD'S,1,0.0004476275738585497
IBM,MCKESSON,1,0.0004476275738585497
IBM,MERCK,1,0.0004476275738585497
IBM,METLIFE,1,0.0004476275738585497
IBM,MICRON TECHNOLOGY,8,0.0035810205908683975
IBM,MICROSOFT,15,0.006714413607878245
IBM,MOLINA HEALTHCARE,1,0.0004476275738585497
IBM,MOTOROLA SOLUTIONS,3,0.0013428827215756492
IBM,MUTUAL OF OMAHA INSURANCE,4,0.0017905102954341987
IBM,NATIONWIDE,6,0.0026857654431512983
IBM,NAVIENT,1,0.0004476275738585497
IBM,NAVISTAR INTERNATIONAL,1,0.0004476275738585497
IBM,NEXTERA ENERGY,1,0.0004476275738585497
IBM,NORTHERN TRUST,1,0.0004476275738585497
IBM,NORTHROP GRUMMAN,7,0.003133393017009848
IBM,NORTHWESTERN MUTUAL,2,0.0008952551477170994
IBM,ORACLE,11,0.004923903312444047
IBM,OSHKOSH,1,0.0004476275738585497
IBM,OWENS CORNING,2,0.0008952551477170994
IBM,OWENS-ILLINOIS,1,0.0004476275738585497
IBM,PG&E,5,0.0022381378692927483
IBM,PHILLIPS 66,2,0.0008952551477170994
IBM,PNC FINANCIAL SERVICES,1,0.0004476275738585497
IBM,POLARIS INC,2,0.0008952551477170994
IBM,PPG INDUSTRIES,13,0.005819158460161146
IBM,PPL,5,0.0022381378692927483
IBM,PRINCIPAL FINANCIAL,7,0.003133393017009848
IBM,PRUDENTIAL FINANCIAL,2,0.0008952551477170994
IBM,PUBLIC SERVICE ENTERPRISE GROUP,3,0.0013428827215756492
IBM,PUBLIX SUPER MARKETS,1,0.0004476275738585497
IBM,QUALCOMM,4,0.0017905102954341987
IBM,QUEST DIAGNOSTICS,1,0.0004476275738585497
IBM,QURATE RETAIL,1,0.0004476275738585497
IBM,RAYTHEON,7,0.003133393017009848
IBM,REGIONS FINANCIAL,1,0.0004476275738585497
IBM,RITE AID,1,0.0004476275738585497
IBM,S&P GLOBAL,1,0.0004476275738585497
IBM,SALESFORCE,4,0.0017905102954341987
IBM,SEMPRA ENERGY,2,0.0008952551477170994
IBM,SOUTHERN,1,0.0004476275738585497
IBM,SOUTHWEST AIRLINES,4,0.0017905102954341987
IBM,STANLEY BLACK & DECKER,1,0.0004476275738585497
IBM,STATE FARM INSURANCE,2,0.0008952551477170994
IBM,SYNCHRONY FINANCIAL,2,0.0008952551477170994
IBM,TARGET,4,0.0017905102954341987
IBM,TESLA,1,0.0004476275738585497
IBM,TEXAS INSTRUMENTS,8,0.0035810205908683975
IBM,TEXTRON,5,0.0022381378692927483
IBM,THERMO FISHER SCIENTIFIC,2,0.0008952551477170994
IBM,UNION PACIFIC,9,0.0040286481647269475
IBM,UNITED AIRLINES HOLDINGS,6,0.0026857654431512983
IBM,UNITED PARCEL SERVICE,1,0.0004476275738585497
IBM,UNITED TECHNOLOGIES,7,0.003133393017009848
IBM,USAA,2,0.0008952551477170994
IBM,VERIZON,10,0.004476275738585497
IBM,W.R. BERKLEY,1,0.0004476275738585497
IBM,WALMART,5,0.0022381378692927483
IBM,WALT DISNEY,3,0.0013428827215756492
IBM,WELLS FARGO,1,0.0004476275738585497
IBM,WESCO INTERNATIONAL,1,0.0004476275738585497
IBM,WESTERN DIGITAL,2,0.0008952551477170994
IBM,WESTERN UNION,1,0.0004476275738585497
IBM,WESTROCK,1,0.0004476275738585497
IBM,WEYERHAEUSER,1,0.0004476275738585497
IBM,XCEL ENERGY,4,0.0017905102954341987
IBM,YUM BRANDS,3,0.0013428827215756492
IHEARTMEDIA,JPMORGAN CHASE & CO.,1,0.0004476275738585497
IHEARTMEDIA,KROGER,1,0.0004476275738585497
IHEARTMEDIA,LABORATORY CORP. OF AMERICA,1,0.0004476275738585497
IHEARTMEDIA,LIBERTY MEDIA,2,0.0008952551477170994
IHEARTMEDIA,LOCKHEED MARTIN,1,0.0004476275738585497
IHEARTMEDIA,MARRIOTT INTERNATIONAL,2,0.0008952551477170994
IHEARTMEDIA,MICROSOFT,2,0.0008952551477170994
IHEARTMEDIA,MUTUAL OF OMAHA INSURANCE,2,0.0008952551477170994
IHEARTMEDIA,NATIONWIDE,2,0.0008952551477170994
IHEARTMEDIA,NAVIENT,1,0.0004476275738585497
IHEARTMEDIA,NORTHERN TRUST,1,0.0004476275738585497
IHEARTMEDIA,ORACLE,2,0.0008952551477170994
IHEARTMEDIA,PG&E,1,0.0004476275738585497
IHEARTMEDIA,QUEST DIAGNOSTICS,1,0.0004476275738585497
IHEARTMEDIA,QURATE RETAIL,2,0.0008952551477170994
IHEARTMEDIA,SOUTHWEST AIRLINES,1,0.0004476275738585497
IHEARTMEDIA,STATE FARM INSURANCE,1,0.0004476275738585497
IHEARTMEDIA,TARGET,2,0.0008952551477170994
IHEARTMEDIA,UNION PACIFIC,1,0.0004476275738585497
IHEARTMEDIA,UNITED AIRLINES HOLDINGS,3,0.0013428827215756492
IHEARTMEDIA,VERIZON,5,0.0022381378692927483
IHEARTMEDIA,YUM BRANDS,1,0.0004476275738585497
ILLINOIS TOOL WORKS,INTERNATIONAL PAPER,2,0.0008952551477170994
ILLINOIS TOOL WORKS,LIBERTY MUTUAL INSURANCE GROUP,1,0.0004476275738585497
ILLINOIS TOOL WORKS,NAVISTAR INTERNATIONAL,1,0.0004476275738585497
ILLINOIS TOOL WORKS,NUCOR,3,0.0013428827215756492
ILLINOIS TOOL WORKS,ORACLE,1,0.0004476275738585497
ILLINOIS TOOL WORKS,OWENS CORNING,1,0.0004476275738585497
ILLINOIS TOOL WORKS,PHILLIPS 66,5,0.0022381378692927483
ILLINOIS TOOL WORKS,PPG INDUSTRIES,2,0.0008952551477170994
ILLINOIS TOOL WORKS,PROCTER & GAMBLE,1,0.0004476275738585497
ILLINOIS TOOL WORKS,RAYTHEON,2,0.0008952551477170994
ILLINOIS TOOL WORKS,TEXAS INSTRUMENTS,2,0.0008952551477170994
ILLINOIS TOOL WORKS,UNION PACIFIC,1,0.0004476275738585497
ILLINOIS TOOL WORKS,UNITED TECHNOLOGIES,2,0.0008952551477170994
ILLINOIS TOOL WORKS,WALMART,2,0.0008952551477170994
ILLINOIS TOOL WORKS,WESTROCK,1,0.0004476275738585497
ILLINOIS TOOL WORKS,WHIRLPOOL,3,0.0013428827215756492
INTEL,INTUIT,1,0.0004476275738585497
INTEL,LOCKHEED MARTIN,1,0.0004476275738585497
INTEL,LOEWS,1,0.0004476275738585497
INTEL,MICRON TECHNOLOGY,3,0.0013428827215756492
INTEL,MICROSOFT,4,0.0017905102954341987
INTEL,MOTOROLA SOLUTIONS,1,0.0004476275738585497
INTEL,ORACLE,1,0.0004476275738585497
INTEL,PEABODY ENERGY,1,0.0004476275738585497
INTEL,PG&E,3,0.0013428827215756492
INTEL,PHILLIPS 66,1,0.0004476275738585497
INTEL,PPL,2,0.0008952551477170994
INTEL,PRINCIPAL FINANCIAL,1,0.0004476275738585497
INTEL,PUBLIC SERVICE ENTERPRISE GROUP,2,0.0008952551477170994
INTEL,QUALCOMM,1,0.0004476275738585497
INTEL,RAYTHEON,1,0.0004476275738585497
INTEL,SALESFORCE,1,0.0004476275738585497
INTEL,TEXAS INSTRUMENTS,6,0.0026857654431512983
INTEL,VERIZON,3,0.0013428827215756492
INTEL,WEC ENERGY GROUP,2,0.0008952551477170994
INTEL,WESTERN DIGITAL,2,0.0008952551477170994
INTEL,WESTROCK,1,0.0004476275738585497
INTEL,XCEL ENERGY,2,0.0008952551477170994
INTERNATIONAL PAPER,KEURIG DR PEPPER,1,0.0004476275738585497
INTERNATIONAL PAPER,KROGER,1,0.0004476275738585497
INTERNATIONAL PAPER,LIBERTY MUTUAL INSURANCE GROUP,1,0.0004476275738585497
INTERNATIONAL PAPER,MARATHON PETROLEUM,1,0.0004476275738585497
INTERNATIONAL PAPER,MASSACHUSETTS MUTUAL LIFE INSURANCE,1,0.0004476275738585497
INTERNATIONAL PAPER,METLIFE,1,0.0004476275738585497
INTERNATIONAL PAPER,MICROSOFT,1,0.0004476275738585497
INTERNATIONAL PAPER,NATIONWIDE,2,0.0008952551477170994
INTERNATIONAL PAPER,NEXTERA ENERGY,1,0.0004476275738585497
INTERNATIONAL PAPER,NORTHWESTERN MUTUAL,1,0.0004476275738585497
INTERNATIONAL PAPER,ORACLE,2,0.0008952551477170994
INTERNATIONAL PAPER,OWENS-ILLINOIS,1,0.0004476275738585497
INTERNATIONAL PAPER,PG&E,1,0.0004476275738585497
INTERNATIONAL PAPER,PHILLIPS 66,3,0.0013428827215756492
INTERNATIONAL PAPER,PPG INDUSTRIES,2,0.0008952551477170994
INTERNATIONAL PAPER,PPL,1,0.0004476275738585497
INTERNATIONAL PAPER,PRINCIPAL FINANCIAL,2,0.0008952551477170994
INTERNATIONAL PAPER,PRUDENTIAL FINANCIAL,1,0.0004476275738585497
INTERNATIONAL PAPER,RITE AID,1,0.0004476275738585497
INTERNATIONAL PAPER,S&P GLOBAL,1,0.0004476275738585497
INTERNATIONAL PAPER,SALESFORCE,1,0.0004476275738585497
INTERNATIONAL PAPER,TESLA,1,0.0004476275738585497
INTERNATIONAL PAPER,TEXAS INSTRUMENTS,1,0.0004476275738585497
INTERNATIONAL PAPER,UNION PACIFIC,3,0.0013428827215756492
INTERNATIONAL PAPER,UNITED TECHNOLOGIES,2,0.0008952551477170994
INTERNATIONAL PAPER,W.R. BERKLEY,1,0.0004476275738585497
INTERNATIONAL PAPER,WALMART,1,0.0004476275738585497
INTERNATIONAL PAPER,WASTE MANAGEMENT,2,0.0008952551477170994
INTERNATIONAL PAPER,WESCO INTERNATIONAL,1,0.0004476275738585497
INTERNATIONAL PAPER,WESTERN UNION,1,0.0004476275738585497
INTERNATIONAL PAPER,WESTROCK,4,0.0017905102954341987
INTERNATIONAL PAPER,WEYERHAEUSER,2,0.0008952551477170994
INTERNATIONAL PAPER,WHIRLPOOL,1,0.0004476275738585497
INTERNATIONAL PAPER,XCEL ENERGY,3,0.0013428827215756492
INTUIT,JPMORGAN CHASE & CO.,1,0.0004476275738585497
INTUIT,KEYCORP,1,0.0004476275738585497
INTUIT,KRAFT HEINZ,1,0.0004476275738585497
INTUIT,MICRON TECHNOLOGY,2,0.0008952551477170994
INTUIT,MICROSOFT,3,0.0013428827215756492
INTUIT,NATIONWIDE,2,0.0008952551477170994
INTUIT,NORTHERN TRUST,1,0.0004476275738585497
INTUIT,ORACLE,2,0.0008952551477170994
INTUIT,PNC FINANCIAL SERVICES,1,0.0004476275738585497
INTUIT,PRINCIPAL FINANCIAL,2,0.0008952551477170994
INTUIT,RAYTHEON,1,0.0004476275738585497
INTUIT,SALESFORCE,2,0.0008952551477170994
INTUIT,SOUTHWEST AIRLINES,1,0.0004476275738585497
INTUIT,TEXAS INSTRUMENTS,2,0.0008952551477170994
INTUIT,W.R. BERKLEY,1,0.0004476275738585497
INTUIT,WELLS FARGO,1,0.0004476275738585497
JACOBS ENGINEERING GROUP,JETBLUE AIRWAYS,1,0.0004476275738585497
JACOBS ENGINEERING GROUP,KROGER,1,0.0004476275738585497
JACOBS ENGINEERING GROUP,L3HARRIS TECHNOLOGIES,1,0.0004476275738585497
JACOBS ENGINEERING GROUP,LABORATORY CORP. OF AMERICA,1,0.0004476275738585497
JACOBS ENGINEERING GROUP,LEIDOS HOLDINGS,3,0.0013428827215756492
JACOBS ENGINEERING GROUP,LOCKHEED MARTIN,6,0.0026857654431512983
JACOBS ENGINEERING GROUP,MAGELLAN HEALTH,2,0.0008952551477170994
JACOBS ENGINEERING GROUP,MICROSOFT,1,0.0004476275738585497
JACOBS ENGINEERING GROUP,NORTHROP GRUMMAN,3,0.0013428827215756492
JACOBS ENGINEERING GROUP,ORACLE,2,0.0008952551477170994
JACOBS ENGINEERING GROUP,PG&E,2,0.0008952551477170994
JACOBS ENGINEERING GROUP,POLARIS INC,2,0.0008952551477170994
JACOBS ENGINEERING GROUP,PPG INDUSTRIES,3,0.0013428827215756492
JACOBS ENGINEERING GROUP,PPL,2,0.0008952551477170994
JACOBS ENGINEERING GROUP,PUBLIC SERVICE ENTERPRISE GROUP,1,0.0004476275738585497
JACOBS ENGINEERING GROUP,RAYTHEON,3,0.0013428827215756492
JACOBS ENGINEERING GROUP,SOUTHWEST AIRLINES,2,0.0008952551477170994
JACOBS ENGINEERING GROUP,TEXTRON,3,0.0013428827215756492
JACOBS ENGINEERING GROUP,UNION PACIFIC,1,0.0004476275738585497
JACOBS ENGINEERING GROUP,UNITED AIRLINES HOLDINGS,2,0.0008952551477170994
JACOBS ENGINEERING GROUP,UNITED TECHNOLOGIES,2,0.0008952551477170994
JACOBS ENGINEERING GROUP,USAA,2,0.0008952551477170994
JACOBS ENGINEERING GROUP,VF,3,0.0013428827215756492
JACOBS ENGINEERING GROUP,WEYERHAEUSER,2,0.0008952551477170994
JACOBS ENGINEERING GROUP,XCEL ENERGY,2,0.0008952551477170994
JETBLUE AIRWAYS,LEIDOS HOLDINGS,3,0.0013428827215756492
JETBLUE AIRWAYS,LOCKHEED MARTIN,1,0.0004476275738585497
JETBLUE AIRWAYS,MAGELLAN HEALTH,1,0.0004476275738585497
JETBLUE AIRWAYS,MICRON TECHNOLOGY,1,0.0004476275738585497
JETBLUE AIRWAYS,MICROSOFT,3,0.0013428827215756492
JETBLUE AIRWAYS,NATIONWIDE,2,0.0008952551477170994
JETBLUE AIRWAYS,NORTHROP GRUMMAN,1,0.0004476275738585497
JETBLUE AIRWAYS,NORTHWESTERN MUTUAL,1,0.0004476275738585497
JETBLUE AIRWAYS,ORACLE,2,0.0008952551477170994
JETBLUE AIRWAYS,PG&E,1,0.0004476275738585497
JETBLUE AIRWAYS,PPG INDUSTRIES,1,0.0004476275738585497
JETBLUE AIRWAYS,PPL,2,0.0008952551477170994
JETBLUE AIRWAYS,RAYTHEON,1,0.0004476275738585497
JETBLUE AIRWAYS,SOUTHWEST AIRLINES,1,0.0004476275738585497
JETBLUE AIRWAYS,TEXTRON,1,0.0004476275738585497
JETBLUE AIRWAYS,UNITED AIRLINES HOLDINGS,1,0.0004476275738585497
JETBLUE AIRWAYS,UNITED TECHNOLOGIES,1,0.0004476275738585497
JETBLUE AIRWAYS,USAA,1,0.0004476275738585497
JETBLUE AIRWAYS,XCEL ENERGY,1,0.0004476275738585497
JOHNSON & JOHNSON,JONES FINANCIAL (EDWARD JONES),1,0.0004476275738585497
JOHNSON & JOHNSON,KIMBERLY-CLARK,1,0.0004476275738585497
JOHNSON & JOHNSON,KROGER,2,0.0008952551477170994
JOHNSON & JOHNSON,LEIDOS HOLDINGS,1,0.0004476275738585497
JOHNSON & JOHNSON,LOCKHEED MARTIN,1,0.0004476275738585497
JOHNSON & JOHNSON,MAGELLAN HEALTH,2,0.0008952551477170994
JOHNSON & JOHNSON,MCKESSON,2,0.0008952551477170994
JOHNSON & JOHNSON,MERCK,4,0.0017905102954341987
JOHNSON & JOHNSON,MICRON TECHNOLOGY,1,0.0004476275738585497
JOHNSON & JOHNSON,MOLINA HEALTHCARE,1,0.0004476275738585497
JOHNSON & JOHNSON,MUTUAL OF OMAHA INSURANCE,3,0.0013428827215756492
JOHNSON & JOHNSON,NAVISTAR INTERNATIONAL,1,0.0004476275738585497
JOHNSON & JOHNSON,PEPSICO,1,0.0004476275738585497
JOHNSON & JOHNSON,PG&E,1,0.0004476275738585497
JOHNSON & JOHNSON,PNC FINANCIAL SERVICES,1,0.0004476275738585497
JOHNSON & JOHNSON,PPG INDUSTRIES,2,0.0008952551477170994
JOHNSON & JOHNSON,PPL,1,0.0004476275738585497
JOHNSON & JOHNSON,PRINCIPAL FINANCIAL,1,0.0004476275738585497
JOHNSON & JOHNSON,PROCTER & GAMBLE,2,0.0008952551477170994
JOHNSON & JOHNSON,REGENERON PHARMACEUTICALS,2,0.0008952551477170994
JOHNSON & JOHNSON,RITE AID,2,0.0008952551477170994
JOHNSON & JOHNSON,SALESFORCE,1,0.0004476275738585497
JOHNSON & JOHNSON,STANLEY BLACK & DECKER,1,0.0004476275738585497
JOHNSON & JOHNSON,UNION PACIFIC,2,0.0008952551477170994
JOHNSON & JOHNSON,WALGREENS BOOTS ALLIANCE,2,0.0008952551477170994
JOHNSON & JOHNSON,WALMART,1,0.0004476275738585497
JOHNSON & JOHNSON,XCEL ENERGY,1,0.0004476275738585497
JOHNSON & JOHNSON,ZIMMER BIOMET HOLDINGS,1,0.0004476275738585497
JONES FINANCIAL (EDWARD JONES),JPMORGAN CHASE & CO.,3,0.0013428827215756492
JONES FINANCIAL (EDWARD JONES),LINCOLN NATIONAL,3,0.0013428827215756492
JONES FINANCIAL (EDWARD JONES),LIVE NATION ENTERTAINMENT,1,0.0004476275738585497
JONES FINANCIAL (EDWARD JONES),LOCKHEED MARTIN,2,0.0008952551477170994
JONES FINANCIAL (EDWARD JONES),LUMEN TECHNOLOGIES,1,0.0004476275738585497
JONES FINANCIAL (EDWARD JONES),MASSACHUSETTS MUTUAL LIFE INSURANCE,1,0.0004476275738585497
JONES FINANCIAL (EDWARD JONES),MICROSOFT,1,0.0004476275738585497
JONES FINANCIAL (EDWARD JONES),MUTUAL OF OMAHA INSURANCE,4,0.0017905102954341987
JONES FINANCIAL (EDWARD JONES),NATIONWIDE,5,0.0022381378692927483
JONES FINANCIAL (EDWARD JONES),NEW YORK LIFE INSURANCE,3,0.0013428827215756492
JONES FINANCIAL (EDWARD JONES),NEXTERA ENERGY,1,0.0004476275738585497
JONES FINANCIAL (EDWARD JONES),NORTHERN TRUST,2,0.0008952551477170994
JONES FINANCIAL (EDWARD JONES),NORTHWESTERN MUTUAL,6,0.0026857654431512983
JONES FINANCIAL (EDWARD JONES),PPL,1,0.0004476275738585497
JONES FINANCIAL (EDWARD JONES),PRINCIPAL FINANCIAL,5,0.0022381378692927483
JONES FINANCIAL (EDWARD JONES),PRUDENTIAL FINANCIAL,5,0.0022381378692927483
JONES FINANCIAL (EDWARD JONES),QUEST DIAGNOSTICS,1,0.0004476275738585497
JONES FINANCIAL (EDWARD JONES),RAYTHEON,2,0.0008952551477170994
JONES FINANCIAL (EDWARD JONES),STATE FARM INSURANCE,1,0.0004476275738585497
JONES FINANCIAL (EDWARD JONES),TIAA,6,0.0026857654431512983
JONES FINANCIAL (EDWARD JONES),UNITED AIRLINES HOLDINGS,1,0.0004476275738585497
JONES FINANCIAL (EDWARD JONES),UNITED TECHNOLOGIES,1,0.0004476275738585497
JONES FINANCIAL (EDWARD JONES),USAA,1,0.0004476275738585497
JONES FINANCIAL (EDWARD JONES),VERIZON,1,0.0004476275738585497
JONES FINANCIAL (EDWARD JONES),WALGREENS BOOTS ALLIANCE,1,0.0004476275738585497
JONES FINANCIAL (EDWARD JONES),XCEL ENERGY,1,0.0004476275738585497
JONES FINANCIAL (EDWARD JONES),XEROX,1,0.0004476275738585497
JPMORGAN CHASE & CO.,KEYCORP,6,0.0026857654431512983
JPMORGAN CHASE & CO.,KRAFT HEINZ,1,0.0004476275738585497
JPMORGAN CHASE & CO.,L3HARRIS TECHNOLOGIES,1,0.0004476275738585497
JPMORGAN CHASE & CO.,LEIDOS HOLDINGS,2,0.0008952551477170994
JPMORGAN CHASE & CO.,LINCOLN NATIONAL,2,0.0008952551477170994
JPMORGAN CHASE & CO.,LOCKHEED MARTIN,4,0.0017905102954341987
JPMORGAN CHASE & CO.,MARRIOTT INTERNATIONAL,2,0.0008952551477170994
JPMORGAN CHASE & CO.,MICROSOFT,2,0.0008952551477170994
JPMORGAN CHASE & CO.,MUTUAL OF OMAHA INSURANCE,3,0.0013428827215756492
JPMORGAN CHASE & CO.,NATIONWIDE,3,0.0013428827215756492
JPMORGAN CHASE & CO.,NEW YORK LIFE INSURANCE,3,0.0013428827215756492
JPMORGAN CHASE & CO.,NEXTERA ENERGY,1,0.0004476275738585497
JPMORGAN CHASE & CO.,NORTHERN TRUST,5,0.0022381378692927483
JPMORGAN CHASE & CO.,NORTHROP GRUMMAN,1,0.0004476275738585497
JPMORGAN CHASE & CO.,NORTHWESTERN MUTUAL,3,0.0013428827215756492
JPMORGAN CHASE & CO.,PNC FINANCIAL SERVICES,8,0.0035810205908683975
JPMORGAN CHASE & CO.,PRINCIPAL FINANCIAL,1,0.0004476275738585497
JPMORGAN CHASE & CO.,PRUDENTIAL FINANCIAL,2,0.0008952551477170994
JPMORGAN CHASE & CO.,RAYTHEON,1,0.0004476275738585497
JPMORGAN CHASE & CO.,S&P GLOBAL,1,0.0004476275738585497
JPMORGAN CHASE & CO.,SEMPRA ENERGY,1,0.0004476275738585497
JPMORGAN CHASE & CO.,STATE FARM INSURANCE,2,0.0008952551477170994
JPMORGAN CHASE & CO.,SYNCHRONY FINANCIAL,1,0.0004476275738585497
JPMORGAN CHASE & CO.,TIAA,4,0.0017905102954341987
JPMORGAN CHASE & CO.,TRAVELERS,1,0.0004476275738585497
JPMORGAN CHASE & CO.,U.S. BANCORP,1,0.0004476275738585497
JPMORGAN CHASE & CO.,UNITED TECHNOLOGIES,1,0.0004476275738585497
JPMORGAN CHASE & CO.,USAA,1,0.0004476275738585497
JPMORGAN CHASE & CO.,VERIZON,2,0.0008952551477170994
JPMORGAN CHASE & CO.,WELLS FARGO,6,0.0026857654431512983
JPMORGAN CHASE & CO.,WESTERN UNION,2,0.0008952551477170994
JPMORGAN CHASE & CO.,XEROX,1,0.0004476275738585497
KELLOGG,LABORATORY CORP. OF AMERICA,1,0.0004476275738585497
KELLOGG,LAND O'LAKES,1,0.0004476275738585497
KELLOGG,LOCKHEED MARTIN,1,0.0004476275738585497
KELLOGG,MARSH & MCLENNAN,1,0.0004476275738585497
KELLOGG,MUTUAL OF OMAHA INSURANCE,1,0.0004476275738585497
KELLOGG,PHILLIPS 66,1,0.0004476275738585497
KELLOGG,RAYTHEON,2,0.0008952551477170994
KELLOGG,S&P GLOBAL,1,0.0004476275738585497
KEURIG DR PEPPER,WASTE MANAGEMENT,1,0.0004476275738585497
KEURIG DR PEPPER,WESTROCK,1,0.0004476275738585497
KEYCORP,LINCOLN NATIONAL,1,0.0004476275738585497
KEYCORP,NATIONWIDE,1,0.0004476275738585497
KEYCORP,NEW YORK LIFE INSURANCE,1,0.0004476275738585497
KEYCORP,NORTHERN TRUST,3,0.0013428827215756492
KEYCORP,NORTHWESTERN MUTUAL,2,0.0008952551477170994
KEYCORP,PNC FINANCIAL SERVICES,7,0.003133393017009848
KEYCORP,PRUDENTIAL FINANCIAL,1,0.0004476275738585497
KEYCORP,REGIONS FINANCIAL,1,0.0004476275738585497
KEYCORP,STATE FARM INSURANCE,2,0.0008952551477170994
KEYCORP,STATE STREET CORP.,1,0.0004476275738585497
KEYCORP,SYNCHRONY FINANCIAL,1,0.0004476275738585497
KEYCORP,TIAA,2,0.0008952551477170994
KEYCORP,TRAVELERS,1,0.0004476275738585497
KEYCORP,U.S. BANCORP,2,0.0008952551477170994
KEYCORP,VISA,1,0.0004476275738585497
KEYCORP,WELLS FARGO,6,0.0026857654431512983
KEYCORP,WESTERN UNION,2,0.0008952551477170994
KIMBERLY-CLARK,KROGER,1,0.0004476275738585497
KRAFT HEINZ,LEIDOS HOLDINGS,2,0.0008952551477170994
KRAFT HEINZ,NATIONWIDE,1,0.0004476275738585497
KRAFT HEINZ,NORTHERN TRUST,1,0.0004476275738585497
KRAFT HEINZ,RAYTHEON,1,0.0004476275738585497
KRAFT HEINZ,SOUTHWEST AIRLINES,1,0.0004476275738585497
KRAFT HEINZ,W.R. BERKLEY,1,0.0004476275738585497
KROGER,LIBERTY MEDIA,1,0.0004476275738585497
KROGER,LOCKHEED MARTIN,1,0.0004476275738585497
KROGER,LOWE'S,2,0.0008952551477170994
KROGER,MAGELLAN HEALTH,1,0.0004476275738585497
KROGER,MCDONALD'S,1,0.0004476275738585497
KROGER,MICROSOFT,1,0.0004476275738585497
KROGER,MUTUAL OF OMAHA INSURANCE,3,0.0013428827215756492
KROGER,NATIONWIDE,4,0.0017905102954341987
KROGER,NEW YORK LIFE INSURANCE,1,0.0004476275738585497
KROGER,NORTHWESTERN MUTUAL,4,0.0017905102954341987
KROGER,PG&E,1,0.0004476275738585497
KROGER,PHILLIPS 66,1,0.0004476275738585497
KROGER,PPG INDUSTRIES,2,0.0008952551477170994
KROGER,PPL,1,0.0004476275738585497
KROGER,PRINCIPAL FINANCIAL,1,0.0004476275738585497
KROGER,PUBLIC SERVICE ENTERPRISE GROUP,1,0.0004476275738585497
KROGER,QURATE RETAIL,1,0.0004476275738585497
KROGER,RITE AID,1,0.0004476275738585497
KROGER,SOUTHWEST AIRLINES,1,0.0004476275738585497
KROGER,STATE FARM INSURANCE,2,0.0008952551477170994
KROGER,TARGET,2,0.0008952551477170994
KROGER,TESLA,1,0.0004476275738585497
KROGER,TEXTRON,1,0.0004476275738585497
KROGER,UNION PACIFIC,2,0.0008952551477170994
KROGER,UNITED AIRLINES HOLDINGS,3,0.0013428827215756492
KROGER,UNITED TECHNOLOGIES,1,0.0004476275738585497
KROGER,USAA,1,0.0004476275738585497
KROGER,VERIZON,1,0.0004476275738585497
KROGER,XCEL ENERGY,2,0.0008952551477170994
KROGER,YUM BRANDS,5,0.0022381378692927483
L3HARRIS TECHNOLOGIES,LEIDOS HOLDINGS,2,0.0008952551477170994
L3HARRIS TECHNOLOGIES,LOCKHEED MARTIN,4,0.0017905102954341987
L3HARRIS TECHNOLOGIES,NORTHROP GRUMMAN,4,0.0017905102954341987
L3HARRIS TECHNOLOGIES,ORACLE,1,0.0004476275738585497
L3HARRIS TECHNOLOGIES,RAYTHEON,4,0.0017905102954341987
L3HARRIS TECHNOLOGIES,SOUTHWEST AIRLINES,1,0.0004476275738585497
L3HARRIS TECHNOLOGIES,UNION PACIFIC,2,0.0008952551477170994
L3HARRIS TECHNOLOGIES,UNITED AIRLINES HOLDINGS,1,0.0004476275738585497
L3HARRIS TECHNOLOGIES,UNITED TECHNOLOGIES,2,0.0008952551477170994
L3HARRIS TECHNOLOGIES,VERIZON,1,0.0004476275738585497
LABORATORY CORP. OF AMERICA,LEIDOS HOLDINGS,1,0.0004476275738585497
LABORATORY CORP. OF AMERICA,LOCKHEED MARTIN,2,0.0008952551477170994
LABORATORY CORP. OF AMERICA,MAGELLAN HEALTH,1,0.0004476275738585497
LABORATORY CORP. OF AMERICA,MARSH & MCLENNAN,1,0.0004476275738585497
LABORATORY CORP. OF AMERICA,MERCK,1,0.0004476275738585497
LABORATORY CORP. OF AMERICA,MOLINA HEALTHCARE,2,0.0008952551477170994
LABORATORY CORP. OF AMERICA,MUTUAL OF OMAHA INSURANCE,4,0.0017905102954341987
LABORATORY CORP. OF AMERICA,NATIONWIDE,1,0.0004476275738585497
LABORATORY CORP. OF AMERICA,NAVIENT,1,0.0004476275738585497
LABORATORY CORP. OF AMERICA,NAVISTAR INTERNATIONAL,3,0.0013428827215756492
LABORATORY CORP. OF AMERICA,NORTHROP GRUMMAN,1,0.0004476275738585497
LABORATORY CORP. OF AMERICA,ORACLE,1,0.0004476275738585497
LABORATORY CORP. OF AMERICA,PG&E,1,0.0004476275738585497
LABORATORY CORP. OF AMERICA,PHILLIPS 66,1,0.0004476275738585497
LABORATORY CORP. OF AMERICA,POLARIS INC,1,0.0004476275738585497
LABORATORY CORP. OF AMERICA,PPG INDUSTRIES,1,0.0004476275738585497
LABORATORY CORP. OF AMERICA,QUEST DIAGNOSTICS,7,0.003133393017009848
LABORATORY CORP. OF AMERICA,RAYTHEON,3,0.0013428827215756492
LABORATORY CORP. OF AMERICA,SOUTHWEST AIRLINES,1,0.0004476275738585497
LABORATORY CORP. OF AMERICA,STATE FARM INSURANCE,1,0.0004476275738585497
LABORATORY CORP. OF AMERICA,TEXTRON,1,0.0004476275738585497
LABORATORY CORP. OF AMERICA,THERMO FISHER SCIENTIFIC,2,0.0008952551477170994
LABORATORY CORP. OF AMERICA,UNION PACIFIC,1,0.0004476275738585497
LABORATORY CORP. OF AMERICA,UNITED AIRLINES HOLDINGS,1,0.0004476275738585497
LABORATORY CORP. OF AMERICA,UNITED TECHNOLOGIES,1,0.0004476275738585497
LABORATORY CORP. OF AMERICA,WALMART,1,0.0004476275738585497
LAS VEGAS SANDS,LOEWS,1,0.0004476275738585497
LAS VEGAS SANDS,MCKESSON,1,0.0004476275738585497
LAS VEGAS SANDS,MGM RESORTS INTERNATIONAL,1,0.0004476275738585497
LAS VEGAS SANDS,OWENS CORNING,1,0.0004476275738585497
LAS VEGAS SANDS,PRINCIPAL FINANCIAL,1,0.0004476275738585497
LAS VEGAS SANDS,UNITED PARCEL SERVICE,1,0.0004476275738585497
LEIDOS HOLDINGS,LOCKHEED MARTIN,13,0.005819158460161146
LEIDOS HOLDINGS,LOEWS,1,0.0004476275738585497
LEIDOS HOLDINGS,MAGELLAN HEALTH,2,0.0008952551477170994
LEIDOS HOLDINGS,MARRIOTT INTERNATIONAL,1,0.0004476275738585497
LEIDOS HOLDINGS,MICRON TECHNOLOGY,3,0.0013428827215756492
LEIDOS HOLDINGS,MICROSOFT,3,0.0013428827215756492
LEIDOS HOLDINGS,MOLINA HEALTHCARE,1,0.0004476275738585497
LEIDOS HOLDINGS,MOTOROLA SOLUTIONS,2,0.0008952551477170994
LEIDOS HOLDINGS,NATIONWIDE,3,0.0013428827215756492
LEIDOS HOLDINGS,NAVISTAR INTERNATIONAL,1,0.0004476275738585497
LEIDOS HOLDINGS,NORTHROP GRUMMAN,12,0.005371530886302597
LEIDOS HOLDINGS,NORTHWESTERN MUTUAL,1,0.0004476275738585497
LEIDOS HOLDINGS,ORACLE,5,0.0022381378692927483
LEIDOS HOLDINGS,OSHKOSH,1,0.0004476275738585497
LEIDOS HOLDINGS,PG&E,4,0.0017905102954341987
LEIDOS HOLDINGS,POLARIS INC,2,0.0008952551477170994
LEIDOS HOLDINGS,PPG INDUSTRIES,7,0.003133393017009848
LEIDOS HOLDINGS,PPL,3,0.0013428827215756492
LEIDOS HOLDINGS,PROCTER & GAMBLE,1,0.0004476275738585497
LEIDOS HOLDINGS,PUBLIC SERVICE ENTERPRISE GROUP,3,0.0013428827215756492
LEIDOS HOLDINGS,RAYTHEON,10,0.004476275738585497
LEIDOS HOLDINGS,SOUTHWEST AIRLINES,2,0.0008952551477170994
LEIDOS HOLDINGS,TEXTRON,3,0.0013428827215756492
LEIDOS HOLDINGS,THERMO FISHER SCIENTIFIC,2,0.0008952551477170994
LEIDOS HOLDINGS,UNION PACIFIC,8,0.0035810205908683975
LEIDOS HOLDINGS,UNITED AIRLINES HOLDINGS,7,0.003133393017009848
LEIDOS HOLDINGS,UNITED TECHNOLOGIES,9,0.0040286481647269475
LEIDOS HOLDINGS,USAA,1,0.0004476275738585497
LEIDOS HOLDINGS,VERIZON,1,0.0004476275738585497
LEIDOS HOLDINGS,WESTROCK,2,0.0008952551477170994
LEIDOS HOLDINGS,WEYERHAEUSER,1,0.0004476275738585497
LEIDOS HOLDINGS,XCEL ENERGY,6,0.0026857654431512983
LIBERTY MEDIA,LUMEN TECHNOLOGIES,1,0.0004476275738585497
LIBERTY MEDIA,MICROSOFT,2,0.0008952551477170994
LIBERTY MEDIA,MUTUAL OF OMAHA INSURANCE,2,0.0008952551477170994
LIBERTY MEDIA,NATIONWIDE,4,0.0017905102954341987
LIBERTY MEDIA,NAVIENT,1,0.0004476275738585497
LIBERTY MEDIA,ORACLE,1,0.0004476275738585497
LIBERTY MEDIA,QURATE RETAIL,3,0.0013428827215756492
LIBERTY MEDIA,STATE FARM INSURANCE,1,0.0004476275738585497
LIBERTY MEDIA,TARGET,2,0.0008952551477170994
LIBERTY MEDIA,UNITED AIRLINES HOLDINGS,2,0.0008952551477170994
LIBERTY MEDIA,VERIZON,2,0.0008952551477170994
LIBERTY MEDIA,XCEL ENERGY,1,0.0004476275738585497
LIBERTY MEDIA,YUM BRANDS,1,0.0004476275738585497
LIBERTY MUTUAL INSURANCE GROUP,LOCKHEED MARTIN,1,0.0004476275738585497
LIBERTY MUTUAL INSURANCE GROUP,LOEWS,1,0.0004476275738585497
LIBERTY MUTUAL INSURANCE GROUP,MARSH & MCLENNAN,1,0.0004476275738585497
LIBERTY MUTUAL INSURANCE GROUP,NATIONWIDE,7,0.003133393017009848
LIBERTY MUTUAL INSURANCE GROUP,NORTHWESTERN MUTUAL,1,0.0004476275738585497
LIBERTY MUTUAL INSURANCE GROUP,ORACLE,1,0.0004476275738585497
LIBERTY MUTUAL INSURANCE GROUP,OWENS CORNING,1,0.0004476275738585497
LIBERTY MUTUAL INSURANCE GROUP,PG&E,1,0.0004476275738585497
LIBERTY MUTUAL INSURANCE GROUP,PHILLIPS 66,1,0.0004476275738585497
LIBERTY MUTUAL INSURANCE GROUP,PPG INDUSTRIES,1,0.0004476275738585497
LIBERTY MUTUAL INSURANCE GROUP,PRINCIPAL FINANCIAL,1,0.0004476275738585497
LIBERTY MUTUAL INSURANCE GROUP,SOUTHERN,1,0.0004476275738585497
LIBERTY MUTUAL INSURANCE GROUP,STANLEY BLACK & DECKER,1,0.0004476275738585497
LIBERTY MUTUAL INSURANCE GROUP,STATE FARM INSURANCE,6,0.0026857654431512983
LIBERTY MUTUAL INSURANCE GROUP,TESLA,1,0.0004476275738585497
LIBERTY MUTUAL INSURANCE GROUP,TEXAS INSTRUMENTS,1,0.0004476275738585497
LIBERTY MUTUAL INSURANCE GROUP,UNION PACIFIC,2,0.0008952551477170994
LIBERTY MUTUAL INSURANCE GROUP,UNITED PARCEL SERVICE,1,0.0004476275738585497
LIBERTY MUTUAL INSURANCE GROUP,UNITED TECHNOLOGIES,1,0.0004476275738585497
LIBERTY MUTUAL INSURANCE GROUP,USAA,1,0.0004476275738585497
LIBERTY MUTUAL INSURANCE GROUP,VALERO ENERGY,1,0.0004476275738585497
LIBERTY MUTUAL INSURANCE GROUP,W.R. BERKLEY,1,0.0004476275738585497
LIBERTY MUTUAL INSURANCE GROUP,WALMART,1,0.0004476275738585497
LINCOLN NATIONAL,MASSACHUSETTS MUTUAL LIFE INSURANCE,2,0.0008952551477170994
LINCOLN NATIONAL,MUTUAL OF OMAHA INSURANCE,5,0.0022381378692927483
LINCOLN NATIONAL,NATIONWIDE,8,0.0035810205908683975
LINCOLN NATIONAL,NEW YORK LIFE INSURANCE,5,0.0022381378692927483
LINCOLN NATIONAL,NORTHERN TRUST,1,0.0004476275738585497
LINCOLN NATIONAL,NORTHWESTERN MUTUAL,9,0.0040286481647269475
LINCOLN NATIONAL,PNC FINANCIAL SERVICES,1,0.0004476275738585497
LINCOLN NATIONAL,PRINCIPAL FINANCIAL,9,0.0040286481647269475
LINCOLN NATIONAL,PRUDENTIAL FINANCIAL,9,0.0040286481647269475
LINCOLN NATIONAL,PUBLIX SUPER MARKETS,4,0.0017905102954341987
LINCOLN NATIONAL,RAYTHEON,1,0.0004476275738585497
LINCOLN NATIONAL,STATE FARM INSURANCE,2,0.0008952551477170994
LINCOLN NATIONAL,TIAA,5,0.0022381378692927483
LINCOLN NATIONAL,TRAVELERS,1,0.0004476275738585497
LINCOLN NATIONAL,U.S. BANCORP,1,0.0004476275738585497
LINCOLN NATIONAL,UNITED TECHNOLOGIES,1,0.0004476275738585497
LINCOLN NATIONAL,USAA,1,0.0004476275738585497
LINCOLN NATIONAL,WELLS FARGO,1,0.0004476275738585497
LINCOLN NATIONAL,XEROX,1,0.0004476275738585497
LIVE NATION ENTERTAINMENT,LOCKHEED MARTIN,1,0.0004476275738585497
LIVE NATION ENTERTAINMENT,LUMEN TECHNOLOGIES,1,0.0004476275738585497
LIVE NATION ENTERTAINMENT,NATIONWIDE,1,0.0004476275738585497
LIVE NATION ENTERTAINMENT,PPL,1,0.0004476275738585497
LIVE NATION ENTERTAINMENT,QUEST DIAGNOSTICS,1,0.0004476275738585497
LIVE NATION ENTERTAINMENT,WALGREENS BOOTS ALLIANCE,1,0.0004476275738585497
LIVE NATION ENTERTAINMENT,XCEL ENERGY,1,0.0004476275738585497
LOCKHEED MARTIN,LUMEN TECHNOLOGIES,1,0.0004476275738585497
LOCKHEED MARTIN,MAGELLAN HEALTH,2,0.0008952551477170994
LOCKHEED MARTIN,MARRIOTT INTERNATIONAL,1,0.0004476275738585497
LOCKHEED MARTIN,MARSH & MCLENNAN,1,0.0004476275738585497
LOCKHEED MARTIN,MASCO,1,0.0004476275738585497
LOCKHEED MARTIN,MICRON TECHNOLOGY,3,0.0013428827215756492
LOCKHEED MARTIN,MICROSOFT,6,0.0026857654431512983
LOCKHEED MARTIN,MOLINA HEALTHCARE,1,0.0004476275738585497
LOCKHEED MARTIN,MOTOROLA SOLUTIONS,5,0.0022381378692927483
LOCKHEED MARTIN,NATIONWIDE,4,0.0017905102954341987
LOCKHEED MARTIN,NAVISTAR INTERNATIONAL,1,0.0004476275738585497
LOCKHEED MARTIN,NORTHERN TRUST,2,0.0008952551477170994
LOCKHEED MARTIN,NORTHROP GRUMMAN,19,0.008504923903312443
LOCKHEED MARTIN,ORACLE,5,0.0022381378692927483
LOCKHEED MARTIN,OSHKOSH,2,0.0008952551477170994
LOCKHEED MARTIN,PG&E,9,0.0040286481647269475
LOCKHEED MARTIN,PHILLIPS 66,1,0.0004476275738585497
LOCKHEED MARTIN,PNC FINANCIAL SERVICES,1,0.0004476275738585497
LOCKHEED MARTIN,POLARIS INC,2,0.0008952551477170994
LOCKHEED MARTIN,PPG INDUSTRIES,11,0.004923903312444047
LOCKHEED MARTIN,PPL,9,0.0040286481647269475
LOCKHEED MARTIN,PROCTER & GAMBLE,1,0.0004476275738585497
LOCKHEED MARTIN,PUBLIC SERVICE ENTERPRISE GROUP,7,0.003133393017009848
LOCKHEED MARTIN,QUEST DIAGNOSTICS,1,0.0004476275738585497
LOCKHEED MARTIN,RAYTHEON,28,0.012533572068039392
LOCKHEED MARTIN,SEMPRA ENERGY,2,0.0008952551477170994
LOCKHEED MARTIN,SOUTHERN,1,0.0004476275738585497
LOCKHEED MARTIN,SOUTHWEST AIRLINES,7,0.003133393017009848
LOCKHEED MARTIN,SYNCHRONY FINANCIAL,3,0.0013428827215756492
LOCKHEED MARTIN,TEXAS INSTRUMENTS,1,0.0004476275738585497
LOCKHEED MARTIN,TEXTRON,6,0.0026857654431512983
LOCKHEED MARTIN,THERMO FISHER SCIENTIFIC,2,0.0008952551477170994
LOCKHEED MARTIN,UNION PACIFIC,12,0.005371530886302597
LOCKHEED MARTIN,UNITED AIRLINES HOLDINGS,4,0.0017905102954341987
LOCKHEED MARTIN,UNITED TECHNOLOGIES,7,0.003133393017009848
LOCKHEED MARTIN,USAA,2,0.0008952551477170994
LOCKHEED MARTIN,VERIZON,5,0.0022381378692927483
LOCKHEED MARTIN,WALGREENS BOOTS ALLIANCE,1,0.0004476275738585497
LOCKHEED MARTIN,WEC ENERGY GROUP,1,0.0004476275738585497
LOCKHEED MARTIN,WELLS FARGO,1,0.0004476275738585497
LOCKHEED MARTIN,WESTROCK,2,0.0008952551477170994
LOCKHEED MARTIN,WEYERHAEUSER,1,0.0004476275738585497
LOCKHEED MARTIN,WHIRLPOOL,1,0.0004476275738585497
LOCKHEED MARTIN,XCEL ENERGY,10,0.004476275738585497
LOEWS,MARATHON PETROLEUM,2,0.0008952551477170994
LOEWS,MARRIOTT INTERNATIONAL,6,0.0026857654431512983
LOEWS,MARSH & MCLENNAN,1,0.0004476275738585497
LOEWS,MGM RESORTS INTERNATIONAL,2,0.0008952551477170994
LOEWS,NATIONWIDE,4,0.0017905102954341987
LOEWS,NORTHWESTERN MUTUAL,1,0.0004476275738585497
LOEWS,ONEOK,3,0.0013428827215756492
LOEWS,PG&E,3,0.0013428827215756492
LOEWS,PHILLIPS 66,4,0.0017905102954341987
LOEWS,PPL,1,0.0004476275738585497
LOEWS,PUBLIC SERVICE ENTERPRISE GROUP,4,0.0017905102954341987
LOEWS,SEMPRA ENERGY,3,0.0013428827215756492
LOEWS,SHERWIN-WILLIAMS,1,0.0004476275738585497
LOEWS,STATE FARM INSURANCE,1,0.0004476275738585497
LOEWS,TIAA,1,0.0004476275738585497
LOEWS,USAA,1,0.0004476275738585497
LOEWS,W.R. BERKLEY,1,0.0004476275738585497
LOEWS,WEC ENERGY GROUP,1,0.0004476275738585497
LOEWS,XCEL ENERGY,4,0.0017905102954341987
LOWE'S,MCDONALD'S,2,0.0008952551477170994
LOWE'S,MUTUAL OF OMAHA INSURANCE,1,0.0004476275738585497
LOWE'S,NATIONWIDE,1,0.0004476275738585497
LOWE'S,NEW YORK LIFE INSURANCE,1,0.0004476275738585497
LOWE'S,NORTHWESTERN MUTUAL,1,0.0004476275738585497
LOWE'S,PEPSICO,2,0.0008952551477170994
LOWE'S,RITE AID,2,0.0008952551477170994
LOWE'S,STATE FARM INSURANCE,2,0.0008952551477170994
LOWE'S,SYSCO,2,0.0008952551477170994
LOWE'S,TARGET,1,0.0004476275738585497
LOWE'S,VERIZON,2,0.0008952551477170994
LOWE'S,WALGREENS BOOTS ALLIANCE,1,0.0004476275738585497
LOWE'S,WALMART,2,0.0008952551477170994
LOWE'S,WEYERHAEUSER,2,0.0008952551477170994
LOWE'S,YUM BRANDS,3,0.0013428827215756492
LUMEN TECHNOLOGIES,MCDONALD'S,1,0.0004476275738585497
LUMEN TECHNOLOGIES,MICROSOFT,1,0.0004476275738585497
LUMEN TECHNOLOGIES,NATIONWIDE,2,0.0008952551477170994
LUMEN TECHNOLOGIES,NAVIENT,1,0.0004476275738585497
LUMEN TECHNOLOGIES,ORACLE,1,0.0004476275738585497
LUMEN TECHNOLOGIES,PG&E,1,0.0004476275738585497
LUMEN TECHNOLOGIES,PPL,1,0.0004476275738585497
LUMEN TECHNOLOGIES,QUEST DIAGNOSTICS,1,0.0004476275738585497
LUMEN TECHNOLOGIES,UNITED TECHNOLOGIES,1,0.0004476275738585497
LUMEN TECHNOLOGIES,VERIZON,7,0.003133393017009848
LUMEN TECHNOLOGIES,WALGREENS BOOTS ALLIANCE,1,0.0004476275738585497
LUMEN TECHNOLOGIES,WINDSTREAM HOLDINGS,1,0.0004476275738585497
LUMEN TECHNOLOGIES,XCEL ENERGY,1,0.0004476275738585497
MAGELLAN HEALTH,MCKESSON,1,0.0004476275738585497
MAGELLAN HEALTH,MERCK,4,0.0017905102954341987
MAGELLAN HEALTH,MICROSOFT,1,0.0004476275738585497
MAGELLAN HEALTH,MOLINA HEALTHCARE,2,0.0008952551477170994
MAGELLAN HEALTH,MUTUAL OF OMAHA INSURANCE,3,0.0013428827215756492
MAGELLAN HEALTH,NAVISTAR INTERNATIONAL,1,0.0004476275738585497
MAGELLAN HEALTH,NORTHROP GRUMMAN,1,0.0004476275738585497
MAGELLAN HEALTH,ORACLE,1,0.0004476275738585497
MAGELLAN HEALTH,PG&E,2,0.0008952551477170994
MAGELLAN HEALTH,PPG INDUSTRIES,2,0.0008952551477170994
MAGELLAN HEALTH,PPL,2,0.0008952551477170994
MAGELLAN HEALTH,PUBLIC SERVICE ENTERPRISE GROUP,1,0.0004476275738585497
MAGELLAN HEALTH,RAYTHEON,2,0.0008952551477170994
MAGELLAN HEALTH,REGENERON PHARMACEUTICALS,2,0.0008952551477170994
MAGELLAN HEALTH,RITE AID,2,0.0008952551477170994
MAGELLAN HEALTH,SOUTHWEST AIRLINES,2,0.0008952551477170994
MAGELLAN HEALTH,TEXTRON,2,0.0008952551477170994
MAGELLAN HEALTH,THERMO FISHER SCIENTIFIC,1,0.0004476275738585497
MAGELLAN HEALTH,UNION PACIFIC,1,0.0004476275738585497
MAGELLAN HEALTH,UNITED AIRLINES HOLDINGS,1,0.0004476275738585497
MAGELLAN HEALTH,UNITED TECHNOLOGIES,1,0.0004476275738585497
MAGELLAN HEALTH,USAA,2,0.0008952551477170994
MAGELLAN HEALTH,WALGREENS BOOTS ALLIANCE,2,0.0008952551477170994
MAGELLAN HEALTH,WALMART,2,0.0008952551477170994
MAGELLAN HEALTH,XCEL ENERGY,2,0.0008952551477170994
MARATHON PETROLEUM,MOLSON COORS BEVERAGE,1,0.0004476275738585497
MARATHON PETROLEUM,ONEOK,2,0.0008952551477170994
MARATHON PETROLEUM,PEABODY ENERGY,1,0.0004476275738585497
MARATHON PETROLEUM,PG&E,6,0.0026857654431512983
MARATHON PETROLEUM,PHILLIPS 66,5,0.0022381378692927483
MARATHON PETROLEUM,PPL,3,0.0013428827215756492
MARATHON PETROLEUM,PRINCIPAL FINANCIAL,1,0.0004476275738585497
MARATHON PETROLEUM,PUBLIC SERVICE ENTERPRISE GROUP,1,0.0004476275738585497
MARATHON PETROLEUM,SEMPRA ENERGY,2,0.0008952551477170994
MARATHON PETROLEUM,TESLA,1,0.0004476275738585497
MARATHON PETROLEUM,UNION PACIFIC,1,0.0004476275738585497
MARATHON PETROLEUM,VF,1,0.0004476275738585497
MARATHON PETROLEUM,XCEL ENERGY,5,0.0022381378692927483
MARRIOTT INTERNATIONAL,MGM RESORTS INTERNATIONAL,1,0.0004476275738585497
MARRIOTT INTERNATIONAL,MUTUAL OF OMAHA INSURANCE,1,0.0004476275738585497
MARRIOTT INTERNATIONAL,NATIONWIDE,4,0.0017905102954341987
MARRIOTT INTERNATIONAL,NORTHERN TRUST,1,0.0004476275738585497
MARRIOTT INTERNATIONAL,NORTHWESTERN MUTUAL,1,0.0004476275738585497
MARRIOTT INTERNATIONAL,PRINCIPAL FINANCIAL,1,0.0004476275738585497
MARRIOTT INTERNATIONAL,SHERWIN-WILLIAMS,1,0.0004476275738585497
MARRIOTT INTERNATIONAL,UNION PACIFIC,1,0.0004476275738585497
MARSH & MCLENNAN,NATIONWIDE,1,0.0004476275738585497
MARSH & MCLENNAN,PHILLIPS 66,1,0.0004476275738585497
MARSH & MCLENNAN,RAYTHEON,1,0.0004476275738585497
MARSH & MCLENNAN,STATE FARM INSURANCE,1,0.0004476275738585497
MARSH & MCLENNAN,USAA,1,0.0004476275738585497
MARSH & MCLENNAN,W.R. BERKLEY,1,0.0004476275738585497
MASCO,MOTOROLA SOLUTIONS,1,0.0004476275738585497
MASCO,PG&E,1,0.0004476275738585497
MASCO,UNION PACIFIC,1,0.0004476275738585497
MASSACHUSETTS MUTUAL LIFE INSURANCE,METLIFE,1,0.0004476275738585497
MASSACHUSETTS MUTUAL LIFE INSURANCE,MICROSOFT,1,0.0004476275738585497
MASSACHUSETTS MUTUAL LIFE INSURANCE,MUTUAL OF OMAHA INSURANCE,1,0.0004476275738585497
MASSACHUSETTS MUTUAL LIFE INSURANCE,NATIONWIDE,2,0.0008952551477170994
MASSACHUSETTS MUTUAL LIFE INSURANCE,NEW YORK LIFE INSURANCE,1,0.0004476275738585497
MASSACHUSETTS MUTUAL LIFE INSURANCE,NEXTERA ENERGY,1,0.0004476275738585497
MASSACHUSETTS MUTUAL LIFE INSURANCE,NORTHWESTERN MUTUAL,1,0.0004476275738585497
MASSACHUSETTS MUTUAL LIFE INSURANCE,ORACLE,1,0.0004476275738585497
MASSACHUSETTS MUTUAL LIFE INSURANCE,OWENS-ILLINOIS,1,0.0004476275738585497
MASSACHUSETTS MUTUAL LIFE INSURANCE,PPG INDUSTRIES,1,0.0004476275738585497
MASSACHUSETTS MUTUAL LIFE INSURANCE,PRINCIPAL FINANCIAL,1,0.0004476275738585497
MASSACHUSETTS MUTUAL LIFE INSURANCE,PRUDENTIAL FINANCIAL,2,0.0008952551477170994
MASSACHUSETTS MUTUAL LIFE INSURANCE,RITE AID,1,0.0004476275738585497
MASSACHUSETTS MUTUAL LIFE INSURANCE,S&P GLOBAL,1,0.0004476275738585497
MASSACHUSETTS MUTUAL LIFE INSURANCE,TIAA,1,0.0004476275738585497
MASSACHUSETTS MUTUAL LIFE INSURANCE,W.R. BERKLEY,1,0.0004476275738585497
MASSACHUSETTS MUTUAL LIFE INSURANCE,WESCO INTERNATIONAL,1,0.0004476275738585497
MASSACHUSETTS MUTUAL LIFE INSURANCE,WESTERN UNION,1,0.0004476275738585497
MCDONALD'S,RITE AID,2,0.0008952551477170994
MCDONALD'S,UNITED TECHNOLOGIES,1,0.0004476275738585497
MCDONALD'S,VERIZON,2,0.0008952551477170994
MCDONALD'S,YUM BRANDS,2,0.0008952551477170994
MCKESSON,MERCK,1,0.0004476275738585497
MCKESSON,MOLINA HEALTHCARE,1,0.0004476275738585497
MCKESSON,MUTUAL OF OMAHA INSURANCE,1,0.0004476275738585497
MCKESSON,OWENS CORNING,1,0.0004476275738585497
MCKESSON,PRINCIPAL FINANCIAL,1,0.0004476275738585497
MCKESSON,REGENERON PHARMACEUTICALS,1,0.0004476275738585497
MCKESSON,RITE AID,1,0.0004476275738585497
MCKESSON,UNITED PARCEL SERVICE,1,0.0004476275738585497
MCKESSON,WALGREENS BOOTS ALLIANCE,1,0.0004476275738585497
MERCK,MOLINA HEALTHCARE,1,0.0004476275738585497
MERCK,MUTUAL OF OMAHA INSURANCE,4,0.0017905102954341987
MERCK,NAVISTAR INTERNATIONAL,1,0.0004476275738585497
MERCK,RAYTHEON,1,0.0004476275738585497
MERCK,REGENERON PHARMACEUTICALS,2,0.0008952551477170994
MERCK,RITE AID,2,0.0008952551477170994
MERCK,THERMO FISHER SCIENTIFIC,3,0.0013428827215756492
MERCK,WALGREENS BOOTS ALLIANCE,2,0.0008952551477170994
MERCK,WALMART,1,0.0004476275738585497
METLIFE,MICROSOFT,1,0.0004476275738585497
METLIFE,NATIONWIDE,1,0.0004476275738585497
METLIFE,NEXTERA ENERGY,1,0.0004476275738585497
METLIFE,ORACLE,1,0.0004476275738585497
METLIFE,OWENS-ILLINOIS,1,0.0004476275738585497
METLIFE,PPG INDUSTRIES,1,0.0004476275738585497
METLIFE,PRUDENTIAL FINANCIAL,1,0.0004476275738585497
METLIFE,RITE AID,1,0.0004476275738585497
METLIFE,S&P GLOBAL,1,0.0004476275738585497
METLIFE,W.R. BERKLEY,1,0.0004476275738585497
METLIFE,WESCO INTERNATIONAL,1,0.0004476275738585497
METLIFE,WESTERN UNION,1,0.0004476275738585497
MGM RESORTS INTERNATIONAL,PG&E,1,0.0004476275738585497
MGM RESORTS INTERNATIONAL,PUBLIC SERVICE ENTERPRISE GROUP,1,0.0004476275738585497
MGM RESORTS INTERNATIONAL,XCEL ENERGY,1,0.0004476275738585497
MICRON TECHNOLOGY,MICROSOFT,2,0.0008952551477170994
MICRON TECHNOLOGY,MOTOROLA SOLUTIONS,1,0.0004476275738585497
MICRON TECHNOLOGY,NORTHROP GRUMMAN,4,0.0017905102954341987
MICRON TECHNOLOGY,ORACLE,3,0.0013428827215756492
MICRON TECHNOLOGY,OSHKOSH,2,0.0008952551477170994
MICRON TECHNOLOGY,PG&E,1,0.0004476275738585497
MICRON TECHNOLOGY,PNC FINANCIAL SERVICES,1,0.0004476275738585497
MICRON TECHNOLOGY,PPG INDUSTRIES,4,0.0017905102954341987
MICRON TECHNOLOGY,PPL,3,0.0013428827215756492
MICRON TECHNOLOGY,PRINCIPAL FINANCIAL,3,0.0013428827215756492
MICRON TECHNOLOGY,PUBLIC SERVICE ENTERPRISE GROUP,3,0.0013428827215756492
MICRON TECHNOLOGY,QUALCOMM,1,0.0004476275738585497
MICRON TECHNOLOGY,RAYTHEON,1,0.0004476275738585497
MICRON TECHNOLOGY,SALESFORCE,4,0.0017905102954341987
MICRON TECHNOLOGY,SOUTHERN,2,0.0008952551477170994
MICRON TECHNOLOGY,STANLEY BLACK & DECKER,1,0.0004476275738585497
MICRON TECHNOLOGY,TEXAS INSTRUMENTS,4,0.0017905102954341987
MICRON TECHNOLOGY,THERMO FISHER SCIENTIFIC,1,0.0004476275738585497
MICRON TECHNOLOGY,UNION PACIFIC,2,0.0008952551477170994
MICRON TECHNOLOGY,UNITED TECHNOLOGIES,2,0.0008952551477170994
MICRON TECHNOLOGY,WESTERN DIGITAL,2,0.0008952551477170994
MICRON TECHNOLOGY,WESTROCK,2,0.0008952551477170994
MICRON TECHNOLOGY,XCEL ENERGY,3,0.0013428827215756492
MICROSOFT,MOTOROLA SOLUTIONS,3,0.0013428827215756492
MICROSOFT,MUTUAL OF OMAHA INSURANCE,1,0.0004476275738585497
MICROSOFT,NATIONWIDE,7,0.003133393017009848
MICROSOFT,NEXTERA ENERGY,1,0.0004476275738585497
MICROSOFT,NORTHROP GRUMMAN,1,0.0004476275738585497
MICROSOFT,NORTHWESTERN MUTUAL,2,0.0008952551477170994
MICROSOFT,ORACLE,10,0.004476275738585497
MICROSOFT,OWENS-ILLINOIS,1,0.0004476275738585497
MICROSOFT,PEABODY ENERGY,1,0.0004476275738585497
MICROSOFT,PG&E,3,0.0013428827215756492
MICROSOFT,PNC FINANCIAL SERVICES,1,0.0004476275738585497
MICROSOFT,POLARIS INC,1,0.0004476275738585497
MICROSOFT,PPG INDUSTRIES,2,0.0008952551477170994
MICROSOFT,PPL,3,0.0013428827215756492
MICROSOFT,PRINCIPAL FINANCIAL,3,0.0013428827215756492
MICROSOFT,PRUDENTIAL FINANCIAL,1,0.0004476275738585497
MICROSOFT,PUBLIC SERVICE ENTERPRISE GROUP,1,0.0004476275738585497
MICROSOFT,QUALCOMM,1,0.0004476275738585497
MICROSOFT,QURATE RETAIL,2,0.0008952551477170994
MICROSOFT,RAYTHEON,3,0.0013428827215756492
MICROSOFT,RITE AID,1,0.0004476275738585497
MICROSOFT,S&P GLOBAL,1,0.0004476275738585497
MICROSOFT,SALESFORCE,2,0.0008952551477170994
MICROSOFT,SEMPRA ENERGY,2,0.0008952551477170994
MICROSOFT,SOUTHERN,1,0.0004476275738585497
MICROSOFT,SOUTHWEST AIRLINES,1,0.0004476275738585497
MICROSOFT,STATE FARM INSURANCE,1,0.0004476275738585497
MICROSOFT,SYNCHRONY FINANCIAL,2,0.0008952551477170994
MICROSOFT,TARGET,3,0.0013428827215756492
MICROSOFT,TESLA,1,0.0004476275738585497
MICROSOFT,TEXAS INSTRUMENTS,3,0.0013428827215756492
MICROSOFT,TEXTRON,1,0.0004476275738585497
MICROSOFT,TIAA,1,0.0004476275738585497
MICROSOFT,UNITED AIRLINES HOLDINGS,2,0.0008952551477170994
MICROSOFT,UNITED TECHNOLOGIES,1,0.0004476275738585497
MICROSOFT,USAA,1,0.0004476275738585497
MICROSOFT,VERIZON,19,0.008504923903312443
MICROSOFT,W.R. BERKLEY,1,0.0004476275738585497
MICROSOFT,WALMART,2,0.0008952551477170994
MICROSOFT,WALT DISNEY,2,0.0008952551477170994
MICROSOFT,WEC ENERGY GROUP,1,0.0004476275738585497
MICROSOFT,WESCO INTERNATIONAL,1,0.0004476275738585497
MICROSOFT,WESTERN UNION,1,0.0004476275738585497
MICROSOFT,WINDSTREAM HOLDINGS,3,0.0013428827215756492
MICROSOFT,XCEL ENERGY,4,0.0017905102954341987
MICROSOFT,YUM BRANDS,1,0.0004476275738585497
MOLINA HEALTHCARE,MUTUAL OF OMAHA INSURANCE,4,0.0017905102954341987
MOLINA HEALTHCARE,NAVISTAR INTERNATIONAL,2,0.0008952551477170994
MOLINA HEALTHCARE,PG&E,1,0.0004476275738585497
MOLINA HEALTHCARE,PPG INDUSTRIES,1,0.0004476275738585497
MOLINA HEALTHCARE,PPL,1,0.0004476275738585497
MOLINA HEALTHCARE,PROCTER & GAMBLE,1,0.0004476275738585497
MOLINA HEALTHCARE,RAYTHEON,1,0.0004476275738585497
MOLINA HEALTHCARE,UNION PACIFIC,1,0.0004476275738585497
MOLINA HEALTHCARE,WALMART,1,0.0004476275738585497
MOLINA HEALTHCARE,XCEL ENERGY,1,0.0004476275738585497
MOLSON COORS BEVERAGE,PEPSICO,1,0.0004476275738585497
MOLSON COORS BEVERAGE,PG&E,1,0.0004476275738585497
MOLSON COORS BEVERAGE,S&P GLOBAL,2,0.0008952551477170994
MORGAN STANLEY,NATIONWIDE,1,0.0004476275738585497
MORGAN STANLEY,NAVIENT,2,0.0008952551477170994
MORGAN STANLEY,TIAA,2,0.0008952551477170994
MOTOROLA SOLUTIONS,NATIONWIDE,1,0.0004476275738585497
MOTOROLA SOLUTIONS,NORTHROP GRUMMAN,4,0.0017905102954341987
MOTOROLA SOLUTIONS,NORTHWESTERN MUTUAL,1,0.0004476275738585497
MOTOROLA SOLUTIONS,ORACLE,2,0.0008952551477170994
MOTOROLA SOLUTIONS,OSHKOSH,1,0.0004476275738585497
MOTOROLA SOLUTIONS,PG&E,3,0.0013428827215756492
MOTOROLA SOLUTIONS,PPG INDUSTRIES,2,0.0008952551477170994
MOTOROLA SOLUTIONS,PPL,2,0.0008952551477170994
MOTOROLA SOLUTIONS,PRINCIPAL FINANCIAL,1,0.0004476275738585497
MOTOROLA SOLUTIONS,PUBLIC SERVICE ENTERPRISE GROUP,4,0.0017905102954341987
MOTOROLA SOLUTIONS,RAYTHEON,4,0.0017905102954341987
MOTOROLA SOLUTIONS,SOUTHERN,1,0.0004476275738585497
MOTOROLA SOLUTIONS,SOUTHWEST AIRLINES,1,0.0004476275738585497
MOTOROLA SOLUTIONS,TEXTRON,1,0.0004476275738585497
MOTOROLA SOLUTIONS,THERMO FISHER SCIENTIFIC,1,0.0004476275738585497
MOTOROLA SOLUTIONS,UNION PACIFIC,4,0.0017905102954341987
MOTOROLA SOLUTIONS,UNITED TECHNOLOGIES,1,0.0004476275738585497
MOTOROLA SOLUTIONS,VERIZON,4,0.0017905102954341987
MOTOROLA SOLUTIONS,WINDSTREAM HOLDINGS,2,0.0008952551477170994
MOTOROLA SOLUTIONS,XCEL ENERGY,2,0.0008952551477170994
MUTUAL OF OMAHA INSURANCE,NATIONWIDE,9,0.0040286481647269475
MUTUAL OF OMAHA INSURANCE,NAVISTAR INTERNATIONAL,3,0.0013428827215756492
MUTUAL OF OMAHA INSURANCE,NEW YORK LIFE INSURANCE,4,0.0017905102954341987
MUTUAL OF OMAHA INSURANCE,NEXTERA ENERGY,1,0.0004476275738585497
MUTUAL OF OMAHA INSURANCE,NORTHERN TRUST,2,0.0008952551477170994
MUTUAL OF OMAHA INSURANCE,NORTHWESTERN MUTUAL,7,0.003133393017009848
MUTUAL OF OMAHA INSURANCE,PRINCIPAL FINANCIAL,5,0.0022381378692927483
MUTUAL OF OMAHA INSURANCE,PRUDENTIAL FINANCIAL,4,0.0017905102954341987
MUTUAL OF OMAHA INSURANCE,PUBLIX SUPER MARKETS,1,0.0004476275738585497
MUTUAL OF OMAHA INSURANCE,QURATE RETAIL,2,0.0008952551477170994
MUTUAL OF OMAHA INSURANCE,RAYTHEON,2,0.0008952551477170994
MUTUAL OF OMAHA INSURANCE,REGENERON PHARMACEUTICALS,2,0.0008952551477170994
MUTUAL OF OMAHA INSURANCE,RITE AID,2,0.0008952551477170994
MUTUAL OF OMAHA INSURANCE,STATE FARM INSURANCE,5,0.0022381378692927483
MUTUAL OF OMAHA INSURANCE,TARGET,3,0.0013428827215756492
MUTUAL OF OMAHA INSURANCE,TIAA,4,0.0017905102954341987
MUTUAL OF OMAHA INSURANCE,UNITED AIRLINES HOLDINGS,3,0.0013428827215756492
MUTUAL OF OMAHA INSURANCE,UNITED TECHNOLOGIES,1,0.0004476275738585497
MUTUAL OF OMAHA INSURANCE,USAA,1,0.0004476275738585497
MUTUAL OF OMAHA INSURANCE,WALGREENS BOOTS ALLIANCE,2,0.0008952551477170994
MUTUAL OF OMAHA INSURANCE,WALMART,3,0.0013428827215756492
MUTUAL OF OMAHA INSURANCE,XEROX,1,0.0004476275738585497
MUTUAL OF OMAHA INSURANCE,YUM BRANDS,3,0.0013428827215756492
NATIONWIDE,NAVIENT,2,0.0008952551477170994
NATIONWIDE,NCR,1,0.0004476275738585497
NATIONWIDE,NEW YORK LIFE INSURANCE,4,0.0017905102954341987
NATIONWIDE,NEXTERA ENERGY,1,0.0004476275738585497
NATIONWIDE,NORTHERN TRUST,1,0.0004476275738585497
NATIONWIDE,NORTHWESTERN MUTUAL,26,0.011638316920322292
NATIONWIDE,ONEOK,1,0.0004476275738585497
NATIONWIDE,ORACLE,3,0.0013428827215756492
NATIONWIDE,OWENS-ILLINOIS,1,0.0004476275738585497
NATIONWIDE,PEPSICO,1,0.0004476275738585497
NATIONWIDE,PG&E,2,0.0008952551477170994
NATIONWIDE,PHILLIPS 66,1,0.0004476275738585497
NATIONWIDE,PNC FINANCIAL SERVICES,1,0.0004476275738585497
NATIONWIDE,PPG INDUSTRIES,3,0.0013428827215756492
NATIONWIDE,PPL,2,0.0008952551477170994
NATIONWIDE,PRINCIPAL FINANCIAL,15,0.006714413607878245
NATIONWIDE,PRUDENTIAL FINANCIAL,7,0.003133393017009848
NATIONWIDE,PUBLIC SERVICE ENTERPRISE GROUP,1,0.0004476275738585497
NATIONWIDE,PUBLIX SUPER MARKETS,2,0.0008952551477170994
NATIONWIDE,QUEST DIAGNOSTICS,2,0.0008952551477170994
NATIONWIDE,QURATE RETAIL,3,0.0013428827215756492
NATIONWIDE,RAYTHEON,1,0.0004476275738585497
NATIONWIDE,RITE AID,1,0.0004476275738585497
NATIONWIDE,S&P GLOBAL,2,0.0008952551477170994
NATIONWIDE,SEMPRA ENERGY,1,0.0004476275738585497
NATIONWIDE,SHERWIN-WILLIAMS,1,0.0004476275738585497
NATIONWIDE,SOUTHWEST AIRLINES,2,0.0008952551477170994
NATIONWIDE,STATE FARM INSURANCE,10,0.004476275738585497
NATIONWIDE,SYNCHRONY FINANCIAL,3,0.0013428827215756492
NATIONWIDE,TARGET,3,0.0013428827215756492
NATIONWIDE,TENET HEALTHCARE,1,0.0004476275738585497
NATIONWIDE,TIAA,8,0.0035810205908683975
NATIONWIDE,UNION PACIFIC,4,0.0017905102954341987
NATIONWIDE,UNITED AIRLINES HOLDINGS,4,0.0017905102954341987
NATIONWIDE,UNITED PARCEL SERVICE,1,0.0004476275738585497
NATIONWIDE,USAA,1,0.0004476275738585497
NATIONWIDE,VERIZON,6,0.0026857654431512983
NATIONWIDE,W.R. BERKLEY,3,0.0013428827215756492
NATIONWIDE,WALGREENS BOOTS ALLIANCE,2,0.0008952551477170994
NATIONWIDE,WESCO INTERNATIONAL,1,0.0004476275738585497
NATIONWIDE,WESTERN UNION,1,0.0004476275738585497
NATIONWIDE,XCEL ENERGY,5,0.0022381378692927483
NATIONWIDE,YUM BRANDS,4,0.0017905102954341987
NAVIENT,PG&E,1,0.0004476275738585497
NAVIENT,QUEST DIAGNOSTICS,1,0.0004476275738585497
NAVIENT,SOUTHWEST AIRLINES,1,0.0004476275738585497
NAVIENT,TIAA,2,0.0008952551477170994
NAVIENT,UNION PACIFIC,1,0.0004476275738585497
NAVIENT,UNITED AIRLINES HOLDINGS,1,0.0004476275738585497
NAVIENT,VERIZON,1,0.0004476275738585497
NAVISTAR INTERNATIONAL,PG&E,1,0.0004476275738585497
NAVISTAR INTERNATIONAL,PPG INDUSTRIES,1,0.0004476275738585497
NAVISTAR INTERNATIONAL,PPL,1,0.0004476275738585497
NAVISTAR INTERNATIONAL,PROCTER & GAMBLE,1,0.0004476275738585497
NAVISTAR INTERNATIONAL,RAYTHEON,1,0.0004476275738585497
NAVISTAR INTERNATIONAL,RYDER SYSTEM,1,0.0004476275738585497
NAVISTAR INTERNATIONAL,TEXAS INSTRUMENTS,1,0.0004476275738585497
NAVISTAR INTERNATIONAL,UNION PACIFIC,1,0.0004476275738585497
NAVISTAR INTERNATIONAL,WALMART,1,0.0004476275738585497
NAVISTAR INTERNATIONAL,XCEL ENERGY,1,0.0004476275738585497
NEW YORK LIFE INSURANCE,NEXTERA ENERGY,1,0.0004476275738585497
NEW YORK LIFE INSURANCE,NORTHERN TRUST,2,0.0008952551477170994
NEW YORK LIFE INSURANCE,NORTHWESTERN MUTUAL,8,0.0035810205908683975
NEW YORK LIFE INSURANCE,PNC FINANCIAL SERVICES,1,0.0004476275738585497
NEW YORK LIFE INSURANCE,PRINCIPAL FINANCIAL,2,0.0008952551477170994
NEW YORK LIFE INSURANCE,PRUDENTIAL FINANCIAL,3,0.0013428827215756492
NEW YORK LIFE INSURANCE,RAYTHEON,1,0.0004476275738585497
NEW YORK LIFE INSURANCE,STATE FARM INSURANCE,3,0.0013428827215756492
NEW YORK LIFE INSURANCE,TIAA,4,0.0017905102954341987
NEW YORK LIFE INSURANCE,TRAVELERS,1,0.0004476275738585497
NEW YORK LIFE INSURANCE,U.S. BANCORP,1,0.0004476275738585497
NEW YORK LIFE INSURANCE,UNITED TECHNOLOGIES,1,0.0004476275738585497
NEW YORK LIFE INSURANCE,USAA,1,0.0004476275738585497
NEW YORK LIFE INSURANCE,WELLS FARGO,1,0.0004476275738585497
NEW YORK LIFE INSURANCE,XEROX,1,0.0004476275738585497
NEW YORK LIFE INSURANCE,YUM BRANDS,1,0.0004476275738585497
NEXTERA ENERGY,NORTHERN TRUST,1,0.0004476275738585497
NEXTERA ENERGY,NORTHWESTERN MUTUAL,1,0.0004476275738585497
NEXTERA ENERGY,ORACLE,1,0.0004476275738585497
NEXTERA ENERGY,OWENS-ILLINOIS,1,0.0004476275738585497
NEXTERA ENERGY,PG&E,1,0.0004476275738585497
NEXTERA ENERGY,PPG INDUSTRIES,1,0.0004476275738585497
NEXTERA ENERGY,PRUDENTIAL FINANCIAL,1,0.0004476275738585497
NEXTERA ENERGY,RITE AID,1,0.0004476275738585497
NEXTERA ENERGY,S&P GLOBAL,1,0.0004476275738585497
NEXTERA ENERGY,TIAA,1,0.0004476275738585497
NEXTERA ENERGY,W.R. BERKLEY,1,0.0004476275738585497
NEXTERA ENERGY,WESCO INTERNATIONAL,1,0.0004476275738585497
NEXTERA ENERGY,WESTERN UNION,1,0.0004476275738585497
NORFOLK SOUTHERN,UNION PACIFIC,7,0.003133393017009848
NORTHERN TRUST,NORTHWESTERN MUTUAL,3,0.0013428827215756492
NORTHERN TRUST,PNC FINANCIAL SERVICES,3,0.0013428827215756492
NORTHERN TRUST,PRINCIPAL FINANCIAL,1,0.0004476275738585497
NORTHERN TRUST,PRUDENTIAL FINANCIAL,1,0.0004476275738585497
NORTHERN TRUST,RAYTHEON,2,0.0008952551477170994
NORTHERN TRUST,REGIONS FINANCIAL,1,0.0004476275738585497
NORTHERN TRUST,SOUTHWEST AIRLINES,1,0.0004476275738585497
NORTHERN TRUST,STATE FARM INSURANCE,2,0.0008952551477170994
NORTHERN TRUST,STATE STREET CORP.,1,0.0004476275738585497
NORTHERN TRUST,SYNCHRONY FINANCIAL,1,0.0004476275738585497
NORTHERN TRUST,TIAA,4,0.0017905102954341987
NORTHERN TRUST,U.S. BANCORP,1,0.0004476275738585497
NORTHERN TRUST,UNITED TECHNOLOGIES,1,0.0004476275738585497
NORTHERN TRUST,USAA,1,0.0004476275738585497
NORTHERN TRUST,VISA,1,0.0004476275738585497
NORTHERN TRUST,W.R. BERKLEY,1,0.0004476275738585497
NORTHERN TRUST,WELLS FARGO,2,0.0008952551477170994
NORTHERN TRUST,WESTERN UNION,1,0.0004476275738585497
NORTHERN TRUST,XEROX,1,0.0004476275738585497
NORTHERN TRUST,YUM CHINA HOLDINGS,1,0.0004476275738585497
NORTHROP GRUMMAN,ORACLE,5,0.0022381378692927483
NORTHROP GRUMMAN,OSHKOSH,2,0.0008952551477170994
NORTHROP GRUMMAN,PG&E,4,0.0017905102954341987
NORTHROP GRUMMAN,POLARIS INC,2,0.0008952551477170994
NORTHROP GRUMMAN,PPG INDUSTRIES,7,0.003133393017009848
NORTHROP GRUMMAN,PPL,4,0.0017905102954341987
NORTHROP GRUMMAN,PUBLIC SERVICE ENTERPRISE GROUP,4,0.0017905102954341987
NORTHROP GRUMMAN,RAYTHEON,15,0.006714413607878245
NORTHROP GRUMMAN,SOUTHERN,1,0.0004476275738585497
NORTHROP GRUMMAN,SOUTHWEST AIRLINES,2,0.0008952551477170994
NORTHROP GRUMMAN,TEXTRON,3,0.0013428827215756492
NORTHROP GRUMMAN,THERMO FISHER SCIENTIFIC,2,0.0008952551477170994
NORTHROP GRUMMAN,UNION PACIFIC,6,0.0026857654431512983
NORTHROP GRUMMAN,UNITED AIRLINES HOLDINGS,3,0.0013428827215756492
NORTHROP GRUMMAN,UNITED TECHNOLOGIES,8,0.0035810205908683975
NORTHROP GRUMMAN,USAA,1,0.0004476275738585497
NORTHROP GRUMMAN,WESTROCK,2,0.0008952551477170994
NORTHROP GRUMMAN,XCEL ENERGY,5,0.0022381378692927483
NORTHWESTERN MUTUAL,ORACLE,1,0.0004476275738585497
NORTHWESTERN MUTUAL,PHILLIPS 66,1,0.0004476275738585497
NORTHWESTERN MUTUAL,PNC FINANCIAL SERVICES,2,0.0008952551477170994
NORTHWESTERN MUTUAL,PPG INDUSTRIES,1,0.0004476275738585497
NORTHWESTERN MUTUAL,PRINCIPAL FINANCIAL,17,0.007609668755595345
NORTHWESTERN MUTUAL,PRUDENTIAL FINANCIAL,9,0.0040286481647269475
NORTHWESTERN MUTUAL,RAYTHEON,1,0.0004476275738585497
NORTHWESTERN MUTUAL,REGIONS FINANCIAL,1,0.0004476275738585497
NORTHWESTERN MUTUAL,STATE FARM INSURANCE,6,0.0026857654431512983
NORTHWESTERN MUTUAL,STATE STREET CORP.,1,0.0004476275738585497
NORTHWESTERN MUTUAL,SYNCHRONY FINANCIAL,2,0.0008952551477170994
NORTHWESTERN MUTUAL,TARGET,1,0.0004476275738585497
NORTHWESTERN MUTUAL,TESLA,1,0.0004476275738585497
NORTHWESTERN MUTUAL,TIAA,12,0.005371530886302597
NORTHWESTERN MUTUAL,TRAVELERS,1,0.0004476275738585497
NORTHWESTERN MUTUAL,U.S. BANCORP,2,0.0008952551477170994
NORTHWESTERN MUTUAL,UNION PACIFIC,2,0.0008952551477170994
NORTHWESTERN MUTUAL,UNITED AIRLINES HOLDINGS,2,0.0008952551477170994
NORTHWESTERN MUTUAL,UNITED TECHNOLOGIES,2,0.0008952551477170994
NORTHWESTERN MUTUAL,USAA,1,0.0004476275738585497
NORTHWESTERN MUTUAL,VERIZON,2,0.0008952551477170994
NORTHWESTERN MUTUAL,VISA,1,0.0004476275738585497
NORTHWESTERN MUTUAL,WELLS FARGO,1,0.0004476275738585497
NORTHWESTERN MUTUAL,XCEL ENERGY,1,0.0004476275738585497
NORTHWESTERN MUTUAL,XEROX,1,0.0004476275738585497
NORTHWESTERN MUTUAL,YUM BRANDS,3,0.0013428827215756492
NRG ENERGY,PG&E,1,0.0004476275738585497
NRG ENERGY,PPL,1,0.0004476275738585497
NRG ENERGY,XCEL ENERGY,1,0.0004476275738585497
NUCOR,PHILLIPS 66,3,0.0013428827215756492
NUCOR,PPG INDUSTRIES,2,0.0008952551477170994
OLIN,PHILLIPS 66,1,0.0004476275738585497
OLIN,PPG INDUSTRIES,1,0.0004476275738585497
ONEOK,PG&E,2,0.0008952551477170994
ONEOK,PHILLIPS 66,2,0.0008952551477170994
ONEOK,PUBLIC SERVICE ENTERPRISE GROUP,2,0.0008952551477170994
ONEOK,SEMPRA ENERGY,3,0.0013428827215756492
ONEOK,UNION PACIFIC,1,0.0004476275738585497
ONEOK,UNITED PARCEL SERVICE,1,0.0004476275738585497
ONEOK,XCEL ENERGY,2,0.0008952551477170994
ORACLE,OWENS-ILLINOIS,1,0.0004476275738585497
ORACLE,PG&E,2,0.0008952551477170994
ORACLE,PHILLIPS 66,1,0.0004476275738585497
ORACLE,POLARIS INC,1,0.0004476275738585497
ORACLE,PPG INDUSTRIES,4,0.0017905102954341987
ORACLE,PPL,2,0.0008952551477170994
ORACLE,PRINCIPAL FINANCIAL,2,0.0008952551477170994
ORACLE,PRUDENTIAL FINANCIAL,1,0.0004476275738585497
ORACLE,QUALCOMM,1,0.0004476275738585497
ORACLE,QURATE RETAIL,1,0.0004476275738585497
ORACLE,RAYTHEON,4,0.0017905102954341987
ORACLE,RITE AID,1,0.0004476275738585497
ORACLE,S&P GLOBAL,1,0.0004476275738585497
ORACLE,SALESFORCE,2,0.0008952551477170994
ORACLE,SOUTHWEST AIRLINES,1,0.0004476275738585497
ORACLE,TARGET,2,0.0008952551477170994
ORACLE,TESLA,1,0.0004476275738585497
ORACLE,TEXAS INSTRUMENTS,3,0.0013428827215756492
ORACLE,TEXTRON,2,0.0008952551477170994
ORACLE,THERMO FISHER SCIENTIFIC,1,0.0004476275738585497
ORACLE,UNION PACIFIC,2,0.0008952551477170994
ORACLE,UNITED AIRLINES HOLDINGS,1,0.0004476275738585497
ORACLE,UNITED TECHNOLOGIES,3,0.0013428827215756492
ORACLE,USAA,1,0.0004476275738585497
ORACLE,VERIZON,11,0.004923903312444047
ORACLE,W.R. BERKLEY,1,0.0004476275738585497
ORACLE,WALMART,3,0.0013428827215756492
ORACLE,WALT DISNEY,2,0.0008952551477170994
ORACLE,WESCO INTERNATIONAL,1,0.0004476275738585497
ORACLE,WESTERN UNION,1,0.0004476275738585497
ORACLE,WESTROCK,1,0.0004476275738585497
ORACLE,WINDSTREAM HOLDINGS,3,0.0013428827215756492
ORACLE,XCEL ENERGY,3,0.0013428827215756492
OSHKOSH,PPG INDUSTRIES,2,0.0008952551477170994
OSHKOSH,PPL,1,0.0004476275738585497
OSHKOSH,PUBLIC SERVICE ENTERPRISE GROUP,2,0.0008952551477170994
OSHKOSH,RAYTHEON,1,0.0004476275738585497
OSHKOSH,SOUTHERN,1,0.0004476275738585497
OSHKOSH,UNION PACIFIC,1,0.0004476275738585497
OSHKOSH,UNITED TECHNOLOGIES,1,0.0004476275738585497
OSHKOSH,WESTROCK,1,0.0004476275738585497
OSHKOSH,XCEL ENERGY,1,0.0004476275738585497
OWENS CORNING,PG&E,1,0.0004476275738585497
OWENS CORNING,PPG INDUSTRIES,3,0.0013428827215756492
OWENS CORNING,PRINCIPAL FINANCIAL,1,0.0004476275738585497
OWENS CORNING,RAYTHEON,1,0.0004476275738585497
OWENS CORNING,SOUTHERN,1,0.0004476275738585497
OWENS CORNING,STANLEY BLACK & DECKER,1,0.0004476275738585497
OWENS CORNING,TESLA,1,0.0004476275738585497
OWENS CORNING,UNION PACIFIC,1,0.0004476275738585497
OWENS CORNING,UNITED PARCEL SERVICE,1,0.0004476275738585497
OWENS CORNING,UNITED TECHNOLOGIES,1,0.0004476275738585497
OWENS CORNING,VALERO ENERGY,1,0.0004476275738585497
OWENS CORNING,WALMART,1,0.0004476275738585497
OWENS CORNING,WHIRLPOOL,1,0.0004476275738585497
OWENS-ILLINOIS,PPG INDUSTRIES,1,0.0004476275738585497
OWENS-ILLINOIS,PRUDENTIAL FINANCIAL,1,0.0004476275738585497
OWENS-ILLINOIS,RITE AID,1,0.0004476275738585497
OWENS-ILLINOIS,S&P GLOBAL,1,0.0004476275738585497
OWENS-ILLINOIS,W.R. BERKLEY,1,0.0004476275738585497
OWENS-ILLINOIS,WESCO INTERNATIONAL,1,0.0004476275738585497
OWENS-ILLINOIS,WESTERN UNION,1,0.0004476275738585497
PEABODY ENERGY,PG&E,1,0.0004476275738585497
PEABODY ENERGY,PPL,2,0.0008952551477170994
PEABODY ENERGY,WEC ENERGY GROUP,1,0.0004476275738585497
PEABODY ENERGY,XCEL ENERGY,2,0.0008952551477170994
PEPSICO,S&P GLOBAL,1,0.0004476275738585497
PEPSICO,SYSCO,2,0.0008952551477170994
PEPSICO,THERMO FISHER SCIENTIFIC,1,0.0004476275738585497
PEPSICO,WEYERHAEUSER,2,0.0008952551477170994
PG&E,PHILLIPS 66,6,0.0026857654431512983
PG&E,PPG INDUSTRIES,7,0.003133393017009848
PG&E,PPL,24,0.010743061772605193
PG&E,PRINCIPAL FINANCIAL,1,0.0004476275738585497
PG&E,PROCTER & GAMBLE,1,0.0004476275738585497
PG&E,PUBLIC SERVICE ENTERPRISE GROUP,14,0.006266786034019696
PG&E,QUEST DIAGNOSTICS,1,0.0004476275738585497
PG&E,RAYTHEON,3,0.0013428827215756492
PG&E,SEMPRA ENERGY,3,0.0013428827215756492
PG&E,SOUTHERN,7,0.003133393017009848
PG&E,SOUTHWEST AIRLINES,3,0.0013428827215756492
PG&E,STANLEY BLACK & DECKER,2,0.0008952551477170994
PG&E,TESLA,5,0.0022381378692927483
PG&E,TEXTRON,3,0.0013428827215756492
PG&E,THERMO FISHER SCIENTIFIC,2,0.0008952551477170994
PG&E,UNION PACIFIC,9,0.0040286481647269475
PG&E,UNITED AIRLINES HOLDINGS,2,0.0008952551477170994
PG&E,UNITED TECHNOLOGIES,2,0.0008952551477170994
PG&E,USAA,2,0.0008952551477170994
PG&E,VALERO ENERGY,1,0.0004476275738585497
PG&E,VERIZON,2,0.0008952551477170994
PG&E,VF,3,0.0013428827215756492
PG&E,WEC ENERGY GROUP,3,0.0013428827215756492
PG&E,WESTROCK,1,0.0004476275738585497
PG&E,WEYERHAEUSER,1,0.0004476275738585497
PG&E,WHIRLPOOL,1,0.0004476275738585497
PG&E,XCEL ENERGY,36,0.01611459265890779
PHILLIPS 66,PPG INDUSTRIES,7,0.003133393017009848
PHILLIPS 66,PPL,1,0.0004476275738585497
PHILLIPS 66,PRINCIPAL FINANCIAL,2,0.0008952551477170994
PHILLIPS 66,PUBLIC SERVICE ENTERPRISE GROUP,3,0.0013428827215756492
PHILLIPS 66,RAYTHEON,1,0.0004476275738585497
PHILLIPS 66,REGIONS FINANCIAL,1,0.0004476275738585497
PHILLIPS 66,SEMPRA ENERGY,3,0.0013428827215756492
PHILLIPS 66,TESLA,1,0.0004476275738585497
PHILLIPS 66,TEXAS INSTRUMENTS,1,0.0004476275738585497
PHILLIPS 66,UNION PACIFIC,3,0.0013428827215756492
PHILLIPS 66,UNITED TECHNOLOGIES,2,0.0008952551477170994
PHILLIPS 66,WALMART,1,0.0004476275738585497
PHILLIPS 66,WEC ENERGY GROUP,1,0.0004476275738585497
PHILLIPS 66,XCEL ENERGY,5,0.0022381378692927483
PNC FINANCIAL SERVICES,PRINCIPAL FINANCIAL,1,0.0004476275738585497
PNC FINANCIAL SERVICES,PRUDENTIAL FINANCIAL,1,0.0004476275738585497
PNC FINANCIAL SERVICES,REGIONS FINANCIAL,1,0.0004476275738585497
PNC FINANCIAL SERVICES,SALESFORCE,1,0.0004476275738585497
PNC FINANCIAL SERVICES,STANLEY BLACK & DECKER,1,0.0004476275738585497
PNC FINANCIAL SERVICES,STATE FARM INSURANCE,2,0.0008952551477170994
PNC FINANCIAL SERVICES,STATE STREET CORP.,1,0.0004476275738585497
PNC FINANCIAL SERVICES,SYNCHRONY FINANCIAL,2,0.0008952551477170994
PNC FINANCIAL SERVICES,TIAA,3,0.0013428827215756492
PNC FINANCIAL SERVICES,TRAVELERS,1,0.0004476275738585497
PNC FINANCIAL SERVICES,U.S. BANCORP,2,0.0008952551477170994
PNC FINANCIAL SERVICES,VISA,1,0.0004476275738585497
PNC FINANCIAL SERVICES,WELLS FARGO,5,0.0022381378692927483
PNC FINANCIAL SERVICES,WESTERN UNION,2,0.0008952551477170994
POLARIS INC,PPG INDUSTRIES,2,0.0008952551477170994
POLARIS INC,RAYTHEON,2,0.0008952551477170994
POLARIS INC,TEXTRON,1,0.0004476275738585497
POLARIS INC,UNITED TECHNOLOGIES,2,0.0008952551477170994
POLARIS INC,VF,1,0.0004476275738585497
POLARIS INC,WEYERHAEUSER,1,0.0004476275738585497
PPG INDUSTRIES,PPL,6,0.0026857654431512983
PPG INDUSTRIES,PRINCIPAL FINANCIAL,1,0.0004476275738585497
PPG INDUSTRIES,PROCTER & GAMBLE,1,0.0004476275738585497
PPG INDUSTRIES,PRUDENTIAL FINANCIAL,1,0.0004476275738585497
PPG INDUSTRIES,PUBLIC SERVICE ENTERPRISE GROUP,4,0.0017905102954341987
PPG INDUSTRIES,RAYTHEON,5,0.0022381378692927483
PPG INDUSTRIES,RITE AID,1,0.0004476275738585497
PPG INDUSTRIES,S&P GLOBAL,1,0.0004476275738585497
PPG INDUSTRIES,SOUTHERN,4,0.0017905102954341987
PPG INDUSTRIES,SOUTHWEST AIRLINES,3,0.0013428827215756492
PPG INDUSTRIES,STANLEY BLACK & DECKER,1,0.0004476275738585497
PPG INDUSTRIES,TESLA,2,0.0008952551477170994
PPG INDUSTRIES,TEXTRON,4,0.0017905102954341987
PPG INDUSTRIES,THERMO FISHER SCIENTIFIC,2,0.0008952551477170994
PPG INDUSTRIES,UNION PACIFIC,12,0.005371530886302597
PPG INDUSTRIES,UNITED AIRLINES HOLDINGS,1,0.0004476275738585497
PPG INDUSTRIES,UNITED TECHNOLOGIES,6,0.0026857654431512983
PPG INDUSTRIES,USAA,2,0.0008952551477170994
PPG INDUSTRIES,VALERO ENERGY,1,0.0004476275738585497
PPG INDUSTRIES,W.R. BERKLEY,1,0.0004476275738585497
PPG INDUSTRIES,WELLS FARGO,1,0.0004476275738585497
PPG INDUSTRIES,WESCO INTERNATIONAL,1,0.0004476275738585497
PPG INDUSTRIES,WESTERN UNION,1,0.0004476275738585497
PPG INDUSTRIES,WESTROCK,2,0.0008952551477170994
PPG INDUSTRIES,XCEL ENERGY,7,0.003133393017009848
PPL,PRINCIPAL FINANCIAL,1,0.0004476275738585497
PPL,PROCTER & GAMBLE,1,0.0004476275738585497
PPL,PUBLIC SERVICE ENTERPRISE GROUP,8,0.0035810205908683975
PPL,QUEST DIAGNOSTICS,1,0.0004476275738585497
PPL,RAYTHEON,3,0.0013428827215756492
PPL,SOUTHERN,9,0.0040286481647269475
PPL,SOUTHWEST AIRLINES,3,0.0013428827215756492
PPL,TENET HEALTHCARE,1,0.0004476275738585497
PPL,TESLA,4,0.0017905102954341987
PPL,TEXTRON,2,0.0008952551477170994
PPL,THERMO FISHER SCIENTIFIC,1,0.0004476275738585497
PPL,UNION PACIFIC,6,0.0026857654431512983
PPL,UNITED AIRLINES HOLDINGS,1,0.0004476275738585497
PPL,UNITED TECHNOLOGIES,1,0.0004476275738585497
PPL,USAA,2,0.0008952551477170994
PPL,VERIZON,1,0.0004476275738585497
PPL,VF,2,0.0008952551477170994
PPL,WALGREENS BOOTS ALLIANCE,2,0.0008952551477170994
PPL,WEC ENERGY GROUP,1,0.0004476275738585497
PPL,WELLS FARGO,1,0.0004476275738585497
PPL,WESTROCK,1,0.0004476275738585497
PPL,XCEL ENERGY,42,0.018800358102059087
PRINCIPAL FINANCIAL,PRUDENTIAL FINANCIAL,12,0.005371530886302597
PRINCIPAL FINANCIAL,PUBLIX SUPER MARKETS,3,0.0013428827215756492
PRINCIPAL FINANCIAL,RAYTHEON,1,0.0004476275738585497
PRINCIPAL FINANCIAL,SALESFORCE,3,0.0013428827215756492
PRINCIPAL FINANCIAL,STANLEY BLACK & DECKER,1,0.0004476275738585497
PRINCIPAL FINANCIAL,STATE FARM INSURANCE,1,0.0004476275738585497
PRINCIPAL FINANCIAL,TESLA,1,0.0004476275738585497
PRINCIPAL FINANCIAL,TEXAS INSTRUMENTS,2,0.0008952551477170994
PRINCIPAL FINANCIAL,TIAA,8,0.0035810205908683975
PRINCIPAL FINANCIAL,UNION PACIFIC,3,0.0013428827215756492
PRINCIPAL FINANCIAL,UNITED PARCEL SERVICE,1,0.0004476275738585497
PRINCIPAL FINANCIAL,UNITED TECHNOLOGIES,2,0.0008952551477170994
PRINCIPAL FINANCIAL,USAA,1,0.0004476275738585497
PRINCIPAL FINANCIAL,VERIZON,1,0.0004476275738585497
PRINCIPAL FINANCIAL,XCEL ENERGY,2,0.0008952551477170994
PRINCIPAL FINANCIAL,XEROX,1,0.0004476275738585497
PROCTER & GAMBLE,UNION PACIFIC,1,0.0004476275738585497
PROCTER & GAMBLE,WHIRLPOOL,1,0.0004476275738585497
PROCTER & GAMBLE,XCEL ENERGY,1,0.0004476275738585497
PRUDENTIAL FINANCIAL,PUBLIX SUPER MARKETS,4,0.0017905102954341987
PRUDENTIAL FINANCIAL,RAYTHEON,1,0.0004476275738585497
PRUDENTIAL FINANCIAL,RITE AID,1,0.0004476275738585497
PRUDENTIAL FINANCIAL,S&P GLOBAL,1,0.0004476275738585497
PRUDENTIAL FINANCIAL,STATE FARM INSURANCE,2,0.0008952551477170994
PRUDENTIAL FINANCIAL,TESLA,1,0.0004476275738585497
PRUDENTIAL FINANCIAL,TIAA,8,0.0035810205908683975
PRUDENTIAL FINANCIAL,TRAVELERS,1,0.0004476275738585497
PRUDENTIAL FINANCIAL,U.S. BANCORP,1,0.0004476275738585497
PRUDENTIAL FINANCIAL,UNITED TECHNOLOGIES,1,0.0004476275738585497
PRUDENTIAL FINANCIAL,USAA,1,0.0004476275738585497
PRUDENTIAL FINANCIAL,W.R. BERKLEY,1,0.0004476275738585497
PRUDENTIAL FINANCIAL,WELLS FARGO,1,0.0004476275738585497
PRUDENTIAL FINANCIAL,WESCO INTERNATIONAL,1,0.0004476275738585497
PRUDENTIAL FINANCIAL,WESTERN UNION,1,0.0004476275738585497
PRUDENTIAL FINANCIAL,XEROX,1,0.0004476275738585497
PUBLIC SERVICE ENTERPRISE GROUP,RAYTHEON,3,0.0013428827215756492
PUBLIC SERVICE ENTERPRISE GROUP,SEMPRA ENERGY,2,0.0008952551477170994
PUBLIC SERVICE ENTERPRISE GROUP,SOUTHERN,1,0.0004476275738585497
PUBLIC SERVICE ENTERPRISE GROUP,SOUTHWEST AIRLINES,2,0.0008952551477170994
PUBLIC SERVICE ENTERPRISE GROUP,TENET HEALTHCARE,1,0.0004476275738585497
PUBLIC SERVICE ENTERPRISE GROUP,TEXTRON,2,0.0008952551477170994
PUBLIC SERVICE ENTERPRISE GROUP,THERMO FISHER SCIENTIFIC,1,0.0004476275738585497
PUBLIC SERVICE ENTERPRISE GROUP,UNION PACIFIC,4,0.0017905102954341987
PUBLIC SERVICE ENTERPRISE GROUP,UNITED TECHNOLOGIES,3,0.0013428827215756492
PUBLIC SERVICE ENTERPRISE GROUP,USAA,1,0.0004476275738585497
PUBLIC SERVICE ENTERPRISE GROUP,VERIZON,1,0.0004476275738585497
PUBLIC SERVICE ENTERPRISE GROUP,WALGREENS BOOTS ALLIANCE,1,0.0004476275738585497
PUBLIC SERVICE ENTERPRISE GROUP,WEC ENERGY GROUP,2,0.0008952551477170994
PUBLIC SERVICE ENTERPRISE GROUP,WESTROCK,1,0.0004476275738585497
PUBLIC SERVICE ENTERPRISE GROUP,WEYERHAEUSER,1,0.0004476275738585497
PUBLIC SERVICE ENTERPRISE GROUP,WHIRLPOOL,1,0.0004476275738585497
PUBLIC SERVICE ENTERPRISE GROUP,XCEL ENERGY,17,0.007609668755595345
PUBLIX SUPER MARKETS,YUM BRANDS,1,0.0004476275738585497
QUALCOMM,TEXAS INSTRUMENTS,1,0.0004476275738585497
QUALCOMM,VERIZON,4,0.0017905102954341987
QUALCOMM,WESTERN DIGITAL,1,0.0004476275738585497
QUEST DIAGNOSTICS,SOUTHWEST AIRLINES,1,0.0004476275738585497
QUEST DIAGNOSTICS,THERMO FISHER SCIENTIFIC,2,0.0008952551477170994
QUEST DIAGNOSTICS,UNION PACIFIC,1,0.0004476275738585497
QUEST DIAGNOSTICS,UNITED AIRLINES HOLDINGS,1,0.0004476275738585497
QUEST DIAGNOSTICS,WALGREENS BOOTS ALLIANCE,1,0.0004476275738585497
QUEST DIAGNOSTICS,XCEL ENERGY,1,0.0004476275738585497
QURATE RETAIL,STATE FARM INSURANCE,1,0.0004476275738585497
QURATE RETAIL,TARGET,2,0.0008952551477170994
QURATE RETAIL,UNITED AIRLINES HOLDINGS,2,0.0008952551477170994
QURATE RETAIL,VERIZON,1,0.0004476275738585497
QURATE RETAIL,XCEL ENERGY,1,0.0004476275738585497
QURATE RETAIL,YUM BRANDS,1,0.0004476275738585497
RAYTHEON,SOUTHERN,1,0.0004476275738585497
RAYTHEON,SOUTHWEST AIRLINES,9,0.0040286481647269475
RAYTHEON,STATE FARM INSURANCE,1,0.0004476275738585497
RAYTHEON,TEXAS INSTRUMENTS,1,0.0004476275738585497
RAYTHEON,TEXTRON,5,0.0022381378692927483
RAYTHEON,THERMO FISHER SCIENTIFIC,1,0.0004476275738585497
RAYTHEON,TIAA,1,0.0004476275738585497
RAYTHEON,UNION PACIFIC,8,0.0035810205908683975
RAYTHEON,UNITED AIRLINES HOLDINGS,6,0.0026857654431512983
RAYTHEON,UNITED TECHNOLOGIES,14,0.006266786034019696
RAYTHEON,USAA,2,0.0008952551477170994
RAYTHEON,VERIZON,1,0.0004476275738585497
RAYTHEON,W.R. BERKLEY,1,0.0004476275738585497
RAYTHEON,WALMART,2,0.0008952551477170994
RAYTHEON,WHIRLPOOL,1,0.0004476275738585497
RAYTHEON,XCEL ENERGY,2,0.0008952551477170994
RAYTHEON,XEROX,1,0.0004476275738585497
REGENERON PHARMACEUTICALS,RITE AID,2,0.0008952551477170994
REGENERON PHARMACEUTICALS,WALGREENS BOOTS ALLIANCE,2,0.0008952551477170994
REGIONS FINANCIAL,STATE FARM INSURANCE,1,0.0004476275738585497
REGIONS FINANCIAL,STATE STREET CORP.,1,0.0004476275738585497
REGIONS FINANCIAL,SYNCHRONY FINANCIAL,1,0.0004476275738585497
REGIONS FINANCIAL,U.S. BANCORP,1,0.0004476275738585497
REGIONS FINANCIAL,VISA,1,0.0004476275738585497
RITE AID,S&P GLOBAL,1,0.0004476275738585497
RITE AID,VERIZON,2,0.0008952551477170994
RITE AID,W.R. BERKLEY,1,0.0004476275738585497
RITE AID,WALGREENS BOOTS ALLIANCE,3,0.0013428827215756492
RITE AID,WALMART,2,0.0008952551477170994
RITE AID,WESCO INTERNATIONAL,1,0.0004476275738585497
RITE AID,WESTERN UNION,1,0.0004476275738585497
RITE AID,YUM BRANDS,2,0.0008952551477170994
S&P GLOBAL,W.R. BERKLEY,1,0.0004476275738585497
S&P GLOBAL,WESCO INTERNATIONAL,1,0.0004476275738585497
S&P GLOBAL,WESTERN UNION,1,0.0004476275738585497
SALESFORCE,STANLEY BLACK & DECKER,1,0.0004476275738585497
SALESFORCE,TEXAS INSTRUMENTS,2,0.0008952551477170994
SALESFORCE,XCEL ENERGY,1,0.0004476275738585497
SEMPRA ENERGY,SYNCHRONY FINANCIAL,2,0.0008952551477170994
SEMPRA ENERGY,UNION PACIFIC,1,0.0004476275738585497
SEMPRA ENERGY,UNITED PARCEL SERVICE,1,0.0004476275738585497
SEMPRA ENERGY,VERIZON,2,0.0008952551477170994
SEMPRA ENERGY,XCEL ENERGY,3,0.0013428827215756492
SOUTHERN,STANLEY BLACK & DECKER,1,0.0004476275738585497
SOUTHERN,TESLA,2,0.0008952551477170994
SOUTHERN,UNION PACIFIC,3,0.0013428827215756492
SOUTHERN,VALERO ENERGY,1,0.0004476275738585497
SOUTHERN,VERIZON,1,0.0004476275738585497
SOUTHERN,XCEL ENERGY,11,0.004923903312444047
SOUTHWEST AIRLINES,TEXTRON,3,0.0013428827215756492
SOUTHWEST AIRLINES,UNION PACIFIC,7,0.003133393017009848
SOUTHWEST AIRLINES,UNITED AIRLINES HOLDINGS,12,0.005371530886302597
SOUTHWEST AIRLINES,UNITED PARCEL SERVICE,1,0.0004476275738585497
SOUTHWEST AIRLINES,UNITED TECHNOLOGIES,3,0.0013428827215756492
SOUTHWEST AIRLINES,USAA,2,0.0008952551477170994
SOUTHWEST AIRLINES,VERIZON,1,0.0004476275738585497
SOUTHWEST AIRLINES,W.R. BERKLEY,1,0.0004476275738585497
SOUTHWEST AIRLINES,XCEL ENERGY,3,0.0013428827215756492
STANLEY BLACK & DECKER,TESLA,1,0.0004476275738585497
STANLEY BLACK & DECKER,UNION PACIFIC,1,0.0004476275738585497
STANLEY BLACK & DECKER,VALERO ENERGY,1,0.0004476275738585497
STANLEY BLACK & DECKER,VF,1,0.0004476275738585497
STANLEY BLACK & DECKER,WEYERHAEUSER,1,0.0004476275738585497
STARBUCKS,WALMART,1,0.0004476275738585497
STATE FARM INSURANCE,STATE STREET CORP.,1,0.0004476275738585497
STATE FARM INSURANCE,SYNCHRONY FINANCIAL,2,0.0008952551477170994
STATE FARM INSURANCE,TARGET,1,0.0004476275738585497
STATE FARM INSURANCE,TIAA,2,0.0008952551477170994
STATE FARM INSURANCE,TRAVELERS,1,0.0004476275738585497
STATE FARM INSURANCE,U.S. BANCORP,2,0.0008952551477170994
STATE FARM INSURANCE,UNITED AIRLINES HOLDINGS,1,0.0004476275738585497
STATE FARM INSURANCE,UNITED PARCEL SERVICE,1,0.0004476275738585497
STATE FARM INSURANCE,UNITED TECHNOLOGIES,1,0.0004476275738585497
STATE FARM INSURANCE,USAA,2,0.0008952551477170994
STATE FARM INSURANCE,VERIZON,1,0.0004476275738585497
STATE FARM INSURANCE,VISA,1,0.0004476275738585497
STATE FARM INSURANCE,W.R. BERKLEY,1,0.0004476275738585497
STATE FARM INSURANCE,WELLS FARGO,1,0.0004476275738585497
STATE FARM INSURANCE,XEROX,1,0.0004476275738585497
STATE FARM INSURANCE,YUM BRANDS,2,0.0008952551477170994
STATE STREET CORP.,SYNCHRONY FINANCIAL,1,0.0004476275738585497
STATE STREET CORP.,U.S. BANCORP,1,0.0004476275738585497
STATE STREET CORP.,VISA,1,0.0004476275738585497
SYNCHRONY FINANCIAL,TIAA,1,0.0004476275738585497
SYNCHRONY FINANCIAL,U.S. BANCORP,1,0.0004476275738585497
SYNCHRONY FINANCIAL,VERIZON,4,0.0017905102954341987
SYNCHRONY FINANCIAL,VISA,1,0.0004476275738585497
SYSCO,WEYERHAEUSER,2,0.0008952551477170994
TARGET,TESLA,1,0.0004476275738585497
TARGET,UNITED AIRLINES HOLDINGS,3,0.0013428827215756492
TARGET,WALGREENS BOOTS ALLIANCE,2,0.0008952551477170994
TARGET,WALMART,5,0.0022381378692927483
TARGET,WALT DISNEY,2,0.0008952551477170994
TARGET,YUM BRANDS,2,0.0008952551477170994
TENET HEALTHCARE,WALGREENS BOOTS ALLIANCE,1,0.0004476275738585497
TENET HEALTHCARE,XCEL ENERGY,1,0.0004476275738585497
TENNECO,XCEL ENERGY,1,0.0004476275738585497
TESLA,UNION PACIFIC,2,0.0008952551477170994
TESLA,UNITED TECHNOLOGIES,1,0.0004476275738585497
TESLA,VALERO ENERGY,1,0.0004476275738585497
TESLA,VF,4,0.0017905102954341987
TESLA,WALMART,1,0.0004476275738585497
TESLA,WALT DISNEY,1,0.0004476275738585497
TESLA,XCEL ENERGY,5,0.0022381378692927483
TEXAS INSTRUMENTS,UNION PACIFIC,1,0.0004476275738585497
TEXAS INSTRUMENTS,UNITED TECHNOLOGIES,1,0.0004476275738585497
TEXAS INSTRUMENTS,VERIZON,2,0.0008952551477170994
TEXAS INSTRUMENTS,WALMART,1,0.0004476275738585497
TEXAS INSTRUMENTS,WESTERN DIGITAL,2,0.0008952551477170994
TEXAS INSTRUMENTS,WESTROCK,1,0.0004476275738585497
TEXTRON,THERMO FISHER SCIENTIFIC,1,0.0004476275738585497
TEXTRON,UNION PACIFIC,2,0.0008952551477170994
TEXTRON,UNITED AIRLINES HOLDINGS,1,0.0004476275738585497
TEXTRON,UNITED TECHNOLOGIES,3,0.0013428827215756492
TEXTRON,USAA,2,0.0008952551477170994
TEXTRON,XCEL ENERGY,2,0.0008952551477170994
THERMO FISHER SCIENTIFIC,UNION PACIFIC,2,0.0008952551477170994
THERMO FISHER SCIENTIFIC,UNITED TECHNOLOGIES,1,0.0004476275738585497
THERMO FISHER SCIENTIFIC,WESTROCK,1,0.0004476275738585497
THERMO FISHER SCIENTIFIC,XCEL ENERGY,1,0.0004476275738585497
TIAA,UNITED TECHNOLOGIES,1,0.0004476275738585497
TIAA,USAA,1,0.0004476275738585497
TIAA,VERIZON,1,0.0004476275738585497
TIAA,WELLS FARGO,2,0.0008952551477170994
TIAA,WESTERN UNION,1,0.0004476275738585497
TIAA,XEROX,1,0.0004476275738585497
TRAVELERS,U.S. BANCORP,1,0.0004476275738585497
TRAVELERS,WELLS FARGO,1,0.0004476275738585497
U.S. BANCORP,VISA,1,0.0004476275738585497
U.S. BANCORP,WELLS FARGO,1,0.0004476275738585497
UNION PACIFIC,UNITED AIRLINES HOLDINGS,4,0.0017905102954341987
UNION PACIFIC,UNITED PARCEL SERVICE,1,0.0004476275738585497
UNION PACIFIC,UNITED TECHNOLOGIES,4,0.0017905102954341987
UNION PACIFIC,USAA,1,0.0004476275738585497
UNION PACIFIC,VALERO ENERGY,1,0.0004476275738585497
UNION PACIFIC,VERIZON,1,0.0004476275738585497
UNION PACIFIC,WALMART,1,0.0004476275738585497
UNION PACIFIC,WESTROCK,1,0.0004476275738585497
UNION PACIFIC,XCEL ENERGY,6,0.0026857654431512983
UNITED AIRLINES HOLDINGS,UNITED TECHNOLOGIES,4,0.0017905102954341987
UNITED AIRLINES HOLDINGS,USAA,1,0.0004476275738585497
UNITED AIRLINES HOLDINGS,VERIZON,1,0.0004476275738585497
UNITED AIRLINES HOLDINGS,WEYERHAEUSER,1,0.0004476275738585497
UNITED AIRLINES HOLDINGS,XCEL ENERGY,1,0.0004476275738585497
UNITED AIRLINES HOLDINGS,YUM BRANDS,3,0.0013428827215756492
UNITED TECHNOLOGIES,USAA,2,0.0008952551477170994
UNITED TECHNOLOGIES,VERIZON,1,0.0004476275738585497
UNITED TECHNOLOGIES,WALMART,1,0.0004476275738585497
UNITED TECHNOLOGIES,WESTROCK,1,0.0004476275738585497
UNITED TECHNOLOGIES,WHIRLPOOL,1,0.0004476275738585497
UNITED TECHNOLOGIES,XCEL ENERGY,4,0.0017905102954341987
UNITED TECHNOLOGIES,XEROX,1,0.0004476275738585497
USAA,W.R. BERKLEY,1,0.0004476275738585497
USAA,XCEL ENERGY,2,0.0008952551477170994
USAA,XEROX,1,0.0004476275738585497
VERIZON,WALT DISNEY,1,0.0004476275738585497
VERIZON,WINDSTREAM HOLDINGS,7,0.003133393017009848
VERIZON,XCEL ENERGY,2,0.0008952551477170994
VERIZON,YUM BRANDS,2,0.0008952551477170994
VF,WEYERHAEUSER,2,0.0008952551477170994
VF,XCEL ENERGY,2,0.0008952551477170994
W.R. BERKLEY,WESCO INTERNATIONAL,1,0.0004476275738585497
W.R. BERKLEY,WESTERN UNION,1,0.0004476275738585497
WALGREENS BOOTS ALLIANCE,WALMART,3,0.0013428827215756492
WALGREENS BOOTS ALLIANCE,XCEL ENERGY,2,0.0008952551477170994
WALMART,WALT DISNEY,2,0.0008952551477170994
WASTE MANAGEMENT,WESTROCK,1,0.0004476275738585497
WEC ENERGY GROUP,WHIRLPOOL,1,0.0004476275738585497
WEC ENERGY GROUP,XCEL ENERGY,2,0.0008952551477170994
WELLS FARGO,WESTERN UNION,2,0.0008952551477170994
WELLS FARGO,XCEL ENERGY,1,0.0004476275738585497
WESCO INTERNATIONAL,WESTERN UNION,1,0.0004476275738585497
WESTROCK,WHIRLPOOL,1,0.0004476275738585497
WESTROCK,XCEL ENERGY,2,0.0008952551477170994
WHIRLPOOL,XCEL ENERGY,1,0.0004476275738585497
