transition,q_from,q_to,spearman_rho,pvalue,shared_firms
Q1→Q2,1,2,0.5701971478139749,1.0687685180177857e-15,166
Q2→Q3,2,3,0.7117707708438676,1.1722110820344653e-30,190
Q3→Q4,3,4,0.6215971263552408,1.4868823490933747e-22,198
Q4→Q5,4,5,0.5193634350058259,2.6180505040181895e-14,187
Q5→Q6,5,6,0.5873929178983286,1.5173158105721483e-18,185
Q6→Q7,6,7,0.6323557076408356,1.0258049299173212e-21,182
Q7→Q8,7,8,0.6694980752451318,4.583489446149756e-26,190
